Year,Series,Territorio histórico,Comarca,Municipio,Units,GeoCode,Progress,Value
2019,Gasto liquidado por la administración autonómica en relación al gasto presupuestado,,,,%,,102.16,102.16
2020,Gasto liquidado por la administración autonómica en relación al gasto presupuestado,,,,%,,100.05,100.05
2017,Gasto liquidado por la administración autonómica en relación al gasto presupuestado,,,,%,,102.13,97.87
2022,Gasto liquidado por la administración autonómica en relación al gasto presupuestado,,,,%,,104.68,104.68
2021,Gasto liquidado por la administración autonómica en relación al gasto presupuestado,,,,%,,102.22,102.22
2018,Gasto liquidado por la administración autonómica en relación al gasto presupuestado,,,,%,,101.47,98.53
2023,Gasto liquidado por la administración autonómica en relación al gasto presupuestado,,,,%,,101.1,101.1
2016,Gasto liquidado por la administración autonómica en relación al gasto presupuestado,,,,%,,105.2,94.8
2023,Gasto liquidado de las administraciones locales en proporción al presupuesto aprobado originalmente,,,,%,,103.31,103.31
2010,Gasto liquidado de las administraciones locales en proporción al presupuesto aprobado originalmente,,,,%,,110.23,110.23
2016,Gasto liquidado de las administraciones locales en proporción al presupuesto aprobado originalmente,,,,%,,102.63,97.37
2021,Gasto liquidado de las administraciones locales en proporción al presupuesto aprobado originalmente,,,,%,,100.78,99.22
2017,Gasto liquidado de las administraciones locales en proporción al presupuesto aprobado originalmente,,,,%,,103.22,96.78
2011,Gasto liquidado de las administraciones locales en proporción al presupuesto aprobado originalmente,,,,%,,100.45,100.45
2020,Gasto liquidado de las administraciones locales en proporción al presupuesto aprobado originalmente,,,,%,,106.16,93.84
2014,Gasto liquidado de las administraciones locales en proporción al presupuesto aprobado originalmente,,,,%,,101.53,98.47
2022,Gasto liquidado de las administraciones locales en proporción al presupuesto aprobado originalmente,,,,%,,100.26,100.26
2019,Gasto liquidado de las administraciones locales en proporción al presupuesto aprobado originalmente,,,,%,,100.27,100.27
2015,Gasto liquidado de las administraciones locales en proporción al presupuesto aprobado originalmente,,,,%,,101.95,98.05
2013,Gasto liquidado de las administraciones locales en proporción al presupuesto aprobado originalmente,,,,%,,100.2,100.2
2012,Gasto liquidado de las administraciones locales en proporción al presupuesto aprobado originalmente,,,,%,,106.97,93.03
2018,Gasto liquidado de las administraciones locales en proporción al presupuesto aprobado originalmente,,,,%,,102.83,97.17
2015,Gasto liquidado de las administraciones locales en proporción al presupuesto aprobado originalmente,,,Abadiño,%,Abadiño,104.17,95.83
2010,Gasto liquidado de las administraciones locales en proporción al presupuesto aprobado originalmente,,,Abadiño,%,Abadiño,105.91,94.09
2013,Gasto liquidado de las administraciones locales en proporción al presupuesto aprobado originalmente,,,Abadiño,%,Abadiño,106.02,93.98
2021,Gasto liquidado de las administraciones locales en proporción al presupuesto aprobado originalmente,,,Abadiño,%,Abadiño,106.72,93.28
2018,Gasto liquidado de las administraciones locales en proporción al presupuesto aprobado originalmente,,,Abadiño,%,Abadiño,102.23,97.77
2016,Gasto liquidado de las administraciones locales en proporción al presupuesto aprobado originalmente,,,Abadiño,%,Abadiño,101.05,98.95
2014,Gasto liquidado de las administraciones locales en proporción al presupuesto aprobado originalmente,,,Abadiño,%,Abadiño,112.36,112.36
2023,Gasto liquidado de las administraciones locales en proporción al presupuesto aprobado originalmente,,,Abadiño,%,Abadiño,109.33,109.33
2019,Gasto liquidado de las administraciones locales en proporción al presupuesto aprobado originalmente,,,Abadiño,%,Abadiño,107.01,107.01
2020,Gasto liquidado de las administraciones locales en proporción al presupuesto aprobado originalmente,,,Abadiño,%,Abadiño,116.89,83.11
2011,Gasto liquidado de las administraciones locales en proporción al presupuesto aprobado originalmente,,,Abadiño,%,Abadiño,103.15,103.15
2017,Gasto liquidado de las administraciones locales en proporción al presupuesto aprobado originalmente,,,Abadiño,%,Abadiño,105.23,94.77
2022,Gasto liquidado de las administraciones locales en proporción al presupuesto aprobado originalmente,,,Abadiño,%,Abadiño,120.7,120.7
2012,Gasto liquidado de las administraciones locales en proporción al presupuesto aprobado originalmente,,,Abadiño,%,Abadiño,107.87,92.13
2014,Gasto liquidado de las administraciones locales en proporción al presupuesto aprobado originalmente,,,Abaltzisketa,%,Abaltzisketa,116.37,116.37
2022,Gasto liquidado de las administraciones locales en proporción al presupuesto aprobado originalmente,,,Abaltzisketa,%,Abaltzisketa,100.95,100.95
2018,Gasto liquidado de las administraciones locales en proporción al presupuesto aprobado originalmente,,,Abaltzisketa,%,Abaltzisketa,148.95,148.95
2023,Gasto liquidado de las administraciones locales en proporción al presupuesto aprobado originalmente,,,Abaltzisketa,%,Abaltzisketa,100.88,99.12
2021,Gasto liquidado de las administraciones locales en proporción al presupuesto aprobado originalmente,,,Abaltzisketa,%,Abaltzisketa,106.61,106.61
2012,Gasto liquidado de las administraciones locales en proporción al presupuesto aprobado originalmente,,,Abaltzisketa,%,Abaltzisketa,127.06,72.94
2015,Gasto liquidado de las administraciones locales en proporción al presupuesto aprobado originalmente,,,Abaltzisketa,%,Abaltzisketa,120.05,120.05
2019,Gasto liquidado de las administraciones locales en proporción al presupuesto aprobado originalmente,,,Abaltzisketa,%,Abaltzisketa,102.68,102.68
2010,Gasto liquidado de las administraciones locales en proporción al presupuesto aprobado originalmente,,,Abaltzisketa,%,Abaltzisketa,121.42,78.58
2013,Gasto liquidado de las administraciones locales en proporción al presupuesto aprobado originalmente,,,Abaltzisketa,%,Abaltzisketa,168.2,168.2
2016,Gasto liquidado de las administraciones locales en proporción al presupuesto aprobado originalmente,,,Abaltzisketa,%,Abaltzisketa,112.42,112.42
2020,Gasto liquidado de las administraciones locales en proporción al presupuesto aprobado originalmente,,,Abaltzisketa,%,Abaltzisketa,145.46,145.46
2011,Gasto liquidado de las administraciones locales en proporción al presupuesto aprobado originalmente,,,Abaltzisketa,%,Abaltzisketa,102.17,97.83
2017,Gasto liquidado de las administraciones locales en proporción al presupuesto aprobado originalmente,,,Abaltzisketa,%,Abaltzisketa,112.42,87.58
2021,Gasto liquidado de las administraciones locales en proporción al presupuesto aprobado originalmente,,,Abanto y Ciérvana-Abanto Zierbena,%,Abanto y Ciérvana-Abanto Zierbena,107.47,92.53
2012,Gasto liquidado de las administraciones locales en proporción al presupuesto aprobado originalmente,,,Abanto y Ciérvana-Abanto Zierbena,%,Abanto y Ciérvana-Abanto Zierbena,102.45,97.55
2015,Gasto liquidado de las administraciones locales en proporción al presupuesto aprobado originalmente,,,Abanto y Ciérvana-Abanto Zierbena,%,Abanto y Ciérvana-Abanto Zierbena,110.54,110.54
2010,Gasto liquidado de las administraciones locales en proporción al presupuesto aprobado originalmente,,,Abanto y Ciérvana-Abanto Zierbena,%,Abanto y Ciérvana-Abanto Zierbena,105.57,94.43
2022,Gasto liquidado de las administraciones locales en proporción al presupuesto aprobado originalmente,,,Abanto y Ciérvana-Abanto Zierbena,%,Abanto y Ciérvana-Abanto Zierbena,101.44,101.44
2023,Gasto liquidado de las administraciones locales en proporción al presupuesto aprobado originalmente,,,Abanto y Ciérvana-Abanto Zierbena,%,Abanto y Ciérvana-Abanto Zierbena,103.44,96.56
2014,Gasto liquidado de las administraciones locales en proporción al presupuesto aprobado originalmente,,,Abanto y Ciérvana-Abanto Zierbena,%,Abanto y Ciérvana-Abanto Zierbena,104.67,95.33
2011,Gasto liquidado de las administraciones locales en proporción al presupuesto aprobado originalmente,,,Abanto y Ciérvana-Abanto Zierbena,%,Abanto y Ciérvana-Abanto Zierbena,105.97,105.97
2019,Gasto liquidado de las administraciones locales en proporción al presupuesto aprobado originalmente,,,Abanto y Ciérvana-Abanto Zierbena,%,Abanto y Ciérvana-Abanto Zierbena,100.5,100.5
2018,Gasto liquidado de las administraciones locales en proporción al presupuesto aprobado originalmente,,,Abanto y Ciérvana-Abanto Zierbena,%,Abanto y Ciérvana-Abanto Zierbena,100.15,100.15
2013,Gasto liquidado de las administraciones locales en proporción al presupuesto aprobado originalmente,,,Abanto y Ciérvana-Abanto Zierbena,%,Abanto y Ciérvana-Abanto Zierbena,104.61,95.39
2017,Gasto liquidado de las administraciones locales en proporción al presupuesto aprobado originalmente,,,Abanto y Ciérvana-Abanto Zierbena,%,Abanto y Ciérvana-Abanto Zierbena,101.34,101.34
2016,Gasto liquidado de las administraciones locales en proporción al presupuesto aprobado originalmente,,,Abanto y Ciérvana-Abanto Zierbena,%,Abanto y Ciérvana-Abanto Zierbena,101.47,101.47
2020,Gasto liquidado de las administraciones locales en proporción al presupuesto aprobado originalmente,,,Abanto y Ciérvana-Abanto Zierbena,%,Abanto y Ciérvana-Abanto Zierbena,109.47,90.53
2023,Gasto liquidado de las administraciones locales en proporción al presupuesto aprobado originalmente,,,Aduna,%,Aduna,135.47,64.53
2011,Gasto liquidado de las administraciones locales en proporción al presupuesto aprobado originalmente,,,Aduna,%,Aduna,131.54000000000002,68.46
2010,Gasto liquidado de las administraciones locales en proporción al presupuesto aprobado originalmente,,,Aduna,%,Aduna,109.26,90.74
2016,Gasto liquidado de las administraciones locales en proporción al presupuesto aprobado originalmente,,,Aduna,%,Aduna,125.19,125.19
2022,Gasto liquidado de las administraciones locales en proporción al presupuesto aprobado originalmente,,,Aduna,%,Aduna,116.66,116.66
2017,Gasto liquidado de las administraciones locales en proporción al presupuesto aprobado originalmente,,,Aduna,%,Aduna,111.6,88.4
2019,Gasto liquidado de las administraciones locales en proporción al presupuesto aprobado originalmente,,,Aduna,%,Aduna,147.22,147.22
2015,Gasto liquidado de las administraciones locales en proporción al presupuesto aprobado originalmente,,,Aduna,%,Aduna,108.92,108.92
2014,Gasto liquidado de las administraciones locales en proporción al presupuesto aprobado originalmente,,,Aduna,%,Aduna,110.44,89.56
2013,Gasto liquidado de las administraciones locales en proporción al presupuesto aprobado originalmente,,,Aduna,%,Aduna,138.57999999999998,61.42
2020,Gasto liquidado de las administraciones locales en proporción al presupuesto aprobado originalmente,,,Aduna,%,Aduna,110.8,89.2
2018,Gasto liquidado de las administraciones locales en proporción al presupuesto aprobado originalmente,,,Aduna,%,Aduna,118.4,118.4
2012,Gasto liquidado de las administraciones locales en proporción al presupuesto aprobado originalmente,,,Aduna,%,Aduna,146.02,53.98
2021,Gasto liquidado de las administraciones locales en proporción al presupuesto aprobado originalmente,,,Aduna,%,Aduna,122.09,77.91
2021,Gasto liquidado de las administraciones locales en proporción al presupuesto aprobado originalmente,,,Agurain/Salvatierra,%,Agurain/Salvatierra,123.25,76.75
2013,Gasto liquidado de las administraciones locales en proporción al presupuesto aprobado originalmente,,,Agurain/Salvatierra,%,Agurain/Salvatierra,107.77,92.23
2012,Gasto liquidado de las administraciones locales en proporción al presupuesto aprobado originalmente,,,Agurain/Salvatierra,%,Agurain/Salvatierra,111.93,88.07
2011,Gasto liquidado de las administraciones locales en proporción al presupuesto aprobado originalmente,,,Agurain/Salvatierra,%,Agurain/Salvatierra,117.25,82.75
2022,Gasto liquidado de las administraciones locales en proporción al presupuesto aprobado originalmente,,,Agurain/Salvatierra,%,Agurain/Salvatierra,102.34,97.66
2015,Gasto liquidado de las administraciones locales en proporción al presupuesto aprobado originalmente,,,Agurain/Salvatierra,%,Agurain/Salvatierra,120.69,79.31
2014,Gasto liquidado de las administraciones locales en proporción al presupuesto aprobado originalmente,,,Agurain/Salvatierra,%,Agurain/Salvatierra,115.5,84.5
2010,Gasto liquidado de las administraciones locales en proporción al presupuesto aprobado originalmente,,,Agurain/Salvatierra,%,Agurain/Salvatierra,123.18,76.82
2019,Gasto liquidado de las administraciones locales en proporción al presupuesto aprobado originalmente,,,Agurain/Salvatierra,%,Agurain/Salvatierra,109.09,90.91
2017,Gasto liquidado de las administraciones locales en proporción al presupuesto aprobado originalmente,,,Agurain/Salvatierra,%,Agurain/Salvatierra,117.48,82.52
2016,Gasto liquidado de las administraciones locales en proporción al presupuesto aprobado originalmente,,,Agurain/Salvatierra,%,Agurain/Salvatierra,122.98,77.02
2020,Gasto liquidado de las administraciones locales en proporción al presupuesto aprobado originalmente,,,Agurain/Salvatierra,%,Agurain/Salvatierra,130.64,69.36
2018,Gasto liquidado de las administraciones locales en proporción al presupuesto aprobado originalmente,,,Agurain/Salvatierra,%,Agurain/Salvatierra,106.98,93.02
2023,Gasto liquidado de las administraciones locales en proporción al presupuesto aprobado originalmente,,,Agurain/Salvatierra,%,Agurain/Salvatierra,108.64,91.36
2020,Gasto liquidado de las administraciones locales en proporción al presupuesto aprobado originalmente,,,Aia,%,Aia,117.81,117.81
2022,Gasto liquidado de las administraciones locales en proporción al presupuesto aprobado originalmente,,,Aia,%,Aia,110.48,110.48
2010,Gasto liquidado de las administraciones locales en proporción al presupuesto aprobado originalmente,,,Aia,%,Aia,102.27,102.27
2021,Gasto liquidado de las administraciones locales en proporción al presupuesto aprobado originalmente,,,Aia,%,Aia,112.07,87.93
2015,Gasto liquidado de las administraciones locales en proporción al presupuesto aprobado originalmente,,,Aia,%,Aia,128.16,71.84
2018,Gasto liquidado de las administraciones locales en proporción al presupuesto aprobado originalmente,,,Aia,%,Aia,109.51,109.51
2016,Gasto liquidado de las administraciones locales en proporción al presupuesto aprobado originalmente,,,Aia,%,Aia,131.32,131.32
2014,Gasto liquidado de las administraciones locales en proporción al presupuesto aprobado originalmente,,,Aia,%,Aia,127.0,73.0
2012,Gasto liquidado de las administraciones locales en proporción al presupuesto aprobado originalmente,,,Aia,%,Aia,134.76,65.24
2023,Gasto liquidado de las administraciones locales en proporción al presupuesto aprobado originalmente,,,Aia,%,Aia,105.32,105.32
2019,Gasto liquidado de las administraciones locales en proporción al presupuesto aprobado originalmente,,,Aia,%,Aia,112.25,87.75
2011,Gasto liquidado de las administraciones locales en proporción al presupuesto aprobado originalmente,,,Aia,%,Aia,121.53,78.47
2013,Gasto liquidado de las administraciones locales en proporción al presupuesto aprobado originalmente,,,Aia,%,Aia,109.37,90.63
2017,Gasto liquidado de las administraciones locales en proporción al presupuesto aprobado originalmente,,,Aia,%,Aia,116.2,83.8
2023,Gasto liquidado de las administraciones locales en proporción al presupuesto aprobado originalmente,,,Aizarnazabal,%,Aizarnazabal,103.63,103.63
2014,Gasto liquidado de las administraciones locales en proporción al presupuesto aprobado originalmente,,,Aizarnazabal,%,Aizarnazabal,102.83,102.83
2012,Gasto liquidado de las administraciones locales en proporción al presupuesto aprobado originalmente,,,Aizarnazabal,%,Aizarnazabal,108.54,108.54
2021,Gasto liquidado de las administraciones locales en proporción al presupuesto aprobado originalmente,,,Aizarnazabal,%,Aizarnazabal,104.32,95.68
2010,Gasto liquidado de las administraciones locales en proporción al presupuesto aprobado originalmente,,,Aizarnazabal,%,Aizarnazabal,109.67,90.33
2019,Gasto liquidado de las administraciones locales en proporción al presupuesto aprobado originalmente,,,Aizarnazabal,%,Aizarnazabal,117.46,82.54
2015,Gasto liquidado de las administraciones locales en proporción al presupuesto aprobado originalmente,,,Aizarnazabal,%,Aizarnazabal,101.43,98.57
2018,Gasto liquidado de las administraciones locales en proporción al presupuesto aprobado originalmente,,,Aizarnazabal,%,Aizarnazabal,119.76,80.24
2016,Gasto liquidado de las administraciones locales en proporción al presupuesto aprobado originalmente,,,Aizarnazabal,%,Aizarnazabal,114.23,85.77
2020,Gasto liquidado de las administraciones locales en proporción al presupuesto aprobado originalmente,,,Aizarnazabal,%,Aizarnazabal,112.07,87.93
2011,Gasto liquidado de las administraciones locales en proporción al presupuesto aprobado originalmente,,,Aizarnazabal,%,Aizarnazabal,105.09,94.91
2013,Gasto liquidado de las administraciones locales en proporción al presupuesto aprobado originalmente,,,Aizarnazabal,%,Aizarnazabal,108.27,91.73
2022,Gasto liquidado de las administraciones locales en proporción al presupuesto aprobado originalmente,,,Aizarnazabal,%,Aizarnazabal,114.04,85.96
2017,Gasto liquidado de las administraciones locales en proporción al presupuesto aprobado originalmente,,,Aizarnazabal,%,Aizarnazabal,127.87,72.13
2018,Gasto liquidado de las administraciones locales en proporción al presupuesto aprobado originalmente,,,Ajangiz,%,Ajangiz,121.79,121.79
2022,Gasto liquidado de las administraciones locales en proporción al presupuesto aprobado originalmente,,,Ajangiz,%,Ajangiz,110.21,110.21
2021,Gasto liquidado de las administraciones locales en proporción al presupuesto aprobado originalmente,,,Ajangiz,%,Ajangiz,112.08,112.08
2014,Gasto liquidado de las administraciones locales en proporción al presupuesto aprobado originalmente,,,Ajangiz,%,Ajangiz,122.79,122.79
2019,Gasto liquidado de las administraciones locales en proporción al presupuesto aprobado originalmente,,,Ajangiz,%,Ajangiz,120.34,79.66
2016,Gasto liquidado de las administraciones locales en proporción al presupuesto aprobado originalmente,,,Ajangiz,%,Ajangiz,121.62,121.62
2011,Gasto liquidado de las administraciones locales en proporción al presupuesto aprobado originalmente,,,Ajangiz,%,Ajangiz,117.34,117.34
2013,Gasto liquidado de las administraciones locales en proporción al presupuesto aprobado originalmente,,,Ajangiz,%,Ajangiz,116.53,83.47
2020,Gasto liquidado de las administraciones locales en proporción al presupuesto aprobado originalmente,,,Ajangiz,%,Ajangiz,119.39,80.61
2010,Gasto liquidado de las administraciones locales en proporción al presupuesto aprobado originalmente,,,Ajangiz,%,Ajangiz,122.58,77.42
2017,Gasto liquidado de las administraciones locales en proporción al presupuesto aprobado originalmente,,,Ajangiz,%,Ajangiz,117.8,82.2
2015,Gasto liquidado de las administraciones locales en proporción al presupuesto aprobado originalmente,,,Ajangiz,%,Ajangiz,117.83,117.83
2023,Gasto liquidado de las administraciones locales en proporción al presupuesto aprobado originalmente,,,Ajangiz,%,Ajangiz,102.26,102.26
2012,Gasto liquidado de las administraciones locales en proporción al presupuesto aprobado originalmente,,,Ajangiz,%,Ajangiz,114.98,85.02
2011,Gasto liquidado de las administraciones locales en proporción al presupuesto aprobado originalmente,,,Albiztur,%,Albiztur,119.62,119.62
2014,Gasto liquidado de las administraciones locales en proporción al presupuesto aprobado originalmente,,,Albiztur,%,Albiztur,108.96,91.04
2017,Gasto liquidado de las administraciones locales en proporción al presupuesto aprobado originalmente,,,Albiztur,%,Albiztur,124.91,124.91
2015,Gasto liquidado de las administraciones locales en proporción al presupuesto aprobado originalmente,,,Albiztur,%,Albiztur,170.86,170.86
2012,Gasto liquidado de las administraciones locales en proporción al presupuesto aprobado originalmente,,,Albiztur,%,Albiztur,107.1,107.1
2013,Gasto liquidado de las administraciones locales en proporción al presupuesto aprobado originalmente,,,Albiztur,%,Albiztur,111.91,111.91
2020,Gasto liquidado de las administraciones locales en proporción al presupuesto aprobado originalmente,,,Albiztur,%,Albiztur,100.68,100.68
2021,Gasto liquidado de las administraciones locales en proporción al presupuesto aprobado originalmente,,,Albiztur,%,Albiztur,111.86,111.86
2022,Gasto liquidado de las administraciones locales en proporción al presupuesto aprobado originalmente,,,Albiztur,%,Albiztur,136.39,136.39
2016,Gasto liquidado de las administraciones locales en proporción al presupuesto aprobado originalmente,,,Albiztur,%,Albiztur,105.15,105.15
2019,Gasto liquidado de las administraciones locales en proporción al presupuesto aprobado originalmente,,,Albiztur,%,Albiztur,111.27,111.27
2010,Gasto liquidado de las administraciones locales en proporción al presupuesto aprobado originalmente,,,Albiztur,%,Albiztur,141.27,141.27
2018,Gasto liquidado de las administraciones locales en proporción al presupuesto aprobado originalmente,,,Albiztur,%,Albiztur,109.42,109.42
2023,Gasto liquidado de las administraciones locales en proporción al presupuesto aprobado originalmente,,,Albiztur,%,Albiztur,116.37,83.63
2018,Gasto liquidado de las administraciones locales en proporción al presupuesto aprobado originalmente,,,Alegia,%,Alegia,125.06,125.06
2021,Gasto liquidado de las administraciones locales en proporción al presupuesto aprobado originalmente,,,Alegia,%,Alegia,114.77,114.77
2014,Gasto liquidado de las administraciones locales en proporción al presupuesto aprobado originalmente,,,Alegia,%,Alegia,105.17,105.17
2010,Gasto liquidado de las administraciones locales en proporción al presupuesto aprobado originalmente,,,Alegia,%,Alegia,104.11,95.89
2016,Gasto liquidado de las administraciones locales en proporción al presupuesto aprobado originalmente,,,Alegia,%,Alegia,104.4,95.6
2013,Gasto liquidado de las administraciones locales en proporción al presupuesto aprobado originalmente,,,Alegia,%,Alegia,103.7,103.7
2012,Gasto liquidado de las administraciones locales en proporción al presupuesto aprobado originalmente,,,Alegia,%,Alegia,106.01,93.99
2019,Gasto liquidado de las administraciones locales en proporción al presupuesto aprobado originalmente,,,Alegia,%,Alegia,105.87,94.13
2017,Gasto liquidado de las administraciones locales en proporción al presupuesto aprobado originalmente,,,Alegia,%,Alegia,127.18,127.18
2015,Gasto liquidado de las administraciones locales en proporción al presupuesto aprobado originalmente,,,Alegia,%,Alegia,113.51,113.51
2011,Gasto liquidado de las administraciones locales en proporción al presupuesto aprobado originalmente,,,Alegia,%,Alegia,100.82,99.18
2023,Gasto liquidado de las administraciones locales en proporción al presupuesto aprobado originalmente,,,Alegia,%,Alegia,111.21,88.79
2022,Gasto liquidado de las administraciones locales en proporción al presupuesto aprobado originalmente,,,Alegia,%,Alegia,105.12,94.88
2020,Gasto liquidado de las administraciones locales en proporción al presupuesto aprobado originalmente,,,Alegia,%,Alegia,115.2,84.8
2013,Gasto liquidado de las administraciones locales en proporción al presupuesto aprobado originalmente,,,Alegría-Dulantzi,%,Alegría-Dulantzi,120.08,79.92
2017,Gasto liquidado de las administraciones locales en proporción al presupuesto aprobado originalmente,,,Alegría-Dulantzi,%,Alegría-Dulantzi,127.47,72.53
2019,Gasto liquidado de las administraciones locales en proporción al presupuesto aprobado originalmente,,,Alegría-Dulantzi,%,Alegría-Dulantzi,113.56,86.44
2012,Gasto liquidado de las administraciones locales en proporción al presupuesto aprobado originalmente,,,Alegría-Dulantzi,%,Alegría-Dulantzi,114.06,85.94
2023,Gasto liquidado de las administraciones locales en proporción al presupuesto aprobado originalmente,,,Alegría-Dulantzi,%,Alegría-Dulantzi,118.03,81.97
2021,Gasto liquidado de las administraciones locales en proporción al presupuesto aprobado originalmente,,,Alegría-Dulantzi,%,Alegría-Dulantzi,147.91,52.09
2018,Gasto liquidado de las administraciones locales en proporción al presupuesto aprobado originalmente,,,Alegría-Dulantzi,%,Alegría-Dulantzi,105.87,105.87
2016,Gasto liquidado de las administraciones locales en proporción al presupuesto aprobado originalmente,,,Alegría-Dulantzi,%,Alegría-Dulantzi,106.61,93.39
2011,Gasto liquidado de las administraciones locales en proporción al presupuesto aprobado originalmente,,,Alegría-Dulantzi,%,Alegría-Dulantzi,115.68,84.32
2015,Gasto liquidado de las administraciones locales en proporción al presupuesto aprobado originalmente,,,Alegría-Dulantzi,%,Alegría-Dulantzi,103.17,103.17
2010,Gasto liquidado de las administraciones locales en proporción al presupuesto aprobado originalmente,,,Alegría-Dulantzi,%,Alegría-Dulantzi,111.59,111.59
2020,Gasto liquidado de las administraciones locales en proporción al presupuesto aprobado originalmente,,,Alegría-Dulantzi,%,Alegría-Dulantzi,108.14,91.86
2022,Gasto liquidado de las administraciones locales en proporción al presupuesto aprobado originalmente,,,Alegría-Dulantzi,%,Alegría-Dulantzi,145.22,54.78
2014,Gasto liquidado de las administraciones locales en proporción al presupuesto aprobado originalmente,,,Alegría-Dulantzi,%,Alegría-Dulantzi,116.98,83.02
2022,Gasto liquidado de las administraciones locales en proporción al presupuesto aprobado originalmente,,,Alkiza,%,Alkiza,120.56,79.44
2021,Gasto liquidado de las administraciones locales en proporción al presupuesto aprobado originalmente,,,Alkiza,%,Alkiza,101.3,101.3
2023,Gasto liquidado de las administraciones locales en proporción al presupuesto aprobado originalmente,,,Alkiza,%,Alkiza,119.12,119.12
2012,Gasto liquidado de las administraciones locales en proporción al presupuesto aprobado originalmente,,,Alkiza,%,Alkiza,122.04,77.96
2014,Gasto liquidado de las administraciones locales en proporción al presupuesto aprobado originalmente,,,Alkiza,%,Alkiza,102.07,97.93
2019,Gasto liquidado de las administraciones locales en proporción al presupuesto aprobado originalmente,,,Alkiza,%,Alkiza,120.41,79.59
2010,Gasto liquidado de las administraciones locales en proporción al presupuesto aprobado originalmente,,,Alkiza,%,Alkiza,102.1,97.9
2015,Gasto liquidado de las administraciones locales en proporción al presupuesto aprobado originalmente,,,Alkiza,%,Alkiza,102.28,97.72
2018,Gasto liquidado de las administraciones locales en proporción al presupuesto aprobado originalmente,,,Alkiza,%,Alkiza,101.96,101.96
2016,Gasto liquidado de las administraciones locales en proporción al presupuesto aprobado originalmente,,,Alkiza,%,Alkiza,112.05,112.05
2017,Gasto liquidado de las administraciones locales en proporción al presupuesto aprobado originalmente,,,Alkiza,%,Alkiza,105.56,94.44
2011,Gasto liquidado de las administraciones locales en proporción al presupuesto aprobado originalmente,,,Alkiza,%,Alkiza,109.99,90.01
2020,Gasto liquidado de las administraciones locales en proporción al presupuesto aprobado originalmente,,,Alkiza,%,Alkiza,101.57,101.57
2013,Gasto liquidado de las administraciones locales en proporción al presupuesto aprobado originalmente,,,Alkiza,%,Alkiza,105.94,94.06
2019,Gasto liquidado de las administraciones locales en proporción al presupuesto aprobado originalmente,,,Alonsotegi,%,Alonsotegi,102.71,97.29
2023,Gasto liquidado de las administraciones locales en proporción al presupuesto aprobado originalmente,,,Alonsotegi,%,Alonsotegi,115.66,115.66
2014,Gasto liquidado de las administraciones locales en proporción al presupuesto aprobado originalmente,,,Alonsotegi,%,Alonsotegi,104.54,104.54
2011,Gasto liquidado de las administraciones locales en proporción al presupuesto aprobado originalmente,,,Alonsotegi,%,Alonsotegi,117.26,82.74
2013,Gasto liquidado de las administraciones locales en proporción al presupuesto aprobado originalmente,,,Alonsotegi,%,Alonsotegi,103.16,103.16
2012,Gasto liquidado de las administraciones locales en proporción al presupuesto aprobado originalmente,,,Alonsotegi,%,Alonsotegi,111.24,111.24
2020,Gasto liquidado de las administraciones locales en proporción al presupuesto aprobado originalmente,,,Alonsotegi,%,Alonsotegi,103.49,103.49
2010,Gasto liquidado de las administraciones locales en proporción al presupuesto aprobado originalmente,,,Alonsotegi,%,Alonsotegi,103.28,103.28
2016,Gasto liquidado de las administraciones locales en proporción al presupuesto aprobado originalmente,,,Alonsotegi,%,Alonsotegi,106.37,106.37
2017,Gasto liquidado de las administraciones locales en proporción al presupuesto aprobado originalmente,,,Alonsotegi,%,Alonsotegi,115.21,115.21
2022,Gasto liquidado de las administraciones locales en proporción al presupuesto aprobado originalmente,,,Alonsotegi,%,Alonsotegi,125.08,125.08
2015,Gasto liquidado de las administraciones locales en proporción al presupuesto aprobado originalmente,,,Alonsotegi,%,Alonsotegi,104.92,95.08
2021,Gasto liquidado de las administraciones locales en proporción al presupuesto aprobado originalmente,,,Alonsotegi,%,Alonsotegi,116.02,116.02
2018,Gasto liquidado de las administraciones locales en proporción al presupuesto aprobado originalmente,,,Alonsotegi,%,Alonsotegi,125.82,125.82
2010,Gasto liquidado de las administraciones locales en proporción al presupuesto aprobado originalmente,,,Altzaga,%,Altzaga,102.75,97.25
2016,Gasto liquidado de las administraciones locales en proporción al presupuesto aprobado originalmente,,,Altzaga,%,Altzaga,103.37,103.37
2020,Gasto liquidado de las administraciones locales en proporción al presupuesto aprobado originalmente,,,Altzaga,%,Altzaga,134.72,65.28
2013,Gasto liquidado de las administraciones locales en proporción al presupuesto aprobado originalmente,,,Altzaga,%,Altzaga,120.88,79.12
2021,Gasto liquidado de las administraciones locales en proporción al presupuesto aprobado originalmente,,,Altzaga,%,Altzaga,117.75,117.75
2012,Gasto liquidado de las administraciones locales en proporción al presupuesto aprobado originalmente,,,Altzaga,%,Altzaga,113.79,113.79
2019,Gasto liquidado de las administraciones locales en proporción al presupuesto aprobado originalmente,,,Altzaga,%,Altzaga,113.46,86.54
2022,Gasto liquidado de las administraciones locales en proporción al presupuesto aprobado originalmente,,,Altzaga,%,Altzaga,100.42,100.42
2017,Gasto liquidado de las administraciones locales en proporción al presupuesto aprobado originalmente,,,Altzaga,%,Altzaga,157.72,42.28
2023,Gasto liquidado de las administraciones locales en proporción al presupuesto aprobado originalmente,,,Altzaga,%,Altzaga,128.59,71.41
2018,Gasto liquidado de las administraciones locales en proporción al presupuesto aprobado originalmente,,,Altzaga,%,Altzaga,129.31,129.31
2015,Gasto liquidado de las administraciones locales en proporción al presupuesto aprobado originalmente,,,Altzaga,%,Altzaga,113.51,113.51
2014,Gasto liquidado de las administraciones locales en proporción al presupuesto aprobado originalmente,,,Altzaga,%,Altzaga,101.83,101.83
2011,Gasto liquidado de las administraciones locales en proporción al presupuesto aprobado originalmente,,,Altzaga,%,Altzaga,105.24,105.24
2020,Gasto liquidado de las administraciones locales en proporción al presupuesto aprobado originalmente,,,Altzo,%,Altzo,100.52,99.48
2010,Gasto liquidado de las administraciones locales en proporción al presupuesto aprobado originalmente,,,Altzo,%,Altzo,156.0,156.0
2011,Gasto liquidado de las administraciones locales en proporción al presupuesto aprobado originalmente,,,Altzo,%,Altzo,105.01,94.99
2014,Gasto liquidado de las administraciones locales en proporción al presupuesto aprobado originalmente,,,Altzo,%,Altzo,113.05,86.95
2016,Gasto liquidado de las administraciones locales en proporción al presupuesto aprobado originalmente,,,Altzo,%,Altzo,104.07,95.93
2015,Gasto liquidado de las administraciones locales en proporción al presupuesto aprobado originalmente,,,Altzo,%,Altzo,105.45,105.45
2018,Gasto liquidado de las administraciones locales en proporción al presupuesto aprobado originalmente,,,Altzo,%,Altzo,148.61,148.61
2022,Gasto liquidado de las administraciones locales en proporción al presupuesto aprobado originalmente,,,Altzo,%,Altzo,115.0,115.0
2021,Gasto liquidado de las administraciones locales en proporción al presupuesto aprobado originalmente,,,Altzo,%,Altzo,146.41,146.41
2023,Gasto liquidado de las administraciones locales en proporción al presupuesto aprobado originalmente,,,Altzo,%,Altzo,197.9,197.9
2013,Gasto liquidado de las administraciones locales en proporción al presupuesto aprobado originalmente,,,Altzo,%,Altzo,108.91,91.09
2017,Gasto liquidado de las administraciones locales en proporción al presupuesto aprobado originalmente,,,Altzo,%,Altzo,151.2,151.2
2012,Gasto liquidado de las administraciones locales en proporción al presupuesto aprobado originalmente,,,Altzo,%,Altzo,123.95,123.95
2019,Gasto liquidado de las administraciones locales en proporción al presupuesto aprobado originalmente,,,Altzo,%,Altzo,118.58,118.58
2012,Gasto liquidado de las administraciones locales en proporción al presupuesto aprobado originalmente,,,Amezketa,%,Amezketa,101.91,101.91
2011,Gasto liquidado de las administraciones locales en proporción al presupuesto aprobado originalmente,,,Amezketa,%,Amezketa,145.65,145.65
2013,Gasto liquidado de las administraciones locales en proporción al presupuesto aprobado originalmente,,,Amezketa,%,Amezketa,121.27,121.27
2016,Gasto liquidado de las administraciones locales en proporción al presupuesto aprobado originalmente,,,Amezketa,%,Amezketa,107.34,92.66
2019,Gasto liquidado de las administraciones locales en proporción al presupuesto aprobado originalmente,,,Amezketa,%,Amezketa,109.61,90.39
2014,Gasto liquidado de las administraciones locales en proporción al presupuesto aprobado originalmente,,,Amezketa,%,Amezketa,105.55,105.55
2017,Gasto liquidado de las administraciones locales en proporción al presupuesto aprobado originalmente,,,Amezketa,%,Amezketa,125.35,125.35
2015,Gasto liquidado de las administraciones locales en proporción al presupuesto aprobado originalmente,,,Amezketa,%,Amezketa,115.38,115.38
2020,Gasto liquidado de las administraciones locales en proporción al presupuesto aprobado originalmente,,,Amezketa,%,Amezketa,102.86,102.86
2023,Gasto liquidado de las administraciones locales en proporción al presupuesto aprobado originalmente,,,Amezketa,%,Amezketa,108.72,108.72
2018,Gasto liquidado de las administraciones locales en proporción al presupuesto aprobado originalmente,,,Amezketa,%,Amezketa,114.69,114.69
2021,Gasto liquidado de las administraciones locales en proporción al presupuesto aprobado originalmente,,,Amezketa,%,Amezketa,116.22,116.22
2010,Gasto liquidado de las administraciones locales en proporción al presupuesto aprobado originalmente,,,Amezketa,%,Amezketa,119.5,80.5
2022,Gasto liquidado de las administraciones locales en proporción al presupuesto aprobado originalmente,,,Amezketa,%,Amezketa,115.25,84.75
2017,Gasto liquidado de las administraciones locales en proporción al presupuesto aprobado originalmente,,,Amorebieta-Etxano,%,Amorebieta-Etxano,110.68,89.32
2016,Gasto liquidado de las administraciones locales en proporción al presupuesto aprobado originalmente,,,Amorebieta-Etxano,%,Amorebieta-Etxano,105.19,94.81
2023,Gasto liquidado de las administraciones locales en proporción al presupuesto aprobado originalmente,,,Amorebieta-Etxano,%,Amorebieta-Etxano,103.53,96.47
2019,Gasto liquidado de las administraciones locales en proporción al presupuesto aprobado originalmente,,,Amorebieta-Etxano,%,Amorebieta-Etxano,103.69,96.31
2014,Gasto liquidado de las administraciones locales en proporción al presupuesto aprobado originalmente,,,Amorebieta-Etxano,%,Amorebieta-Etxano,105.44,105.44
2013,Gasto liquidado de las administraciones locales en proporción al presupuesto aprobado originalmente,,,Amorebieta-Etxano,%,Amorebieta-Etxano,106.22,93.78
2011,Gasto liquidado de las administraciones locales en proporción al presupuesto aprobado originalmente,,,Amorebieta-Etxano,%,Amorebieta-Etxano,107.35,92.65
2012,Gasto liquidado de las administraciones locales en proporción al presupuesto aprobado originalmente,,,Amorebieta-Etxano,%,Amorebieta-Etxano,107.34,92.66
2022,Gasto liquidado de las administraciones locales en proporción al presupuesto aprobado originalmente,,,Amorebieta-Etxano,%,Amorebieta-Etxano,101.59,101.59
2021,Gasto liquidado de las administraciones locales en proporción al presupuesto aprobado originalmente,,,Amorebieta-Etxano,%,Amorebieta-Etxano,107.55,92.45
2020,Gasto liquidado de las administraciones locales en proporción al presupuesto aprobado originalmente,,,Amorebieta-Etxano,%,Amorebieta-Etxano,108.96,91.04
2015,Gasto liquidado de las administraciones locales en proporción al presupuesto aprobado originalmente,,,Amorebieta-Etxano,%,Amorebieta-Etxano,108.31,91.69
2010,Gasto liquidado de las administraciones locales en proporción al presupuesto aprobado originalmente,,,Amorebieta-Etxano,%,Amorebieta-Etxano,112.82,112.82
2018,Gasto liquidado de las administraciones locales en proporción al presupuesto aprobado originalmente,,,Amorebieta-Etxano,%,Amorebieta-Etxano,101.06,101.06
2010,Gasto liquidado de las administraciones locales en proporción al presupuesto aprobado originalmente,,,Amoroto,%,Amoroto,111.07,88.93
2016,Gasto liquidado de las administraciones locales en proporción al presupuesto aprobado originalmente,,,Amoroto,%,Amoroto,100.52,99.48
2022,Gasto liquidado de las administraciones locales en proporción al presupuesto aprobado originalmente,,,Amoroto,%,Amoroto,131.47,68.53
2017,Gasto liquidado de las administraciones locales en proporción al presupuesto aprobado originalmente,,,Amoroto,%,Amoroto,104.2,95.8
2023,Gasto liquidado de las administraciones locales en proporción al presupuesto aprobado originalmente,,,Amoroto,%,Amoroto,130.04000000000002,69.96
2021,Gasto liquidado de las administraciones locales en proporción al presupuesto aprobado originalmente,,,Amoroto,%,Amoroto,114.08,85.92
2013,Gasto liquidado de las administraciones locales en proporción al presupuesto aprobado originalmente,,,Amoroto,%,Amoroto,106.77,93.23
2019,Gasto liquidado de las administraciones locales en proporción al presupuesto aprobado originalmente,,,Amoroto,%,Amoroto,124.66,75.34
2014,Gasto liquidado de las administraciones locales en proporción al presupuesto aprobado originalmente,,,Amoroto,%,Amoroto,116.24,83.76
2011,Gasto liquidado de las administraciones locales en proporción al presupuesto aprobado originalmente,,,Amoroto,%,Amoroto,118.12,118.12
2020,Gasto liquidado de las administraciones locales en proporción al presupuesto aprobado originalmente,,,Amoroto,%,Amoroto,106.37,106.37
2015,Gasto liquidado de las administraciones locales en proporción al presupuesto aprobado originalmente,,,Amoroto,%,Amoroto,104.38,95.62
2018,Gasto liquidado de las administraciones locales en proporción al presupuesto aprobado originalmente,,,Amoroto,%,Amoroto,120.47,79.53
2012,Gasto liquidado de las administraciones locales en proporción al presupuesto aprobado originalmente,,,Amoroto,%,Amoroto,102.56,97.44
2012,Gasto liquidado de las administraciones locales en proporción al presupuesto aprobado originalmente,,,Amurrio,%,Amurrio,120.04,79.96
2021,Gasto liquidado de las administraciones locales en proporción al presupuesto aprobado originalmente,,,Amurrio,%,Amurrio,108.59,91.41
2010,Gasto liquidado de las administraciones locales en proporción al presupuesto aprobado originalmente,,,Amurrio,%,Amurrio,118.71,81.29
2023,Gasto liquidado de las administraciones locales en proporción al presupuesto aprobado originalmente,,,Amurrio,%,Amurrio,136.57,63.43
2017,Gasto liquidado de las administraciones locales en proporción al presupuesto aprobado originalmente,,,Amurrio,%,Amurrio,107.6,92.4
2019,Gasto liquidado de las administraciones locales en proporción al presupuesto aprobado originalmente,,,Amurrio,%,Amurrio,122.45,77.55
2020,Gasto liquidado de las administraciones locales en proporción al presupuesto aprobado originalmente,,,Amurrio,%,Amurrio,121.38,78.62
2022,Gasto liquidado de las administraciones locales en proporción al presupuesto aprobado originalmente,,,Amurrio,%,Amurrio,115.52,84.48
2015,Gasto liquidado de las administraciones locales en proporción al presupuesto aprobado originalmente,,,Amurrio,%,Amurrio,111.33,88.67
2016,Gasto liquidado de las administraciones locales en proporción al presupuesto aprobado originalmente,,,Amurrio,%,Amurrio,114.68,85.32
2013,Gasto liquidado de las administraciones locales en proporción al presupuesto aprobado originalmente,,,Amurrio,%,Amurrio,116.67,83.33
2011,Gasto liquidado de las administraciones locales en proporción al presupuesto aprobado originalmente,,,Amurrio,%,Amurrio,121.84,78.16
2014,Gasto liquidado de las administraciones locales en proporción al presupuesto aprobado originalmente,,,Amurrio,%,Amurrio,112.92,87.08
2018,Gasto liquidado de las administraciones locales en proporción al presupuesto aprobado originalmente,,,Amurrio,%,Amurrio,118.07,81.93
2011,Gasto liquidado de las administraciones locales en proporción al presupuesto aprobado originalmente,,,Andoain,%,Andoain,104.37,104.37
2016,Gasto liquidado de las administraciones locales en proporción al presupuesto aprobado originalmente,,,Andoain,%,Andoain,101.6,101.6
2013,Gasto liquidado de las administraciones locales en proporción al presupuesto aprobado originalmente,,,Andoain,%,Andoain,101.85,98.15
2020,Gasto liquidado de las administraciones locales en proporción al presupuesto aprobado originalmente,,,Andoain,%,Andoain,115.18,84.82
2017,Gasto liquidado de las administraciones locales en proporción al presupuesto aprobado originalmente,,,Andoain,%,Andoain,103.82,96.18
2010,Gasto liquidado de las administraciones locales en proporción al presupuesto aprobado originalmente,,,Andoain,%,Andoain,108.22,108.22
2012,Gasto liquidado de las administraciones locales en proporción al presupuesto aprobado originalmente,,,Andoain,%,Andoain,101.55,98.45
2015,Gasto liquidado de las administraciones locales en proporción al presupuesto aprobado originalmente,,,Andoain,%,Andoain,104.62,95.38
2018,Gasto liquidado de las administraciones locales en proporción al presupuesto aprobado originalmente,,,Andoain,%,Andoain,101.94,98.06
2022,Gasto liquidado de las administraciones locales en proporción al presupuesto aprobado originalmente,,,Andoain,%,Andoain,100.44,99.56
2019,Gasto liquidado de las administraciones locales en proporción al presupuesto aprobado originalmente,,,Andoain,%,Andoain,104.56,95.44
2021,Gasto liquidado de las administraciones locales en proporción al presupuesto aprobado originalmente,,,Andoain,%,Andoain,102.36,97.64
2014,Gasto liquidado de las administraciones locales en proporción al presupuesto aprobado originalmente,,,Andoain,%,Andoain,104.89,95.11
2023,Gasto liquidado de las administraciones locales en proporción al presupuesto aprobado originalmente,,,Andoain,%,Andoain,100.44,99.56
2019,Gasto liquidado de las administraciones locales en proporción al presupuesto aprobado originalmente,,,Anoeta,%,Anoeta,101.45,101.45
2012,Gasto liquidado de las administraciones locales en proporción al presupuesto aprobado originalmente,,,Anoeta,%,Anoeta,112.83,87.17
2014,Gasto liquidado de las administraciones locales en proporción al presupuesto aprobado originalmente,,,Anoeta,%,Anoeta,104.11,95.89
2023,Gasto liquidado de las administraciones locales en proporción al presupuesto aprobado originalmente,,,Anoeta,%,Anoeta,121.8,121.8
2013,Gasto liquidado de las administraciones locales en proporción al presupuesto aprobado originalmente,,,Anoeta,%,Anoeta,117.03,82.97
2020,Gasto liquidado de las administraciones locales en proporción al presupuesto aprobado originalmente,,,Anoeta,%,Anoeta,108.49,108.49
2010,Gasto liquidado de las administraciones locales en proporción al presupuesto aprobado originalmente,,,Anoeta,%,Anoeta,130.86,69.14
2011,Gasto liquidado de las administraciones locales en proporción al presupuesto aprobado originalmente,,,Anoeta,%,Anoeta,119.19,80.81
2016,Gasto liquidado de las administraciones locales en proporción al presupuesto aprobado originalmente,,,Anoeta,%,Anoeta,131.51999999999998,68.48
2022,Gasto liquidado de las administraciones locales en proporción al presupuesto aprobado originalmente,,,Anoeta,%,Anoeta,114.98,85.02
2018,Gasto liquidado de las administraciones locales en proporción al presupuesto aprobado originalmente,,,Anoeta,%,Anoeta,104.59,95.41
2021,Gasto liquidado de las administraciones locales en proporción al presupuesto aprobado originalmente,,,Anoeta,%,Anoeta,106.07,106.07
2015,Gasto liquidado de las administraciones locales en proporción al presupuesto aprobado originalmente,,,Anoeta,%,Anoeta,124.4,75.6
2017,Gasto liquidado de las administraciones locales en proporción al presupuesto aprobado originalmente,,,Anoeta,%,Anoeta,109.14,109.14
2020,Gasto liquidado de las administraciones locales en proporción al presupuesto aprobado originalmente,,,Antzuola,%,Antzuola,104.92,104.92
2022,Gasto liquidado de las administraciones locales en proporción al presupuesto aprobado originalmente,,,Antzuola,%,Antzuola,113.26,113.26
2011,Gasto liquidado de las administraciones locales en proporción al presupuesto aprobado originalmente,,,Antzuola,%,Antzuola,101.46,101.46
2017,Gasto liquidado de las administraciones locales en proporción al presupuesto aprobado originalmente,,,Antzuola,%,Antzuola,106.2,93.8
2016,Gasto liquidado de las administraciones locales en proporción al presupuesto aprobado originalmente,,,Antzuola,%,Antzuola,102.96,102.96
2023,Gasto liquidado de las administraciones locales en proporción al presupuesto aprobado originalmente,,,Antzuola,%,Antzuola,111.51,111.51
2021,Gasto liquidado de las administraciones locales en proporción al presupuesto aprobado originalmente,,,Antzuola,%,Antzuola,113.53,86.47
2019,Gasto liquidado de las administraciones locales en proporción al presupuesto aprobado originalmente,,,Antzuola,%,Antzuola,101.07,101.07
2014,Gasto liquidado de las administraciones locales en proporción al presupuesto aprobado originalmente,,,Antzuola,%,Antzuola,111.43,111.43
2013,Gasto liquidado de las administraciones locales en proporción al presupuesto aprobado originalmente,,,Antzuola,%,Antzuola,108.32,108.32
2010,Gasto liquidado de las administraciones locales en proporción al presupuesto aprobado originalmente,,,Antzuola,%,Antzuola,105.9,94.1
2012,Gasto liquidado de las administraciones locales en proporción al presupuesto aprobado originalmente,,,Antzuola,%,Antzuola,104.87,95.13
2015,Gasto liquidado de las administraciones locales en proporción al presupuesto aprobado originalmente,,,Antzuola,%,Antzuola,104.56,95.44
2018,Gasto liquidado de las administraciones locales en proporción al presupuesto aprobado originalmente,,,Antzuola,%,Antzuola,110.99,110.99
2012,Gasto liquidado de las administraciones locales en proporción al presupuesto aprobado originalmente,,,Añana,%,Añana,154.2,154.2
2022,Gasto liquidado de las administraciones locales en proporción al presupuesto aprobado originalmente,,,Añana,%,Añana,153.14,46.86
2013,Gasto liquidado de las administraciones locales en proporción al presupuesto aprobado originalmente,,,Añana,%,Añana,121.97,121.97
2016,Gasto liquidado de las administraciones locales en proporción al presupuesto aprobado originalmente,,,Añana,%,Añana,105.6,94.4
2010,Gasto liquidado de las administraciones locales en proporción al presupuesto aprobado originalmente,,,Añana,%,Añana,289.5,289.5
2023,Gasto liquidado de las administraciones locales en proporción al presupuesto aprobado originalmente,,,Añana,%,Añana,105.68,94.32
2015,Gasto liquidado de las administraciones locales en proporción al presupuesto aprobado originalmente,,,Añana,%,Añana,152.05,152.05
2014,Gasto liquidado de las administraciones locales en proporción al presupuesto aprobado originalmente,,,Añana,%,Añana,105.39,105.39
2020,Gasto liquidado de las administraciones locales en proporción al presupuesto aprobado originalmente,,,Añana,%,Añana,153.2,46.8
2017,Gasto liquidado de las administraciones locales en proporción al presupuesto aprobado originalmente,,,Añana,%,Añana,152.43,47.57
2011,Gasto liquidado de las administraciones locales en proporción al presupuesto aprobado originalmente,,,Añana,%,Añana,172.0,172.0
2018,Gasto liquidado de las administraciones locales en proporción al presupuesto aprobado originalmente,,,Añana,%,Añana,108.01,91.99
2021,Gasto liquidado de las administraciones locales en proporción al presupuesto aprobado originalmente,,,Añana,%,Añana,176.15,23.85
2019,Gasto liquidado de las administraciones locales en proporción al presupuesto aprobado originalmente,,,Añana,%,Añana,122.99,77.01
2018,Gasto liquidado de las administraciones locales en proporción al presupuesto aprobado originalmente,,,Arakaldo,%,Arakaldo,109.02,90.98
2021,Gasto liquidado de las administraciones locales en proporción al presupuesto aprobado originalmente,,,Arakaldo,%,Arakaldo,147.48,52.52
2011,Gasto liquidado de las administraciones locales en proporción al presupuesto aprobado originalmente,,,Arakaldo,%,Arakaldo,142.75,142.75
2014,Gasto liquidado de las administraciones locales en proporción al presupuesto aprobado originalmente,,,Arakaldo,%,Arakaldo,115.21,84.79
2013,Gasto liquidado de las administraciones locales en proporción al presupuesto aprobado originalmente,,,Arakaldo,%,Arakaldo,105.95,94.05
2016,Gasto liquidado de las administraciones locales en proporción al presupuesto aprobado originalmente,,,Arakaldo,%,Arakaldo,100.14,99.86
2012,Gasto liquidado de las administraciones locales en proporción al presupuesto aprobado originalmente,,,Arakaldo,%,Arakaldo,152.77,152.77
2015,Gasto liquidado de las administraciones locales en proporción al presupuesto aprobado originalmente,,,Arakaldo,%,Arakaldo,118.44,118.44
2017,Gasto liquidado de las administraciones locales en proporción al presupuesto aprobado originalmente,,,Arakaldo,%,Arakaldo,111.1,111.1
2020,Gasto liquidado de las administraciones locales en proporción al presupuesto aprobado originalmente,,,Arakaldo,%,Arakaldo,109.72,109.72
2019,Gasto liquidado de las administraciones locales en proporción al presupuesto aprobado originalmente,,,Arakaldo,%,Arakaldo,100.54,100.54
2010,Gasto liquidado de las administraciones locales en proporción al presupuesto aprobado originalmente,,,Arakaldo,%,Arakaldo,113.2,113.2
2022,Gasto liquidado de las administraciones locales en proporción al presupuesto aprobado originalmente,,,Arakaldo,%,Arakaldo,141.74,141.74
2023,Gasto liquidado de las administraciones locales en proporción al presupuesto aprobado originalmente,,,Arakaldo,%,Arakaldo,122.31,122.31
2014,Gasto liquidado de las administraciones locales en proporción al presupuesto aprobado originalmente,,,Arama,%,Arama,113.09,113.09
2015,Gasto liquidado de las administraciones locales en proporción al presupuesto aprobado originalmente,,,Arama,%,Arama,104.49,104.49
2018,Gasto liquidado de las administraciones locales en proporción al presupuesto aprobado originalmente,,,Arama,%,Arama,102.26,102.26
2019,Gasto liquidado de las administraciones locales en proporción al presupuesto aprobado originalmente,,,Arama,%,Arama,119.31,80.69
2010,Gasto liquidado de las administraciones locales en proporción al presupuesto aprobado originalmente,,,Arama,%,Arama,111.44,88.56
2011,Gasto liquidado de las administraciones locales en proporción al presupuesto aprobado originalmente,,,Arama,%,Arama,175.23,175.23
2020,Gasto liquidado de las administraciones locales en proporción al presupuesto aprobado originalmente,,,Arama,%,Arama,143.42000000000002,56.58
2017,Gasto liquidado de las administraciones locales en proporción al presupuesto aprobado originalmente,,,Arama,%,Arama,104.91,104.91
2023,Gasto liquidado de las administraciones locales en proporción al presupuesto aprobado originalmente,,,Arama,%,Arama,126.98,73.02
2016,Gasto liquidado de las administraciones locales en proporción al presupuesto aprobado originalmente,,,Arama,%,Arama,100.98,100.98
2022,Gasto liquidado de las administraciones locales en proporción al presupuesto aprobado originalmente,,,Arama,%,Arama,125.58,74.42
2021,Gasto liquidado de las administraciones locales en proporción al presupuesto aprobado originalmente,,,Arama,%,Arama,121.21,78.79
2012,Gasto liquidado de las administraciones locales en proporción al presupuesto aprobado originalmente,,,Arama,%,Arama,108.11,91.89
2013,Gasto liquidado de las administraciones locales en proporción al presupuesto aprobado originalmente,,,Arama,%,Arama,170.91,170.91
2017,Gasto liquidado de las administraciones locales en proporción al presupuesto aprobado originalmente,,,Aramaio,%,Aramaio,105.29,105.29
2012,Gasto liquidado de las administraciones locales en proporción al presupuesto aprobado originalmente,,,Aramaio,%,Aramaio,135.17,135.17
2022,Gasto liquidado de las administraciones locales en proporción al presupuesto aprobado originalmente,,,Aramaio,%,Aramaio,125.7,74.3
2013,Gasto liquidado de las administraciones locales en proporción al presupuesto aprobado originalmente,,,Aramaio,%,Aramaio,110.41,89.59
2019,Gasto liquidado de las administraciones locales en proporción al presupuesto aprobado originalmente,,,Aramaio,%,Aramaio,123.08,76.92
2020,Gasto liquidado de las administraciones locales en proporción al presupuesto aprobado originalmente,,,Aramaio,%,Aramaio,108.0,92.0
2015,Gasto liquidado de las administraciones locales en proporción al presupuesto aprobado originalmente,,,Aramaio,%,Aramaio,102.12,102.12
2014,Gasto liquidado de las administraciones locales en proporción al presupuesto aprobado originalmente,,,Aramaio,%,Aramaio,113.57,113.57
2010,Gasto liquidado de las administraciones locales en proporción al presupuesto aprobado originalmente,,,Aramaio,%,Aramaio,141.07,141.07
2021,Gasto liquidado de las administraciones locales en proporción al presupuesto aprobado originalmente,,,Aramaio,%,Aramaio,100.9,99.1
2023,Gasto liquidado de las administraciones locales en proporción al presupuesto aprobado originalmente,,,Aramaio,%,Aramaio,113.0,113.0
2016,Gasto liquidado de las administraciones locales en proporción al presupuesto aprobado originalmente,,,Aramaio,%,Aramaio,114.57,85.43
2011,Gasto liquidado de las administraciones locales en proporción al presupuesto aprobado originalmente,,,Aramaio,%,Aramaio,112.1,112.1
2018,Gasto liquidado de las administraciones locales en proporción al presupuesto aprobado originalmente,,,Aramaio,%,Aramaio,107.11,92.89
2012,Gasto liquidado de las administraciones locales en proporción al presupuesto aprobado originalmente,,,Arantzazu,%,Arantzazu,103.51,103.51
2022,Gasto liquidado de las administraciones locales en proporción al presupuesto aprobado originalmente,,,Arantzazu,%,Arantzazu,117.77,117.77
2014,Gasto liquidado de las administraciones locales en proporción al presupuesto aprobado originalmente,,,Arantzazu,%,Arantzazu,107.68,107.68
2017,Gasto liquidado de las administraciones locales en proporción al presupuesto aprobado originalmente,,,Arantzazu,%,Arantzazu,113.28,113.28
2010,Gasto liquidado de las administraciones locales en proporción al presupuesto aprobado originalmente,,,Arantzazu,%,Arantzazu,179.04,179.04
2013,Gasto liquidado de las administraciones locales en proporción al presupuesto aprobado originalmente,,,Arantzazu,%,Arantzazu,100.84,100.84
2018,Gasto liquidado de las administraciones locales en proporción al presupuesto aprobado originalmente,,,Arantzazu,%,Arantzazu,101.07,98.93
2019,Gasto liquidado de las administraciones locales en proporción al presupuesto aprobado originalmente,,,Arantzazu,%,Arantzazu,100.04,99.96
2016,Gasto liquidado de las administraciones locales en proporción al presupuesto aprobado originalmente,,,Arantzazu,%,Arantzazu,111.61,88.39
2021,Gasto liquidado de las administraciones locales en proporción al presupuesto aprobado originalmente,,,Arantzazu,%,Arantzazu,107.22,107.22
2011,Gasto liquidado de las administraciones locales en proporción al presupuesto aprobado originalmente,,,Arantzazu,%,Arantzazu,130.93,130.93
2020,Gasto liquidado de las administraciones locales en proporción al presupuesto aprobado originalmente,,,Arantzazu,%,Arantzazu,105.51,94.49
2015,Gasto liquidado de las administraciones locales en proporción al presupuesto aprobado originalmente,,,Arantzazu,%,Arantzazu,103.75,96.25
2023,Gasto liquidado de las administraciones locales en proporción al presupuesto aprobado originalmente,,,Arantzazu,%,Arantzazu,116.92,116.92
2014,Gasto liquidado de las administraciones locales en proporción al presupuesto aprobado originalmente,,,Areatza,%,Areatza,100.65,99.35
2012,Gasto liquidado de las administraciones locales en proporción al presupuesto aprobado originalmente,,,Areatza,%,Areatza,108.52,91.48
2018,Gasto liquidado de las administraciones locales en proporción al presupuesto aprobado originalmente,,,Areatza,%,Areatza,105.13,94.87
2023,Gasto liquidado de las administraciones locales en proporción al presupuesto aprobado originalmente,,,Areatza,%,Areatza,110.58,110.58
2015,Gasto liquidado de las administraciones locales en proporción al presupuesto aprobado originalmente,,,Areatza,%,Areatza,116.1,116.1
2022,Gasto liquidado de las administraciones locales en proporción al presupuesto aprobado originalmente,,,Areatza,%,Areatza,116.89,116.89
2013,Gasto liquidado de las administraciones locales en proporción al presupuesto aprobado originalmente,,,Areatza,%,Areatza,107.54,92.46
2021,Gasto liquidado de las administraciones locales en proporción al presupuesto aprobado originalmente,,,Areatza,%,Areatza,101.66,101.66
2010,Gasto liquidado de las administraciones locales en proporción al presupuesto aprobado originalmente,,,Areatza,%,Areatza,100.58,99.42
2011,Gasto liquidado de las administraciones locales en proporción al presupuesto aprobado originalmente,,,Areatza,%,Areatza,110.47,89.53
2019,Gasto liquidado de las administraciones locales en proporción al presupuesto aprobado originalmente,,,Areatza,%,Areatza,102.11,102.11
2017,Gasto liquidado de las administraciones locales en proporción al presupuesto aprobado originalmente,,,Areatza,%,Areatza,106.95,93.05
2020,Gasto liquidado de las administraciones locales en proporción al presupuesto aprobado originalmente,,,Areatza,%,Areatza,111.58,88.42
2016,Gasto liquidado de las administraciones locales en proporción al presupuesto aprobado originalmente,,,Areatza,%,Areatza,106.25,93.75
2011,Gasto liquidado de las administraciones locales en proporción al presupuesto aprobado originalmente,,,Aretxabaleta,%,Aretxabaleta,107.63,107.63
2017,Gasto liquidado de las administraciones locales en proporción al presupuesto aprobado originalmente,,,Aretxabaleta,%,Aretxabaleta,100.31,100.31
2016,Gasto liquidado de las administraciones locales en proporción al presupuesto aprobado originalmente,,,Aretxabaleta,%,Aretxabaleta,100.14,100.14
2012,Gasto liquidado de las administraciones locales en proporción al presupuesto aprobado originalmente,,,Aretxabaleta,%,Aretxabaleta,127.47,127.47
2013,Gasto liquidado de las administraciones locales en proporción al presupuesto aprobado originalmente,,,Aretxabaleta,%,Aretxabaleta,107.26,92.74
2018,Gasto liquidado de las administraciones locales en proporción al presupuesto aprobado originalmente,,,Aretxabaleta,%,Aretxabaleta,108.41,91.59
2010,Gasto liquidado de las administraciones locales en proporción al presupuesto aprobado originalmente,,,Aretxabaleta,%,Aretxabaleta,112.13,112.13
2019,Gasto liquidado de las administraciones locales en proporción al presupuesto aprobado originalmente,,,Aretxabaleta,%,Aretxabaleta,102.03,97.97
2015,Gasto liquidado de las administraciones locales en proporción al presupuesto aprobado originalmente,,,Aretxabaleta,%,Aretxabaleta,102.06,102.06
2014,Gasto liquidado de las administraciones locales en proporción al presupuesto aprobado originalmente,,,Aretxabaleta,%,Aretxabaleta,103.79,96.21
2023,Gasto liquidado de las administraciones locales en proporción al presupuesto aprobado originalmente,,,Aretxabaleta,%,Aretxabaleta,125.86,74.14
2021,Gasto liquidado de las administraciones locales en proporción al presupuesto aprobado originalmente,,,Aretxabaleta,%,Aretxabaleta,126.52,73.48
2022,Gasto liquidado de las administraciones locales en proporción al presupuesto aprobado originalmente,,,Aretxabaleta,%,Aretxabaleta,118.17,81.83
2020,Gasto liquidado de las administraciones locales en proporción al presupuesto aprobado originalmente,,,Aretxabaleta,%,Aretxabaleta,108.23,91.77
2022,Gasto liquidado de las administraciones locales en proporción al presupuesto aprobado originalmente,,,Armiñón,%,Armiñón,105.47,94.53
2015,Gasto liquidado de las administraciones locales en proporción al presupuesto aprobado originalmente,,,Armiñón,%,Armiñón,122.85,77.15
2010,Gasto liquidado de las administraciones locales en proporción al presupuesto aprobado originalmente,,,Armiñón,%,Armiñón,142.66,57.34
2012,Gasto liquidado de las administraciones locales en proporción al presupuesto aprobado originalmente,,,Armiñón,%,Armiñón,301.16,301.16
2020,Gasto liquidado de las administraciones locales en proporción al presupuesto aprobado originalmente,,,Armiñón,%,Armiñón,130.25,69.75
2016,Gasto liquidado de las administraciones locales en proporción al presupuesto aprobado originalmente,,,Armiñón,%,Armiñón,118.54,81.46
2018,Gasto liquidado de las administraciones locales en proporción al presupuesto aprobado originalmente,,,Armiñón,%,Armiñón,107.1,92.9
2011,Gasto liquidado de las administraciones locales en proporción al presupuesto aprobado originalmente,,,Armiñón,%,Armiñón,132.45,67.55
2023,Gasto liquidado de las administraciones locales en proporción al presupuesto aprobado originalmente,,,Armiñón,%,Armiñón,108.49,108.49
2017,Gasto liquidado de las administraciones locales en proporción al presupuesto aprobado originalmente,,,Armiñón,%,Armiñón,110.13,110.13
2021,Gasto liquidado de las administraciones locales en proporción al presupuesto aprobado originalmente,,,Armiñón,%,Armiñón,112.02,112.02
2019,Gasto liquidado de las administraciones locales en proporción al presupuesto aprobado originalmente,,,Armiñón,%,Armiñón,115.56,84.44
2013,Gasto liquidado de las administraciones locales en proporción al presupuesto aprobado originalmente,,,Armiñón,%,Armiñón,152.49,47.51
2014,Gasto liquidado de las administraciones locales en proporción al presupuesto aprobado originalmente,,,Armiñón,%,Armiñón,113.32,86.68
2021,Gasto liquidado de las administraciones locales en proporción al presupuesto aprobado originalmente,,,Arraia-Maeztu,%,Arraia-Maeztu,122.27,122.27
2015,Gasto liquidado de las administraciones locales en proporción al presupuesto aprobado originalmente,,,Arraia-Maeztu,%,Arraia-Maeztu,103.44,103.44
2016,Gasto liquidado de las administraciones locales en proporción al presupuesto aprobado originalmente,,,Arraia-Maeztu,%,Arraia-Maeztu,143.23,143.23
2012,Gasto liquidado de las administraciones locales en proporción al presupuesto aprobado originalmente,,,Arraia-Maeztu,%,Arraia-Maeztu,157.81,157.81
2019,Gasto liquidado de las administraciones locales en proporción al presupuesto aprobado originalmente,,,Arraia-Maeztu,%,Arraia-Maeztu,124.44,124.44
2017,Gasto liquidado de las administraciones locales en proporción al presupuesto aprobado originalmente,,,Arraia-Maeztu,%,Arraia-Maeztu,111.69,111.69
2014,Gasto liquidado de las administraciones locales en proporción al presupuesto aprobado originalmente,,,Arraia-Maeztu,%,Arraia-Maeztu,101.67,101.67
2020,Gasto liquidado de las administraciones locales en proporción al presupuesto aprobado originalmente,,,Arraia-Maeztu,%,Arraia-Maeztu,147.47,147.47
2022,Gasto liquidado de las administraciones locales en proporción al presupuesto aprobado originalmente,,,Arraia-Maeztu,%,Arraia-Maeztu,146.16,146.16
2011,Gasto liquidado de las administraciones locales en proporción al presupuesto aprobado originalmente,,,Arraia-Maeztu,%,Arraia-Maeztu,107.65,107.65
2013,Gasto liquidado de las administraciones locales en proporción al presupuesto aprobado originalmente,,,Arraia-Maeztu,%,Arraia-Maeztu,113.73,113.73
2010,Gasto liquidado de las administraciones locales en proporción al presupuesto aprobado originalmente,,,Arraia-Maeztu,%,Arraia-Maeztu,253.28,253.28
2023,Gasto liquidado de las administraciones locales en proporción al presupuesto aprobado originalmente,,,Arraia-Maeztu,%,Arraia-Maeztu,112.78,87.22
2018,Gasto liquidado de las administraciones locales en proporción al presupuesto aprobado originalmente,,,Arraia-Maeztu,%,Arraia-Maeztu,116.73,116.73
2017,Gasto liquidado de las administraciones locales en proporción al presupuesto aprobado originalmente,,,Arrankudiaga-Zollo,%,Arrankudiaga-Zollo,100.43,99.57
2019,Gasto liquidado de las administraciones locales en proporción al presupuesto aprobado originalmente,,,Arrankudiaga-Zollo,%,Arrankudiaga-Zollo,119.05,80.95
2012,Gasto liquidado de las administraciones locales en proporción al presupuesto aprobado originalmente,,,Arrankudiaga-Zollo,%,Arrankudiaga-Zollo,102.49,97.51
2014,Gasto liquidado de las administraciones locales en proporción al presupuesto aprobado originalmente,,,Arrankudiaga-Zollo,%,Arrankudiaga-Zollo,113.64,86.36
2011,Gasto liquidado de las administraciones locales en proporción al presupuesto aprobado originalmente,,,Arrankudiaga-Zollo,%,Arrankudiaga-Zollo,118.58,118.58
2016,Gasto liquidado de las administraciones locales en proporción al presupuesto aprobado originalmente,,,Arrankudiaga-Zollo,%,Arrankudiaga-Zollo,100.66,100.66
2018,Gasto liquidado de las administraciones locales en proporción al presupuesto aprobado originalmente,,,Arrankudiaga-Zollo,%,Arrankudiaga-Zollo,102.5,102.5
2023,Gasto liquidado de las administraciones locales en proporción al presupuesto aprobado originalmente,,,Arrankudiaga-Zollo,%,Arrankudiaga-Zollo,131.23,131.23
2020,Gasto liquidado de las administraciones locales en proporción al presupuesto aprobado originalmente,,,Arrankudiaga-Zollo,%,Arrankudiaga-Zollo,143.85,56.15
2015,Gasto liquidado de las administraciones locales en proporción al presupuesto aprobado originalmente,,,Arrankudiaga-Zollo,%,Arrankudiaga-Zollo,105.2,94.8
2010,Gasto liquidado de las administraciones locales en proporción al presupuesto aprobado originalmente,,,Arrankudiaga-Zollo,%,Arrankudiaga-Zollo,121.38,121.38
2022,Gasto liquidado de las administraciones locales en proporción al presupuesto aprobado originalmente,,,Arrankudiaga-Zollo,%,Arrankudiaga-Zollo,117.0,117.0
2021,Gasto liquidado de las administraciones locales en proporción al presupuesto aprobado originalmente,,,Arrankudiaga-Zollo,%,Arrankudiaga-Zollo,119.21,119.21
2013,Gasto liquidado de las administraciones locales en proporción al presupuesto aprobado originalmente,,,Arrankudiaga-Zollo,%,Arrankudiaga-Zollo,102.56,97.44
2012,Gasto liquidado de las administraciones locales en proporción al presupuesto aprobado originalmente,,,Arrasate/Mondragón,%,Arrasate/Mondragón,108.63,91.37
2022,Gasto liquidado de las administraciones locales en proporción al presupuesto aprobado originalmente,,,Arrasate/Mondragón,%,Arrasate/Mondragón,102.68,102.68
2017,Gasto liquidado de las administraciones locales en proporción al presupuesto aprobado originalmente,,,Arrasate/Mondragón,%,Arrasate/Mondragón,106.73,93.27
2020,Gasto liquidado de las administraciones locales en proporción al presupuesto aprobado originalmente,,,Arrasate/Mondragón,%,Arrasate/Mondragón,103.57,96.43
2013,Gasto liquidado de las administraciones locales en proporción al presupuesto aprobado originalmente,,,Arrasate/Mondragón,%,Arrasate/Mondragón,101.8,98.2
2011,Gasto liquidado de las administraciones locales en proporción al presupuesto aprobado originalmente,,,Arrasate/Mondragón,%,Arrasate/Mondragón,102.77,102.77
2016,Gasto liquidado de las administraciones locales en proporción al presupuesto aprobado originalmente,,,Arrasate/Mondragón,%,Arrasate/Mondragón,109.35,90.65
2019,Gasto liquidado de las administraciones locales en proporción al presupuesto aprobado originalmente,,,Arrasate/Mondragón,%,Arrasate/Mondragón,101.5,98.5
2021,Gasto liquidado de las administraciones locales en proporción al presupuesto aprobado originalmente,,,Arrasate/Mondragón,%,Arrasate/Mondragón,103.15,103.15
2014,Gasto liquidado de las administraciones locales en proporción al presupuesto aprobado originalmente,,,Arrasate/Mondragón,%,Arrasate/Mondragón,109.49,90.51
2018,Gasto liquidado de las administraciones locales en proporción al presupuesto aprobado originalmente,,,Arrasate/Mondragón,%,Arrasate/Mondragón,101.36,98.64
2010,Gasto liquidado de las administraciones locales en proporción al presupuesto aprobado originalmente,,,Arrasate/Mondragón,%,Arrasate/Mondragón,101.81,98.19
2015,Gasto liquidado de las administraciones locales en proporción al presupuesto aprobado originalmente,,,Arrasate/Mondragón,%,Arrasate/Mondragón,100.42,100.42
2023,Gasto liquidado de las administraciones locales en proporción al presupuesto aprobado originalmente,,,Arrasate/Mondragón,%,Arrasate/Mondragón,106.28,93.72
2023,Gasto liquidado de las administraciones locales en proporción al presupuesto aprobado originalmente,,,Arratzu,%,Arratzu,142.36,142.36
2013,Gasto liquidado de las administraciones locales en proporción al presupuesto aprobado originalmente,,,Arratzu,%,Arratzu,107.93,92.07
2021,Gasto liquidado de las administraciones locales en proporción al presupuesto aprobado originalmente,,,Arratzu,%,Arratzu,109.82,109.82
2020,Gasto liquidado de las administraciones locales en proporción al presupuesto aprobado originalmente,,,Arratzu,%,Arratzu,121.3,78.7
2017,Gasto liquidado de las administraciones locales en proporción al presupuesto aprobado originalmente,,,Arratzu,%,Arratzu,109.28,90.72
2011,Gasto liquidado de las administraciones locales en proporción al presupuesto aprobado originalmente,,,Arratzu,%,Arratzu,155.91,155.91
2022,Gasto liquidado de las administraciones locales en proporción al presupuesto aprobado originalmente,,,Arratzu,%,Arratzu,101.96,101.96
2018,Gasto liquidado de las administraciones locales en proporción al presupuesto aprobado originalmente,,,Arratzu,%,Arratzu,125.83,74.17
2012,Gasto liquidado de las administraciones locales en proporción al presupuesto aprobado originalmente,,,Arratzu,%,Arratzu,111.01,88.99
2014,Gasto liquidado de las administraciones locales en proporción al presupuesto aprobado originalmente,,,Arratzu,%,Arratzu,188.5,188.5
2015,Gasto liquidado de las administraciones locales en proporción al presupuesto aprobado originalmente,,,Arratzu,%,Arratzu,127.85,127.85
2016,Gasto liquidado de las administraciones locales en proporción al presupuesto aprobado originalmente,,,Arratzu,%,Arratzu,100.54,99.46
2019,Gasto liquidado de las administraciones locales en proporción al presupuesto aprobado originalmente,,,Arratzu,%,Arratzu,110.75,110.75
2010,Gasto liquidado de las administraciones locales en proporción al presupuesto aprobado originalmente,,,Arratzu,%,Arratzu,129.51,70.49
2012,Gasto liquidado de las administraciones locales en proporción al presupuesto aprobado originalmente,,,Arratzua-Ubarrundia,%,Arratzua-Ubarrundia,121.53,78.47
2018,Gasto liquidado de las administraciones locales en proporción al presupuesto aprobado originalmente,,,Arratzua-Ubarrundia,%,Arratzua-Ubarrundia,114.47,85.53
2023,Gasto liquidado de las administraciones locales en proporción al presupuesto aprobado originalmente,,,Arratzua-Ubarrundia,%,Arratzua-Ubarrundia,136.64,136.64
2017,Gasto liquidado de las administraciones locales en proporción al presupuesto aprobado originalmente,,,Arratzua-Ubarrundia,%,Arratzua-Ubarrundia,110.94,89.06
2014,Gasto liquidado de las administraciones locales en proporción al presupuesto aprobado originalmente,,,Arratzua-Ubarrundia,%,Arratzua-Ubarrundia,123.11,76.89
2015,Gasto liquidado de las administraciones locales en proporción al presupuesto aprobado originalmente,,,Arratzua-Ubarrundia,%,Arratzua-Ubarrundia,106.82,93.18
2013,Gasto liquidado de las administraciones locales en proporción al presupuesto aprobado originalmente,,,Arratzua-Ubarrundia,%,Arratzua-Ubarrundia,113.12,86.88
2010,Gasto liquidado de las administraciones locales en proporción al presupuesto aprobado originalmente,,,Arratzua-Ubarrundia,%,Arratzua-Ubarrundia,160.08,160.08
2019,Gasto liquidado de las administraciones locales en proporción al presupuesto aprobado originalmente,,,Arratzua-Ubarrundia,%,Arratzua-Ubarrundia,112.44,87.56
2020,Gasto liquidado de las administraciones locales en proporción al presupuesto aprobado originalmente,,,Arratzua-Ubarrundia,%,Arratzua-Ubarrundia,115.14,84.86
2016,Gasto liquidado de las administraciones locales en proporción al presupuesto aprobado originalmente,,,Arratzua-Ubarrundia,%,Arratzua-Ubarrundia,117.96,82.04
2022,Gasto liquidado de las administraciones locales en proporción al presupuesto aprobado originalmente,,,Arratzua-Ubarrundia,%,Arratzua-Ubarrundia,115.79,84.21
2011,Gasto liquidado de las administraciones locales en proporción al presupuesto aprobado originalmente,,,Arratzua-Ubarrundia,%,Arratzua-Ubarrundia,103.46,96.54
2021,Gasto liquidado de las administraciones locales en proporción al presupuesto aprobado originalmente,,,Arratzua-Ubarrundia,%,Arratzua-Ubarrundia,117.68,82.32
2016,Gasto liquidado de las administraciones locales en proporción al presupuesto aprobado originalmente,,,Arrieta,%,Arrieta,111.59,88.41
2010,Gasto liquidado de las administraciones locales en proporción al presupuesto aprobado originalmente,,,Arrieta,%,Arrieta,104.32,95.68
2019,Gasto liquidado de las administraciones locales en proporción al presupuesto aprobado originalmente,,,Arrieta,%,Arrieta,111.69,111.69
2015,Gasto liquidado de las administraciones locales en proporción al presupuesto aprobado originalmente,,,Arrieta,%,Arrieta,106.29,106.29
2014,Gasto liquidado de las administraciones locales en proporción al presupuesto aprobado originalmente,,,Arrieta,%,Arrieta,117.33,82.67
2021,Gasto liquidado de las administraciones locales en proporción al presupuesto aprobado originalmente,,,Arrieta,%,Arrieta,117.86,82.14
2012,Gasto liquidado de las administraciones locales en proporción al presupuesto aprobado originalmente,,,Arrieta,%,Arrieta,101.8,98.2
2020,Gasto liquidado de las administraciones locales en proporción al presupuesto aprobado originalmente,,,Arrieta,%,Arrieta,114.19,85.81
2022,Gasto liquidado de las administraciones locales en proporción al presupuesto aprobado originalmente,,,Arrieta,%,Arrieta,125.31,125.31
2023,Gasto liquidado de las administraciones locales en proporción al presupuesto aprobado originalmente,,,Arrieta,%,Arrieta,174.63,174.63
2011,Gasto liquidado de las administraciones locales en proporción al presupuesto aprobado originalmente,,,Arrieta,%,Arrieta,110.71,110.71
2017,Gasto liquidado de las administraciones locales en proporción al presupuesto aprobado originalmente,,,Arrieta,%,Arrieta,112.74,87.26
2013,Gasto liquidado de las administraciones locales en proporción al presupuesto aprobado originalmente,,,Arrieta,%,Arrieta,105.39,94.61
2018,Gasto liquidado de las administraciones locales en proporción al presupuesto aprobado originalmente,,,Arrieta,%,Arrieta,108.52,91.48
2020,Gasto liquidado de las administraciones locales en proporción al presupuesto aprobado originalmente,,,Arrigorriaga,%,Arrigorriaga,103.33,96.67
2014,Gasto liquidado de las administraciones locales en proporción al presupuesto aprobado originalmente,,,Arrigorriaga,%,Arrigorriaga,105.83,105.83
2021,Gasto liquidado de las administraciones locales en proporción al presupuesto aprobado originalmente,,,Arrigorriaga,%,Arrigorriaga,105.11,94.89
2013,Gasto liquidado de las administraciones locales en proporción al presupuesto aprobado originalmente,,,Arrigorriaga,%,Arrigorriaga,100.32,100.32
2022,Gasto liquidado de las administraciones locales en proporción al presupuesto aprobado originalmente,,,Arrigorriaga,%,Arrigorriaga,100.21,100.21
2012,Gasto liquidado de las administraciones locales en proporción al presupuesto aprobado originalmente,,,Arrigorriaga,%,Arrigorriaga,109.92,90.08
2017,Gasto liquidado de las administraciones locales en proporción al presupuesto aprobado originalmente,,,Arrigorriaga,%,Arrigorriaga,102.75,97.25
2016,Gasto liquidado de las administraciones locales en proporción al presupuesto aprobado originalmente,,,Arrigorriaga,%,Arrigorriaga,103.14,96.86
2023,Gasto liquidado de las administraciones locales en proporción al presupuesto aprobado originalmente,,,Arrigorriaga,%,Arrigorriaga,102.85,102.85
2019,Gasto liquidado de las administraciones locales en proporción al presupuesto aprobado originalmente,,,Arrigorriaga,%,Arrigorriaga,111.1,111.1
2015,Gasto liquidado de las administraciones locales en proporción al presupuesto aprobado originalmente,,,Arrigorriaga,%,Arrigorriaga,100.67,100.67
2010,Gasto liquidado de las administraciones locales en proporción al presupuesto aprobado originalmente,,,Arrigorriaga,%,Arrigorriaga,103.27,103.27
2018,Gasto liquidado de las administraciones locales en proporción al presupuesto aprobado originalmente,,,Arrigorriaga,%,Arrigorriaga,111.21,88.79
2011,Gasto liquidado de las administraciones locales en proporción al presupuesto aprobado originalmente,,,Arrigorriaga,%,Arrigorriaga,106.88,106.88
2017,Gasto liquidado de las administraciones locales en proporción al presupuesto aprobado originalmente,,,Artea,%,Artea,117.6,117.6
2014,Gasto liquidado de las administraciones locales en proporción al presupuesto aprobado originalmente,,,Artea,%,Artea,117.36,82.64
2019,Gasto liquidado de las administraciones locales en proporción al presupuesto aprobado originalmente,,,Artea,%,Artea,101.4,101.4
2016,Gasto liquidado de las administraciones locales en proporción al presupuesto aprobado originalmente,,,Artea,%,Artea,101.3,98.7
2013,Gasto liquidado de las administraciones locales en proporción al presupuesto aprobado originalmente,,,Artea,%,Artea,119.46,80.54
2012,Gasto liquidado de las administraciones locales en proporción al presupuesto aprobado originalmente,,,Artea,%,Artea,119.3,80.7
2022,Gasto liquidado de las administraciones locales en proporción al presupuesto aprobado originalmente,,,Artea,%,Artea,102.96,102.96
2020,Gasto liquidado de las administraciones locales en proporción al presupuesto aprobado originalmente,,,Artea,%,Artea,106.26,93.74
2015,Gasto liquidado de las administraciones locales en proporción al presupuesto aprobado originalmente,,,Artea,%,Artea,101.77,101.77
2018,Gasto liquidado de las administraciones locales en proporción al presupuesto aprobado originalmente,,,Artea,%,Artea,110.29,110.29
2023,Gasto liquidado de las administraciones locales en proporción al presupuesto aprobado originalmente,,,Artea,%,Artea,218.9,218.9
2011,Gasto liquidado de las administraciones locales en proporción al presupuesto aprobado originalmente,,,Artea,%,Artea,155.45,155.45
2021,Gasto liquidado de las administraciones locales en proporción al presupuesto aprobado originalmente,,,Artea,%,Artea,100.24,100.24
2010,Gasto liquidado de las administraciones locales en proporción al presupuesto aprobado originalmente,,,Artea,%,Artea,164.73,164.73
2011,Gasto liquidado de las administraciones locales en proporción al presupuesto aprobado originalmente,,,Artzentales,%,Artzentales,108.22,91.78
2017,Gasto liquidado de las administraciones locales en proporción al presupuesto aprobado originalmente,,,Artzentales,%,Artzentales,109.99,90.01
2020,Gasto liquidado de las administraciones locales en proporción al presupuesto aprobado originalmente,,,Artzentales,%,Artzentales,103.59,96.41
2016,Gasto liquidado de las administraciones locales en proporción al presupuesto aprobado originalmente,,,Artzentales,%,Artzentales,103.99,96.01
2013,Gasto liquidado de las administraciones locales en proporción al presupuesto aprobado originalmente,,,Artzentales,%,Artzentales,100.96,99.04
2019,Gasto liquidado de las administraciones locales en proporción al presupuesto aprobado originalmente,,,Artzentales,%,Artzentales,105.33,94.67
2021,Gasto liquidado de las administraciones locales en proporción al presupuesto aprobado originalmente,,,Artzentales,%,Artzentales,101.62,98.38
2014,Gasto liquidado de las administraciones locales en proporción al presupuesto aprobado originalmente,,,Artzentales,%,Artzentales,103.67,96.33
2015,Gasto liquidado de las administraciones locales en proporción al presupuesto aprobado originalmente,,,Artzentales,%,Artzentales,106.84,93.16
2023,Gasto liquidado de las administraciones locales en proporción al presupuesto aprobado originalmente,,,Artzentales,%,Artzentales,110.77,110.77
2010,Gasto liquidado de las administraciones locales en proporción al presupuesto aprobado originalmente,,,Artzentales,%,Artzentales,113.28,86.72
2012,Gasto liquidado de las administraciones locales en proporción al presupuesto aprobado originalmente,,,Artzentales,%,Artzentales,108.01,91.99
2018,Gasto liquidado de las administraciones locales en proporción al presupuesto aprobado originalmente,,,Artzentales,%,Artzentales,107.89,92.11
2022,Gasto liquidado de las administraciones locales en proporción al presupuesto aprobado originalmente,,,Artzentales,%,Artzentales,103.99,103.99
2018,Gasto liquidado de las administraciones locales en proporción al presupuesto aprobado originalmente,,,Artziniega,%,Artziniega,106.76,106.76
2015,Gasto liquidado de las administraciones locales en proporción al presupuesto aprobado originalmente,,,Artziniega,%,Artziniega,104.38,104.38
2022,Gasto liquidado de las administraciones locales en proporción al presupuesto aprobado originalmente,,,Artziniega,%,Artziniega,100.71,100.71
2020,Gasto liquidado de las administraciones locales en proporción al presupuesto aprobado originalmente,,,Artziniega,%,Artziniega,109.13,90.87
2014,Gasto liquidado de las administraciones locales en proporción al presupuesto aprobado originalmente,,,Artziniega,%,Artziniega,111.4,111.4
2021,Gasto liquidado de las administraciones locales en proporción al presupuesto aprobado originalmente,,,Artziniega,%,Artziniega,119.27,119.27
2012,Gasto liquidado de las administraciones locales en proporción al presupuesto aprobado originalmente,,,Artziniega,%,Artziniega,102.09,97.91
2017,Gasto liquidado de las administraciones locales en proporción al presupuesto aprobado originalmente,,,Artziniega,%,Artziniega,120.98,120.98
2010,Gasto liquidado de las administraciones locales en proporción al presupuesto aprobado originalmente,,,Artziniega,%,Artziniega,102.46,102.46
2011,Gasto liquidado de las administraciones locales en proporción al presupuesto aprobado originalmente,,,Artziniega,%,Artziniega,109.19,109.19
2019,Gasto liquidado de las administraciones locales en proporción al presupuesto aprobado originalmente,,,Artziniega,%,Artziniega,111.71,88.29
2016,Gasto liquidado de las administraciones locales en proporción al presupuesto aprobado originalmente,,,Artziniega,%,Artziniega,138.96,138.96
2013,Gasto liquidado de las administraciones locales en proporción al presupuesto aprobado originalmente,,,Artziniega,%,Artziniega,103.43,103.43
2023,Gasto liquidado de las administraciones locales en proporción al presupuesto aprobado originalmente,,,Artziniega,%,Artziniega,122.27,77.73
2020,Gasto liquidado de las administraciones locales en proporción al presupuesto aprobado originalmente,,,Asparrena,%,Asparrena,132.16,67.84
2016,Gasto liquidado de las administraciones locales en proporción al presupuesto aprobado originalmente,,,Asparrena,%,Asparrena,113.44,86.56
2012,Gasto liquidado de las administraciones locales en proporción al presupuesto aprobado originalmente,,,Asparrena,%,Asparrena,105.2,94.8
2023,Gasto liquidado de las administraciones locales en proporción al presupuesto aprobado originalmente,,,Asparrena,%,Asparrena,111.81,111.81
2017,Gasto liquidado de las administraciones locales en proporción al presupuesto aprobado originalmente,,,Asparrena,%,Asparrena,122.34,122.34
2013,Gasto liquidado de las administraciones locales en proporción al presupuesto aprobado originalmente,,,Asparrena,%,Asparrena,102.42,102.42
2019,Gasto liquidado de las administraciones locales en proporción al presupuesto aprobado originalmente,,,Asparrena,%,Asparrena,116.51,83.49
2015,Gasto liquidado de las administraciones locales en proporción al presupuesto aprobado originalmente,,,Asparrena,%,Asparrena,104.49,104.49
2011,Gasto liquidado de las administraciones locales en proporción al presupuesto aprobado originalmente,,,Asparrena,%,Asparrena,106.86,93.14
2010,Gasto liquidado de las administraciones locales en proporción al presupuesto aprobado originalmente,,,Asparrena,%,Asparrena,100.19,99.81
2021,Gasto liquidado de las administraciones locales en proporción al presupuesto aprobado originalmente,,,Asparrena,%,Asparrena,108.89,91.11
2022,Gasto liquidado de las administraciones locales en proporción al presupuesto aprobado originalmente,,,Asparrena,%,Asparrena,117.4,82.6
2018,Gasto liquidado de las administraciones locales en proporción al presupuesto aprobado originalmente,,,Asparrena,%,Asparrena,111.35,111.35
2014,Gasto liquidado de las administraciones locales en proporción al presupuesto aprobado originalmente,,,Asparrena,%,Asparrena,106.07,93.93
2017,Gasto liquidado de las administraciones locales en proporción al presupuesto aprobado originalmente,,,Asteasu,%,Asteasu,108.13,91.87
2019,Gasto liquidado de las administraciones locales en proporción al presupuesto aprobado originalmente,,,Asteasu,%,Asteasu,127.62,127.62
2014,Gasto liquidado de las administraciones locales en proporción al presupuesto aprobado originalmente,,,Asteasu,%,Asteasu,100.75,99.25
2022,Gasto liquidado de las administraciones locales en proporción al presupuesto aprobado originalmente,,,Asteasu,%,Asteasu,125.75,125.75
2020,Gasto liquidado de las administraciones locales en proporción al presupuesto aprobado originalmente,,,Asteasu,%,Asteasu,118.64,81.36
2021,Gasto liquidado de las administraciones locales en proporción al presupuesto aprobado originalmente,,,Asteasu,%,Asteasu,108.82,108.82
2012,Gasto liquidado de las administraciones locales en proporción al presupuesto aprobado originalmente,,,Asteasu,%,Asteasu,108.28,91.72
2013,Gasto liquidado de las administraciones locales en proporción al presupuesto aprobado originalmente,,,Asteasu,%,Asteasu,102.33,102.33
2011,Gasto liquidado de las administraciones locales en proporción al presupuesto aprobado originalmente,,,Asteasu,%,Asteasu,114.52,85.48
2015,Gasto liquidado de las administraciones locales en proporción al presupuesto aprobado originalmente,,,Asteasu,%,Asteasu,119.01,119.01
2018,Gasto liquidado de las administraciones locales en proporción al presupuesto aprobado originalmente,,,Asteasu,%,Asteasu,102.78,97.22
2010,Gasto liquidado de las administraciones locales en proporción al presupuesto aprobado originalmente,,,Asteasu,%,Asteasu,147.8,147.8
2016,Gasto liquidado de las administraciones locales en proporción al presupuesto aprobado originalmente,,,Asteasu,%,Asteasu,111.25,88.75
2023,Gasto liquidado de las administraciones locales en proporción al presupuesto aprobado originalmente,,,Asteasu,%,Asteasu,119.26,119.26
2017,Gasto liquidado de las administraciones locales en proporción al presupuesto aprobado originalmente,,,Astigarraga,%,Astigarraga,102.15,97.85
2021,Gasto liquidado de las administraciones locales en proporción al presupuesto aprobado originalmente,,,Astigarraga,%,Astigarraga,127.66,127.66
2011,Gasto liquidado de las administraciones locales en proporción al presupuesto aprobado originalmente,,,Astigarraga,%,Astigarraga,103.5,103.5
2023,Gasto liquidado de las administraciones locales en proporción al presupuesto aprobado originalmente,,,Astigarraga,%,Astigarraga,126.23,126.23
2010,Gasto liquidado de las administraciones locales en proporción al presupuesto aprobado originalmente,,,Astigarraga,%,Astigarraga,105.95,94.05
2020,Gasto liquidado de las administraciones locales en proporción al presupuesto aprobado originalmente,,,Astigarraga,%,Astigarraga,111.3,111.3
2016,Gasto liquidado de las administraciones locales en proporción al presupuesto aprobado originalmente,,,Astigarraga,%,Astigarraga,108.81,91.19
2012,Gasto liquidado de las administraciones locales en proporción al presupuesto aprobado originalmente,,,Astigarraga,%,Astigarraga,103.4,103.4
2019,Gasto liquidado de las administraciones locales en proporción al presupuesto aprobado originalmente,,,Astigarraga,%,Astigarraga,126.73,126.73
2022,Gasto liquidado de las administraciones locales en proporción al presupuesto aprobado originalmente,,,Astigarraga,%,Astigarraga,104.96,104.96
2014,Gasto liquidado de las administraciones locales en proporción al presupuesto aprobado originalmente,,,Astigarraga,%,Astigarraga,106.53,93.47
2018,Gasto liquidado de las administraciones locales en proporción al presupuesto aprobado originalmente,,,Astigarraga,%,Astigarraga,110.27,89.73
2013,Gasto liquidado de las administraciones locales en proporción al presupuesto aprobado originalmente,,,Astigarraga,%,Astigarraga,114.97,114.97
2015,Gasto liquidado de las administraciones locales en proporción al presupuesto aprobado originalmente,,,Astigarraga,%,Astigarraga,106.83,106.83
2010,Gasto liquidado de las administraciones locales en proporción al presupuesto aprobado originalmente,,,Ataun,%,Ataun,108.67,108.67
2013,Gasto liquidado de las administraciones locales en proporción al presupuesto aprobado originalmente,,,Ataun,%,Ataun,131.51,131.51
2012,Gasto liquidado de las administraciones locales en proporción al presupuesto aprobado originalmente,,,Ataun,%,Ataun,102.73,97.27
2018,Gasto liquidado de las administraciones locales en proporción al presupuesto aprobado originalmente,,,Ataun,%,Ataun,108.43,91.57
2019,Gasto liquidado de las administraciones locales en proporción al presupuesto aprobado originalmente,,,Ataun,%,Ataun,104.85,95.15
2020,Gasto liquidado de las administraciones locales en proporción al presupuesto aprobado originalmente,,,Ataun,%,Ataun,108.14,91.86
2017,Gasto liquidado de las administraciones locales en proporción al presupuesto aprobado originalmente,,,Ataun,%,Ataun,114.83,114.83
2021,Gasto liquidado de las administraciones locales en proporción al presupuesto aprobado originalmente,,,Ataun,%,Ataun,104.49,95.51
2023,Gasto liquidado de las administraciones locales en proporción al presupuesto aprobado originalmente,,,Ataun,%,Ataun,109.11,90.89
2015,Gasto liquidado de las administraciones locales en proporción al presupuesto aprobado originalmente,,,Ataun,%,Ataun,110.21,89.79
2011,Gasto liquidado de las administraciones locales en proporción al presupuesto aprobado originalmente,,,Ataun,%,Ataun,117.18,117.18
2016,Gasto liquidado de las administraciones locales en proporción al presupuesto aprobado originalmente,,,Ataun,%,Ataun,112.6,87.4
2014,Gasto liquidado de las administraciones locales en proporción al presupuesto aprobado originalmente,,,Ataun,%,Ataun,106.62,106.62
2022,Gasto liquidado de las administraciones locales en proporción al presupuesto aprobado originalmente,,,Ataun,%,Ataun,106.91,106.91
2023,Gasto liquidado de las administraciones locales en proporción al presupuesto aprobado originalmente,,,Atxondo,%,Atxondo,110.31,110.31
2019,Gasto liquidado de las administraciones locales en proporción al presupuesto aprobado originalmente,,,Atxondo,%,Atxondo,118.57,118.57
2017,Gasto liquidado de las administraciones locales en proporción al presupuesto aprobado originalmente,,,Atxondo,%,Atxondo,103.97,96.03
2012,Gasto liquidado de las administraciones locales en proporción al presupuesto aprobado originalmente,,,Atxondo,%,Atxondo,101.86,98.14
2015,Gasto liquidado de las administraciones locales en proporción al presupuesto aprobado originalmente,,,Atxondo,%,Atxondo,109.7,90.3
2011,Gasto liquidado de las administraciones locales en proporción al presupuesto aprobado originalmente,,,Atxondo,%,Atxondo,105.57,105.57
2020,Gasto liquidado de las administraciones locales en proporción al presupuesto aprobado originalmente,,,Atxondo,%,Atxondo,101.87,98.13
2016,Gasto liquidado de las administraciones locales en proporción al presupuesto aprobado originalmente,,,Atxondo,%,Atxondo,107.52,107.52
2013,Gasto liquidado de las administraciones locales en proporción al presupuesto aprobado originalmente,,,Atxondo,%,Atxondo,104.05,104.05
2010,Gasto liquidado de las administraciones locales en proporción al presupuesto aprobado originalmente,,,Atxondo,%,Atxondo,108.64,91.36
2022,Gasto liquidado de las administraciones locales en proporción al presupuesto aprobado originalmente,,,Atxondo,%,Atxondo,126.06,126.06
2018,Gasto liquidado de las administraciones locales en proporción al presupuesto aprobado originalmente,,,Atxondo,%,Atxondo,114.43,85.57
2021,Gasto liquidado de las administraciones locales en proporción al presupuesto aprobado originalmente,,,Atxondo,%,Atxondo,134.86,65.14
2014,Gasto liquidado de las administraciones locales en proporción al presupuesto aprobado originalmente,,,Atxondo,%,Atxondo,104.23,95.77
2016,Gasto liquidado de las administraciones locales en proporción al presupuesto aprobado originalmente,,,Aulesti,%,Aulesti,108.08,91.92
2023,Gasto liquidado de las administraciones locales en proporción al presupuesto aprobado originalmente,,,Aulesti,%,Aulesti,101.7,98.3
2021,Gasto liquidado de las administraciones locales en proporción al presupuesto aprobado originalmente,,,Aulesti,%,Aulesti,123.22,76.78
2012,Gasto liquidado de las administraciones locales en proporción al presupuesto aprobado originalmente,,,Aulesti,%,Aulesti,106.95,93.05
2017,Gasto liquidado de las administraciones locales en proporción al presupuesto aprobado originalmente,,,Aulesti,%,Aulesti,102.99,97.01
2010,Gasto liquidado de las administraciones locales en proporción al presupuesto aprobado originalmente,,,Aulesti,%,Aulesti,107.13,92.87
2015,Gasto liquidado de las administraciones locales en proporción al presupuesto aprobado originalmente,,,Aulesti,%,Aulesti,119.34,119.34
2022,Gasto liquidado de las administraciones locales en proporción al presupuesto aprobado originalmente,,,Aulesti,%,Aulesti,113.1,86.9
2020,Gasto liquidado de las administraciones locales en proporción al presupuesto aprobado originalmente,,,Aulesti,%,Aulesti,113.48,86.52
2011,Gasto liquidado de las administraciones locales en proporción al presupuesto aprobado originalmente,,,Aulesti,%,Aulesti,123.13,76.87
2014,Gasto liquidado de las administraciones locales en proporción al presupuesto aprobado originalmente,,,Aulesti,%,Aulesti,120.49,120.49
2018,Gasto liquidado de las administraciones locales en proporción al presupuesto aprobado originalmente,,,Aulesti,%,Aulesti,109.97,90.03
2013,Gasto liquidado de las administraciones locales en proporción al presupuesto aprobado originalmente,,,Aulesti,%,Aulesti,107.38,107.38
2019,Gasto liquidado de las administraciones locales en proporción al presupuesto aprobado originalmente,,,Aulesti,%,Aulesti,113.71,86.29
2010,Gasto liquidado de las administraciones locales en proporción al presupuesto aprobado originalmente,,,Ayala/Aiara,%,Ayala/Aiara,117.88,117.88
2016,Gasto liquidado de las administraciones locales en proporción al presupuesto aprobado originalmente,,,Ayala/Aiara,%,Ayala/Aiara,109.35,109.35
2018,Gasto liquidado de las administraciones locales en proporción al presupuesto aprobado originalmente,,,Ayala/Aiara,%,Ayala/Aiara,105.08,105.08
2019,Gasto liquidado de las administraciones locales en proporción al presupuesto aprobado originalmente,,,Ayala/Aiara,%,Ayala/Aiara,101.36,98.64
2012,Gasto liquidado de las administraciones locales en proporción al presupuesto aprobado originalmente,,,Ayala/Aiara,%,Ayala/Aiara,100.12,99.88
2022,Gasto liquidado de las administraciones locales en proporción al presupuesto aprobado originalmente,,,Ayala/Aiara,%,Ayala/Aiara,102.87,102.87
2014,Gasto liquidado de las administraciones locales en proporción al presupuesto aprobado originalmente,,,Ayala/Aiara,%,Ayala/Aiara,125.19,125.19
2021,Gasto liquidado de las administraciones locales en proporción al presupuesto aprobado originalmente,,,Ayala/Aiara,%,Ayala/Aiara,100.53,100.53
2015,Gasto liquidado de las administraciones locales en proporción al presupuesto aprobado originalmente,,,Ayala/Aiara,%,Ayala/Aiara,113.82,113.82
2020,Gasto liquidado de las administraciones locales en proporción al presupuesto aprobado originalmente,,,Ayala/Aiara,%,Ayala/Aiara,112.3,112.3
2023,Gasto liquidado de las administraciones locales en proporción al presupuesto aprobado originalmente,,,Ayala/Aiara,%,Ayala/Aiara,100.57,99.43
2011,Gasto liquidado de las administraciones locales en proporción al presupuesto aprobado originalmente,,,Ayala/Aiara,%,Ayala/Aiara,103.55,103.55
2013,Gasto liquidado de las administraciones locales en proporción al presupuesto aprobado originalmente,,,Ayala/Aiara,%,Ayala/Aiara,101.46,101.46
2017,Gasto liquidado de las administraciones locales en proporción al presupuesto aprobado originalmente,,,Ayala/Aiara,%,Ayala/Aiara,114.23,114.23
2017,Gasto liquidado de las administraciones locales en proporción al presupuesto aprobado originalmente,,,Azkoitia,%,Azkoitia,109.58,90.42
2018,Gasto liquidado de las administraciones locales en proporción al presupuesto aprobado originalmente,,,Azkoitia,%,Azkoitia,111.48,111.48
2020,Gasto liquidado de las administraciones locales en proporción al presupuesto aprobado originalmente,,,Azkoitia,%,Azkoitia,111.85,88.15
2015,Gasto liquidado de las administraciones locales en proporción al presupuesto aprobado originalmente,,,Azkoitia,%,Azkoitia,104.62,104.62
2016,Gasto liquidado de las administraciones locales en proporción al presupuesto aprobado originalmente,,,Azkoitia,%,Azkoitia,104.94,95.06
2010,Gasto liquidado de las administraciones locales en proporción al presupuesto aprobado originalmente,,,Azkoitia,%,Azkoitia,100.9,100.9
2012,Gasto liquidado de las administraciones locales en proporción al presupuesto aprobado originalmente,,,Azkoitia,%,Azkoitia,103.89,103.89
2011,Gasto liquidado de las administraciones locales en proporción al presupuesto aprobado originalmente,,,Azkoitia,%,Azkoitia,115.9,115.9
2014,Gasto liquidado de las administraciones locales en proporción al presupuesto aprobado originalmente,,,Azkoitia,%,Azkoitia,102.27,102.27
2022,Gasto liquidado de las administraciones locales en proporción al presupuesto aprobado originalmente,,,Azkoitia,%,Azkoitia,107.26,107.26
2021,Gasto liquidado de las administraciones locales en proporción al presupuesto aprobado originalmente,,,Azkoitia,%,Azkoitia,100.94,99.06
2013,Gasto liquidado de las administraciones locales en proporción al presupuesto aprobado originalmente,,,Azkoitia,%,Azkoitia,100.61,99.39
2019,Gasto liquidado de las administraciones locales en proporción al presupuesto aprobado originalmente,,,Azkoitia,%,Azkoitia,100.51,100.51
2023,Gasto liquidado de las administraciones locales en proporción al presupuesto aprobado originalmente,,,Azkoitia,%,Azkoitia,115.88,115.88
2010,Gasto liquidado de las administraciones locales en proporción al presupuesto aprobado originalmente,,,Azpeitia,%,Azpeitia,112.91,112.91
2016,Gasto liquidado de las administraciones locales en proporción al presupuesto aprobado originalmente,,,Azpeitia,%,Azpeitia,108.77,91.23
2012,Gasto liquidado de las administraciones locales en proporción al presupuesto aprobado originalmente,,,Azpeitia,%,Azpeitia,101.04,98.96
2015,Gasto liquidado de las administraciones locales en proporción al presupuesto aprobado originalmente,,,Azpeitia,%,Azpeitia,109.18,109.18
2014,Gasto liquidado de las administraciones locales en proporción al presupuesto aprobado originalmente,,,Azpeitia,%,Azpeitia,100.4,100.4
2011,Gasto liquidado de las administraciones locales en proporción al presupuesto aprobado originalmente,,,Azpeitia,%,Azpeitia,109.23,109.23
2023,Gasto liquidado de las administraciones locales en proporción al presupuesto aprobado originalmente,,,Azpeitia,%,Azpeitia,110.32,110.32
2013,Gasto liquidado de las administraciones locales en proporción al presupuesto aprobado originalmente,,,Azpeitia,%,Azpeitia,102.21,102.21
2018,Gasto liquidado de las administraciones locales en proporción al presupuesto aprobado originalmente,,,Azpeitia,%,Azpeitia,109.07,109.07
2021,Gasto liquidado de las administraciones locales en proporción al presupuesto aprobado originalmente,,,Azpeitia,%,Azpeitia,105.74,105.74
2022,Gasto liquidado de las administraciones locales en proporción al presupuesto aprobado originalmente,,,Azpeitia,%,Azpeitia,108.74,108.74
2019,Gasto liquidado de las administraciones locales en proporción al presupuesto aprobado originalmente,,,Azpeitia,%,Azpeitia,103.48,96.52
2017,Gasto liquidado de las administraciones locales en proporción al presupuesto aprobado originalmente,,,Azpeitia,%,Azpeitia,128.01,128.01
2020,Gasto liquidado de las administraciones locales en proporción al presupuesto aprobado originalmente,,,Azpeitia,%,Azpeitia,112.92,87.08
2018,Gasto liquidado de las administraciones locales en proporción al presupuesto aprobado originalmente,,,Bakio,%,Bakio,101.25,101.25
2016,Gasto liquidado de las administraciones locales en proporción al presupuesto aprobado originalmente,,,Bakio,%,Bakio,119.27,119.27
2019,Gasto liquidado de las administraciones locales en proporción al presupuesto aprobado originalmente,,,Bakio,%,Bakio,108.63,108.63
2015,Gasto liquidado de las administraciones locales en proporción al presupuesto aprobado originalmente,,,Bakio,%,Bakio,113.92,113.92
2021,Gasto liquidado de las administraciones locales en proporción al presupuesto aprobado originalmente,,,Bakio,%,Bakio,140.47,140.47
2017,Gasto liquidado de las administraciones locales en proporción al presupuesto aprobado originalmente,,,Bakio,%,Bakio,139.78,139.78
2023,Gasto liquidado de las administraciones locales en proporción al presupuesto aprobado originalmente,,,Bakio,%,Bakio,107.49,107.49
2014,Gasto liquidado de las administraciones locales en proporción al presupuesto aprobado originalmente,,,Bakio,%,Bakio,113.91,86.09
2013,Gasto liquidado de las administraciones locales en proporción al presupuesto aprobado originalmente,,,Bakio,%,Bakio,104.81,95.19
2011,Gasto liquidado de las administraciones locales en proporción al presupuesto aprobado originalmente,,,Bakio,%,Bakio,111.25,88.75
2010,Gasto liquidado de las administraciones locales en proporción al presupuesto aprobado originalmente,,,Bakio,%,Bakio,109.79,109.79
2012,Gasto liquidado de las administraciones locales en proporción al presupuesto aprobado originalmente,,,Bakio,%,Bakio,141.59,58.41
2020,Gasto liquidado de las administraciones locales en proporción al presupuesto aprobado originalmente,,,Bakio,%,Bakio,116.36,83.64
2022,Gasto liquidado de las administraciones locales en proporción al presupuesto aprobado originalmente,,,Bakio,%,Bakio,106.13,106.13
2016,Gasto liquidado de las administraciones locales en proporción al presupuesto aprobado originalmente,,,Baliarrain,%,Baliarrain,107.77,107.77
2018,Gasto liquidado de las administraciones locales en proporción al presupuesto aprobado originalmente,,,Baliarrain,%,Baliarrain,110.57,110.57
2013,Gasto liquidado de las administraciones locales en proporción al presupuesto aprobado originalmente,,,Baliarrain,%,Baliarrain,116.78,116.78
2021,Gasto liquidado de las administraciones locales en proporción al presupuesto aprobado originalmente,,,Baliarrain,%,Baliarrain,112.29,112.29
2014,Gasto liquidado de las administraciones locales en proporción al presupuesto aprobado originalmente,,,Baliarrain,%,Baliarrain,118.51,118.51
2010,Gasto liquidado de las administraciones locales en proporción al presupuesto aprobado originalmente,,,Baliarrain,%,Baliarrain,169.82,30.18
2017,Gasto liquidado de las administraciones locales en proporción al presupuesto aprobado originalmente,,,Baliarrain,%,Baliarrain,114.29,114.29
2012,Gasto liquidado de las administraciones locales en proporción al presupuesto aprobado originalmente,,,Baliarrain,%,Baliarrain,149.16,149.16
2020,Gasto liquidado de las administraciones locales en proporción al presupuesto aprobado originalmente,,,Baliarrain,%,Baliarrain,131.61,68.39
2011,Gasto liquidado de las administraciones locales en proporción al presupuesto aprobado originalmente,,,Baliarrain,%,Baliarrain,186.09,186.09
2019,Gasto liquidado de las administraciones locales en proporción al presupuesto aprobado originalmente,,,Baliarrain,%,Baliarrain,122.9,77.1
2015,Gasto liquidado de las administraciones locales en proporción al presupuesto aprobado originalmente,,,Baliarrain,%,Baliarrain,120.77,120.77
2023,Gasto liquidado de las administraciones locales en proporción al presupuesto aprobado originalmente,,,Baliarrain,%,Baliarrain,135.96,135.96
2022,Gasto liquidado de las administraciones locales en proporción al presupuesto aprobado originalmente,,,Baliarrain,%,Baliarrain,114.26,114.26
2012,Gasto liquidado de las administraciones locales en proporción al presupuesto aprobado originalmente,,,Balmaseda,%,Balmaseda,104.37,104.37
2016,Gasto liquidado de las administraciones locales en proporción al presupuesto aprobado originalmente,,,Balmaseda,%,Balmaseda,117.06,117.06
2017,Gasto liquidado de las administraciones locales en proporción al presupuesto aprobado originalmente,,,Balmaseda,%,Balmaseda,110.31,110.31
2011,Gasto liquidado de las administraciones locales en proporción al presupuesto aprobado originalmente,,,Balmaseda,%,Balmaseda,140.02,140.02
2018,Gasto liquidado de las administraciones locales en proporción al presupuesto aprobado originalmente,,,Balmaseda,%,Balmaseda,115.29,115.29
2015,Gasto liquidado de las administraciones locales en proporción al presupuesto aprobado originalmente,,,Balmaseda,%,Balmaseda,118.22,118.22
2013,Gasto liquidado de las administraciones locales en proporción al presupuesto aprobado originalmente,,,Balmaseda,%,Balmaseda,106.19,106.19
2020,Gasto liquidado de las administraciones locales en proporción al presupuesto aprobado originalmente,,,Balmaseda,%,Balmaseda,106.62,93.38
2019,Gasto liquidado de las administraciones locales en proporción al presupuesto aprobado originalmente,,,Balmaseda,%,Balmaseda,121.59,121.59
2014,Gasto liquidado de las administraciones locales en proporción al presupuesto aprobado originalmente,,,Balmaseda,%,Balmaseda,119.24,119.24
2022,Gasto liquidado de las administraciones locales en proporción al presupuesto aprobado originalmente,,,Balmaseda,%,Balmaseda,104.84,95.16
2010,Gasto liquidado de las administraciones locales en proporción al presupuesto aprobado originalmente,,,Balmaseda,%,Balmaseda,137.85,137.85
2021,Gasto liquidado de las administraciones locales en proporción al presupuesto aprobado originalmente,,,Balmaseda,%,Balmaseda,102.15,97.85
2023,Gasto liquidado de las administraciones locales en proporción al presupuesto aprobado originalmente,,,Balmaseda,%,Balmaseda,116.9,83.1
2014,Gasto liquidado de las administraciones locales en proporción al presupuesto aprobado originalmente,,,Baños de Ebro/Mañueta,%,Baños de Ebro/Mañueta,185.93,14.07
2022,Gasto liquidado de las administraciones locales en proporción al presupuesto aprobado originalmente,,,Baños de Ebro/Mañueta,%,Baños de Ebro/Mañueta,124.79,124.79
2020,Gasto liquidado de las administraciones locales en proporción al presupuesto aprobado originalmente,,,Baños de Ebro/Mañueta,%,Baños de Ebro/Mañueta,100.69,100.69
2010,Gasto liquidado de las administraciones locales en proporción al presupuesto aprobado originalmente,,,Baños de Ebro/Mañueta,%,Baños de Ebro/Mañueta,174.71,25.29
2013,Gasto liquidado de las administraciones locales en proporción al presupuesto aprobado originalmente,,,Baños de Ebro/Mañueta,%,Baños de Ebro/Mañueta,176.56,23.44
2023,Gasto liquidado de las administraciones locales en proporción al presupuesto aprobado originalmente,,,Baños de Ebro/Mañueta,%,Baños de Ebro/Mañueta,131.07,131.07
2018,Gasto liquidado de las administraciones locales en proporción al presupuesto aprobado originalmente,,,Baños de Ebro/Mañueta,%,Baños de Ebro/Mañueta,118.38,81.62
2015,Gasto liquidado de las administraciones locales en proporción al presupuesto aprobado originalmente,,,Baños de Ebro/Mañueta,%,Baños de Ebro/Mañueta,156.55,43.45
2011,Gasto liquidado de las administraciones locales en proporción al presupuesto aprobado originalmente,,,Baños de Ebro/Mañueta,%,Baños de Ebro/Mañueta,145.57,54.43
2016,Gasto liquidado de las administraciones locales en proporción al presupuesto aprobado originalmente,,,Baños de Ebro/Mañueta,%,Baños de Ebro/Mañueta,156.71,43.29
2017,Gasto liquidado de las administraciones locales en proporción al presupuesto aprobado originalmente,,,Baños de Ebro/Mañueta,%,Baños de Ebro/Mañueta,195.26,195.26
2021,Gasto liquidado de las administraciones locales en proporción al presupuesto aprobado originalmente,,,Baños de Ebro/Mañueta,%,Baños de Ebro/Mañueta,113.76,113.76
2012,Gasto liquidado de las administraciones locales en proporción al presupuesto aprobado originalmente,,,Baños de Ebro/Mañueta,%,Baños de Ebro/Mañueta,157.64,42.36
2019,Gasto liquidado de las administraciones locales en proporción al presupuesto aprobado originalmente,,,Baños de Ebro/Mañueta,%,Baños de Ebro/Mañueta,119.95,80.05
2014,Gasto liquidado de las administraciones locales en proporción al presupuesto aprobado originalmente,,,Barakaldo,%,Barakaldo,108.97,108.97
2011,Gasto liquidado de las administraciones locales en proporción al presupuesto aprobado originalmente,,,Barakaldo,%,Barakaldo,102.26,102.26
2013,Gasto liquidado de las administraciones locales en proporción al presupuesto aprobado originalmente,,,Barakaldo,%,Barakaldo,111.29,111.29
2012,Gasto liquidado de las administraciones locales en proporción al presupuesto aprobado originalmente,,,Barakaldo,%,Barakaldo,100.46,100.46
2023,Gasto liquidado de las administraciones locales en proporción al presupuesto aprobado originalmente,,,Barakaldo,%,Barakaldo,107.27,107.27
2016,Gasto liquidado de las administraciones locales en proporción al presupuesto aprobado originalmente,,,Barakaldo,%,Barakaldo,107.53,92.47
2017,Gasto liquidado de las administraciones locales en proporción al presupuesto aprobado originalmente,,,Barakaldo,%,Barakaldo,101.06,98.94
2020,Gasto liquidado de las administraciones locales en proporción al presupuesto aprobado originalmente,,,Barakaldo,%,Barakaldo,100.59,99.41
2019,Gasto liquidado de las administraciones locales en proporción al presupuesto aprobado originalmente,,,Barakaldo,%,Barakaldo,104.69,104.69
2021,Gasto liquidado de las administraciones locales en proporción al presupuesto aprobado originalmente,,,Barakaldo,%,Barakaldo,115.6,115.6
2010,Gasto liquidado de las administraciones locales en proporción al presupuesto aprobado originalmente,,,Barakaldo,%,Barakaldo,112.09,112.09
2018,Gasto liquidado de las administraciones locales en proporción al presupuesto aprobado originalmente,,,Barakaldo,%,Barakaldo,105.68,94.32
2022,Gasto liquidado de las administraciones locales en proporción al presupuesto aprobado originalmente,,,Barakaldo,%,Barakaldo,111.29,111.29
2015,Gasto liquidado de las administraciones locales en proporción al presupuesto aprobado originalmente,,,Barakaldo,%,Barakaldo,104.53,104.53
2019,Gasto liquidado de las administraciones locales en proporción al presupuesto aprobado originalmente,,,Barrika,%,Barrika,134.94,134.94
2020,Gasto liquidado de las administraciones locales en proporción al presupuesto aprobado originalmente,,,Barrika,%,Barrika,104.86,95.14
2014,Gasto liquidado de las administraciones locales en proporción al presupuesto aprobado originalmente,,,Barrika,%,Barrika,105.92,94.08
2010,Gasto liquidado de las administraciones locales en proporción al presupuesto aprobado originalmente,,,Barrika,%,Barrika,118.06,81.94
2018,Gasto liquidado de las administraciones locales en proporción al presupuesto aprobado originalmente,,,Barrika,%,Barrika,103.93,103.93
2021,Gasto liquidado de las administraciones locales en proporción al presupuesto aprobado originalmente,,,Barrika,%,Barrika,127.33,127.33
2023,Gasto liquidado de las administraciones locales en proporción al presupuesto aprobado originalmente,,,Barrika,%,Barrika,103.88,103.88
2016,Gasto liquidado de las administraciones locales en proporción al presupuesto aprobado originalmente,,,Barrika,%,Barrika,101.79,98.21
2022,Gasto liquidado de las administraciones locales en proporción al presupuesto aprobado originalmente,,,Barrika,%,Barrika,106.8,106.8
2011,Gasto liquidado de las administraciones locales en proporción al presupuesto aprobado originalmente,,,Barrika,%,Barrika,135.55,64.45
2013,Gasto liquidado de las administraciones locales en proporción al presupuesto aprobado originalmente,,,Barrika,%,Barrika,100.44,100.44
2012,Gasto liquidado de las administraciones locales en proporción al presupuesto aprobado originalmente,,,Barrika,%,Barrika,110.66,89.34
2015,Gasto liquidado de las administraciones locales en proporción al presupuesto aprobado originalmente,,,Barrika,%,Barrika,108.86,91.14
2017,Gasto liquidado de las administraciones locales en proporción al presupuesto aprobado originalmente,,,Barrika,%,Barrika,101.79,98.21
2010,Gasto liquidado de las administraciones locales en proporción al presupuesto aprobado originalmente,,,Barrundia,%,Barrundia,102.79,102.79
2023,Gasto liquidado de las administraciones locales en proporción al presupuesto aprobado originalmente,,,Barrundia,%,Barrundia,112.89,87.11
2021,Gasto liquidado de las administraciones locales en proporción al presupuesto aprobado originalmente,,,Barrundia,%,Barrundia,102.19,102.19
2017,Gasto liquidado de las administraciones locales en proporción al presupuesto aprobado originalmente,,,Barrundia,%,Barrundia,102.46,97.54
2015,Gasto liquidado de las administraciones locales en proporción al presupuesto aprobado originalmente,,,Barrundia,%,Barrundia,105.1,105.1
2012,Gasto liquidado de las administraciones locales en proporción al presupuesto aprobado originalmente,,,Barrundia,%,Barrundia,146.83,146.83
2014,Gasto liquidado de las administraciones locales en proporción al presupuesto aprobado originalmente,,,Barrundia,%,Barrundia,117.22,82.78
2011,Gasto liquidado de las administraciones locales en proporción al presupuesto aprobado originalmente,,,Barrundia,%,Barrundia,106.36,106.36
2016,Gasto liquidado de las administraciones locales en proporción al presupuesto aprobado originalmente,,,Barrundia,%,Barrundia,107.19,92.81
2022,Gasto liquidado de las administraciones locales en proporción al presupuesto aprobado originalmente,,,Barrundia,%,Barrundia,125.03,125.03
2020,Gasto liquidado de las administraciones locales en proporción al presupuesto aprobado originalmente,,,Barrundia,%,Barrundia,104.08,104.08
2019,Gasto liquidado de las administraciones locales en proporción al presupuesto aprobado originalmente,,,Barrundia,%,Barrundia,100.57,100.57
2013,Gasto liquidado de las administraciones locales en proporción al presupuesto aprobado originalmente,,,Barrundia,%,Barrundia,111.9,88.1
2018,Gasto liquidado de las administraciones locales en proporción al presupuesto aprobado originalmente,,,Barrundia,%,Barrundia,103.11,96.89
2019,Gasto liquidado de las administraciones locales en proporción al presupuesto aprobado originalmente,,,Basauri,%,Basauri,106.3,106.3
2011,Gasto liquidado de las administraciones locales en proporción al presupuesto aprobado originalmente,,,Basauri,%,Basauri,125.16,125.16
2021,Gasto liquidado de las administraciones locales en proporción al presupuesto aprobado originalmente,,,Basauri,%,Basauri,107.92,107.92
2023,Gasto liquidado de las administraciones locales en proporción al presupuesto aprobado originalmente,,,Basauri,%,Basauri,105.98,105.98
2010,Gasto liquidado de las administraciones locales en proporción al presupuesto aprobado originalmente,,,Basauri,%,Basauri,135.65,135.65
2015,Gasto liquidado de las administraciones locales en proporción al presupuesto aprobado originalmente,,,Basauri,%,Basauri,107.2,107.2
2013,Gasto liquidado de las administraciones locales en proporción al presupuesto aprobado originalmente,,,Basauri,%,Basauri,100.1,99.9
2017,Gasto liquidado de las administraciones locales en proporción al presupuesto aprobado originalmente,,,Basauri,%,Basauri,100.27,100.27
2014,Gasto liquidado de las administraciones locales en proporción al presupuesto aprobado originalmente,,,Basauri,%,Basauri,104.81,104.81
2016,Gasto liquidado de las administraciones locales en proporción al presupuesto aprobado originalmente,,,Basauri,%,Basauri,100.3,99.7
2020,Gasto liquidado de las administraciones locales en proporción al presupuesto aprobado originalmente,,,Basauri,%,Basauri,102.18,97.82
2022,Gasto liquidado de las administraciones locales en proporción al presupuesto aprobado originalmente,,,Basauri,%,Basauri,106.6,106.6
2012,Gasto liquidado de las administraciones locales en proporción al presupuesto aprobado originalmente,,,Basauri,%,Basauri,109.07,109.07
2018,Gasto liquidado de las administraciones locales en proporción al presupuesto aprobado originalmente,,,Basauri,%,Basauri,116.55,116.55
2020,Gasto liquidado de las administraciones locales en proporción al presupuesto aprobado originalmente,,,Beasain,%,Beasain,100.5,99.5
2016,Gasto liquidado de las administraciones locales en proporción al presupuesto aprobado originalmente,,,Beasain,%,Beasain,103.21,96.79
2012,Gasto liquidado de las administraciones locales en proporción al presupuesto aprobado originalmente,,,Beasain,%,Beasain,106.83,106.83
2022,Gasto liquidado de las administraciones locales en proporción al presupuesto aprobado originalmente,,,Beasain,%,Beasain,104.17,104.17
2011,Gasto liquidado de las administraciones locales en proporción al presupuesto aprobado originalmente,,,Beasain,%,Beasain,110.61,110.61
2018,Gasto liquidado de las administraciones locales en proporción al presupuesto aprobado originalmente,,,Beasain,%,Beasain,108.61,91.39
2010,Gasto liquidado de las administraciones locales en proporción al presupuesto aprobado originalmente,,,Beasain,%,Beasain,138.71,138.71
2017,Gasto liquidado de las administraciones locales en proporción al presupuesto aprobado originalmente,,,Beasain,%,Beasain,104.94,95.06
2014,Gasto liquidado de las administraciones locales en proporción al presupuesto aprobado originalmente,,,Beasain,%,Beasain,102.68,102.68
2021,Gasto liquidado de las administraciones locales en proporción al presupuesto aprobado originalmente,,,Beasain,%,Beasain,103.01,103.01
2015,Gasto liquidado de las administraciones locales en proporción al presupuesto aprobado originalmente,,,Beasain,%,Beasain,101.39,98.61
2023,Gasto liquidado de las administraciones locales en proporción al presupuesto aprobado originalmente,,,Beasain,%,Beasain,100.73,99.27
2013,Gasto liquidado de las administraciones locales en proporción al presupuesto aprobado originalmente,,,Beasain,%,Beasain,102.53,102.53
2019,Gasto liquidado de las administraciones locales en proporción al presupuesto aprobado originalmente,,,Beasain,%,Beasain,100.7,99.3
2023,Gasto liquidado de las administraciones locales en proporción al presupuesto aprobado originalmente,,,Bedia,%,Bedia,117.08,117.08
2021,Gasto liquidado de las administraciones locales en proporción al presupuesto aprobado originalmente,,,Bedia,%,Bedia,113.21,86.79
2016,Gasto liquidado de las administraciones locales en proporción al presupuesto aprobado originalmente,,,Bedia,%,Bedia,100.05,100.05
2010,Gasto liquidado de las administraciones locales en proporción al presupuesto aprobado originalmente,,,Bedia,%,Bedia,115.52,115.52
2015,Gasto liquidado de las administraciones locales en proporción al presupuesto aprobado originalmente,,,Bedia,%,Bedia,132.89,132.89
2018,Gasto liquidado de las administraciones locales en proporción al presupuesto aprobado originalmente,,,Bedia,%,Bedia,105.35,94.65
2014,Gasto liquidado de las administraciones locales en proporción al presupuesto aprobado originalmente,,,Bedia,%,Bedia,125.16,125.16
2022,Gasto liquidado de las administraciones locales en proporción al presupuesto aprobado originalmente,,,Bedia,%,Bedia,102.97,97.03
2017,Gasto liquidado de las administraciones locales en proporción al presupuesto aprobado originalmente,,,Bedia,%,Bedia,112.47,112.47
2020,Gasto liquidado de las administraciones locales en proporción al presupuesto aprobado originalmente,,,Bedia,%,Bedia,101.25,101.25
2011,Gasto liquidado de las administraciones locales en proporción al presupuesto aprobado originalmente,,,Bedia,%,Bedia,121.21,121.21
2019,Gasto liquidado de las administraciones locales en proporción al presupuesto aprobado originalmente,,,Bedia,%,Bedia,120.31,120.31
2013,Gasto liquidado de las administraciones locales en proporción al presupuesto aprobado originalmente,,,Bedia,%,Bedia,117.58,117.58
2012,Gasto liquidado de las administraciones locales en proporción al presupuesto aprobado originalmente,,,Bedia,%,Bedia,133.06,133.06
2013,Gasto liquidado de las administraciones locales en proporción al presupuesto aprobado originalmente,,,Beizama,%,Beizama,100.45,100.45
2019,Gasto liquidado de las administraciones locales en proporción al presupuesto aprobado originalmente,,,Beizama,%,Beizama,103.65,103.65
2016,Gasto liquidado de las administraciones locales en proporción al presupuesto aprobado originalmente,,,Beizama,%,Beizama,134.03,134.03
2011,Gasto liquidado de las administraciones locales en proporción al presupuesto aprobado originalmente,,,Beizama,%,Beizama,104.05,104.05
2012,Gasto liquidado de las administraciones locales en proporción al presupuesto aprobado originalmente,,,Beizama,%,Beizama,107.82,107.82
2021,Gasto liquidado de las administraciones locales en proporción al presupuesto aprobado originalmente,,,Beizama,%,Beizama,105.74,94.26
2010,Gasto liquidado de las administraciones locales en proporción al presupuesto aprobado originalmente,,,Beizama,%,Beizama,127.0,127.0
2020,Gasto liquidado de las administraciones locales en proporción al presupuesto aprobado originalmente,,,Beizama,%,Beizama,104.68,95.32
2017,Gasto liquidado de las administraciones locales en proporción al presupuesto aprobado originalmente,,,Beizama,%,Beizama,114.32,85.68
2022,Gasto liquidado de las administraciones locales en proporción al presupuesto aprobado originalmente,,,Beizama,%,Beizama,111.98,111.98
2018,Gasto liquidado de las administraciones locales en proporción al presupuesto aprobado originalmente,,,Beizama,%,Beizama,125.25,125.25
2014,Gasto liquidado de las administraciones locales en proporción al presupuesto aprobado originalmente,,,Beizama,%,Beizama,109.55,109.55
2023,Gasto liquidado de las administraciones locales en proporción al presupuesto aprobado originalmente,,,Beizama,%,Beizama,128.23,128.23
2015,Gasto liquidado de las administraciones locales en proporción al presupuesto aprobado originalmente,,,Beizama,%,Beizama,116.74,83.26
2017,Gasto liquidado de las administraciones locales en proporción al presupuesto aprobado originalmente,,,Belauntza,%,Belauntza,113.42,113.42
2021,Gasto liquidado de las administraciones locales en proporción al presupuesto aprobado originalmente,,,Belauntza,%,Belauntza,113.07,86.93
2011,Gasto liquidado de las administraciones locales en proporción al presupuesto aprobado originalmente,,,Belauntza,%,Belauntza,105.49,105.49
2016,Gasto liquidado de las administraciones locales en proporción al presupuesto aprobado originalmente,,,Belauntza,%,Belauntza,132.88,132.88
2022,Gasto liquidado de las administraciones locales en proporción al presupuesto aprobado originalmente,,,Belauntza,%,Belauntza,129.14,129.14
2012,Gasto liquidado de las administraciones locales en proporción al presupuesto aprobado originalmente,,,Belauntza,%,Belauntza,118.62,118.62
2018,Gasto liquidado de las administraciones locales en proporción al presupuesto aprobado originalmente,,,Belauntza,%,Belauntza,121.02,121.02
2010,Gasto liquidado de las administraciones locales en proporción al presupuesto aprobado originalmente,,,Belauntza,%,Belauntza,225.89,225.89
2013,Gasto liquidado de las administraciones locales en proporción al presupuesto aprobado originalmente,,,Belauntza,%,Belauntza,133.63,133.63
2014,Gasto liquidado de las administraciones locales en proporción al presupuesto aprobado originalmente,,,Belauntza,%,Belauntza,123.18,123.18
2023,Gasto liquidado de las administraciones locales en proporción al presupuesto aprobado originalmente,,,Belauntza,%,Belauntza,116.24,116.24
2020,Gasto liquidado de las administraciones locales en proporción al presupuesto aprobado originalmente,,,Belauntza,%,Belauntza,192.9,192.9
2019,Gasto liquidado de las administraciones locales en proporción al presupuesto aprobado originalmente,,,Belauntza,%,Belauntza,147.53,147.53
2015,Gasto liquidado de las administraciones locales en proporción al presupuesto aprobado originalmente,,,Belauntza,%,Belauntza,109.81,109.81
2011,Gasto liquidado de las administraciones locales en proporción al presupuesto aprobado originalmente,,,Berango,%,Berango,107.56,92.44
2021,Gasto liquidado de las administraciones locales en proporción al presupuesto aprobado originalmente,,,Berango,%,Berango,126.48,73.52
2017,Gasto liquidado de las administraciones locales en proporción al presupuesto aprobado originalmente,,,Berango,%,Berango,111.03,111.03
2014,Gasto liquidado de las administraciones locales en proporción al presupuesto aprobado originalmente,,,Berango,%,Berango,102.76,102.76
2016,Gasto liquidado de las administraciones locales en proporción al presupuesto aprobado originalmente,,,Berango,%,Berango,105.47,94.53
2018,Gasto liquidado de las administraciones locales en proporción al presupuesto aprobado originalmente,,,Berango,%,Berango,111.05,111.05
2019,Gasto liquidado de las administraciones locales en proporción al presupuesto aprobado originalmente,,,Berango,%,Berango,111.77,111.77
2013,Gasto liquidado de las administraciones locales en proporción al presupuesto aprobado originalmente,,,Berango,%,Berango,100.14,99.86
2015,Gasto liquidado de las administraciones locales en proporción al presupuesto aprobado originalmente,,,Berango,%,Berango,129.85,70.15
2023,Gasto liquidado de las administraciones locales en proporción al presupuesto aprobado originalmente,,,Berango,%,Berango,123.68,123.68
2010,Gasto liquidado de las administraciones locales en proporción al presupuesto aprobado originalmente,,,Berango,%,Berango,114.51,85.49
2012,Gasto liquidado de las administraciones locales en proporción al presupuesto aprobado originalmente,,,Berango,%,Berango,114.03,85.97
2020,Gasto liquidado de las administraciones locales en proporción al presupuesto aprobado originalmente,,,Berango,%,Berango,107.7,92.3
2022,Gasto liquidado de las administraciones locales en proporción al presupuesto aprobado originalmente,,,Berango,%,Berango,108.45,91.55
2019,Gasto liquidado de las administraciones locales en proporción al presupuesto aprobado originalmente,,,Berantevilla,%,Berantevilla,138.62,61.38
2023,Gasto liquidado de las administraciones locales en proporción al presupuesto aprobado originalmente,,,Berantevilla,%,Berantevilla,112.13,112.13
2013,Gasto liquidado de las administraciones locales en proporción al presupuesto aprobado originalmente,,,Berantevilla,%,Berantevilla,127.04,72.96
2021,Gasto liquidado de las administraciones locales en proporción al presupuesto aprobado originalmente,,,Berantevilla,%,Berantevilla,110.36,110.36
2010,Gasto liquidado de las administraciones locales en proporción al presupuesto aprobado originalmente,,,Berantevilla,%,Berantevilla,125.18,74.82
2015,Gasto liquidado de las administraciones locales en proporción al presupuesto aprobado originalmente,,,Berantevilla,%,Berantevilla,115.54,84.46
2020,Gasto liquidado de las administraciones locales en proporción al presupuesto aprobado originalmente,,,Berantevilla,%,Berantevilla,136.71,136.71
2016,Gasto liquidado de las administraciones locales en proporción al presupuesto aprobado originalmente,,,Berantevilla,%,Berantevilla,115.5,84.5
2017,Gasto liquidado de las administraciones locales en proporción al presupuesto aprobado originalmente,,,Berantevilla,%,Berantevilla,117.06,82.94
2018,Gasto liquidado de las administraciones locales en proporción al presupuesto aprobado originalmente,,,Berantevilla,%,Berantevilla,138.56,61.44
2014,Gasto liquidado de las administraciones locales en proporción al presupuesto aprobado originalmente,,,Berantevilla,%,Berantevilla,110.05,110.05
2022,Gasto liquidado de las administraciones locales en proporción al presupuesto aprobado originalmente,,,Berantevilla,%,Berantevilla,120.62,120.62
2012,Gasto liquidado de las administraciones locales en proporción al presupuesto aprobado originalmente,,,Berantevilla,%,Berantevilla,105.48,94.52
2011,Gasto liquidado de las administraciones locales en proporción al presupuesto aprobado originalmente,,,Berantevilla,%,Berantevilla,116.03,116.03
2022,Gasto liquidado de las administraciones locales en proporción al presupuesto aprobado originalmente,,,Berastegi,%,Berastegi,129.11,129.11
2021,Gasto liquidado de las administraciones locales en proporción al presupuesto aprobado originalmente,,,Berastegi,%,Berastegi,138.76,138.76
2012,Gasto liquidado de las administraciones locales en proporción al presupuesto aprobado originalmente,,,Berastegi,%,Berastegi,112.77,112.77
2011,Gasto liquidado de las administraciones locales en proporción al presupuesto aprobado originalmente,,,Berastegi,%,Berastegi,111.76,88.24
2010,Gasto liquidado de las administraciones locales en proporción al presupuesto aprobado originalmente,,,Berastegi,%,Berastegi,102.91,97.09
2017,Gasto liquidado de las administraciones locales en proporción al presupuesto aprobado originalmente,,,Berastegi,%,Berastegi,133.19,133.19
2014,Gasto liquidado de las administraciones locales en proporción al presupuesto aprobado originalmente,,,Berastegi,%,Berastegi,109.15,90.85
2019,Gasto liquidado de las administraciones locales en proporción al presupuesto aprobado originalmente,,,Berastegi,%,Berastegi,106.59,106.59
2016,Gasto liquidado de las administraciones locales en proporción al presupuesto aprobado originalmente,,,Berastegi,%,Berastegi,109.3,109.3
2020,Gasto liquidado de las administraciones locales en proporción al presupuesto aprobado originalmente,,,Berastegi,%,Berastegi,106.68,93.32
2015,Gasto liquidado de las administraciones locales en proporción al presupuesto aprobado originalmente,,,Berastegi,%,Berastegi,147.1,147.1
2023,Gasto liquidado de las administraciones locales en proporción al presupuesto aprobado originalmente,,,Berastegi,%,Berastegi,132.85,132.85
2013,Gasto liquidado de las administraciones locales en proporción al presupuesto aprobado originalmente,,,Berastegi,%,Berastegi,105.31,105.31
2018,Gasto liquidado de las administraciones locales en proporción al presupuesto aprobado originalmente,,,Berastegi,%,Berastegi,103.95,103.95
2018,Gasto liquidado de las administraciones locales en proporción al presupuesto aprobado originalmente,,,Bergara,%,Bergara,111.74,88.26
2019,Gasto liquidado de las administraciones locales en proporción al presupuesto aprobado originalmente,,,Bergara,%,Bergara,107.3,92.7
2022,Gasto liquidado de las administraciones locales en proporción al presupuesto aprobado originalmente,,,Bergara,%,Bergara,100.88,100.88
2021,Gasto liquidado de las administraciones locales en proporción al presupuesto aprobado originalmente,,,Bergara,%,Bergara,108.29,91.71
2012,Gasto liquidado de las administraciones locales en proporción al presupuesto aprobado originalmente,,,Bergara,%,Bergara,111.02,88.98
2015,Gasto liquidado de las administraciones locales en proporción al presupuesto aprobado originalmente,,,Bergara,%,Bergara,102.75,97.25
2023,Gasto liquidado de las administraciones locales en proporción al presupuesto aprobado originalmente,,,Bergara,%,Bergara,107.43,92.57
2010,Gasto liquidado de las administraciones locales en proporción al presupuesto aprobado originalmente,,,Bergara,%,Bergara,107.73,107.73
2017,Gasto liquidado de las administraciones locales en proporción al presupuesto aprobado originalmente,,,Bergara,%,Bergara,107.4,92.6
2013,Gasto liquidado de las administraciones locales en proporción al presupuesto aprobado originalmente,,,Bergara,%,Bergara,111.15,88.85
2011,Gasto liquidado de las administraciones locales en proporción al presupuesto aprobado originalmente,,,Bergara,%,Bergara,100.28,100.28
2020,Gasto liquidado de las administraciones locales en proporción al presupuesto aprobado originalmente,,,Bergara,%,Bergara,107.25,92.75
2016,Gasto liquidado de las administraciones locales en proporción al presupuesto aprobado originalmente,,,Bergara,%,Bergara,100.56,100.56
2014,Gasto liquidado de las administraciones locales en proporción al presupuesto aprobado originalmente,,,Bergara,%,Bergara,107.05,107.05
2011,Gasto liquidado de las administraciones locales en proporción al presupuesto aprobado originalmente,,,Bermeo,%,Bermeo,108.42,108.42
2016,Gasto liquidado de las administraciones locales en proporción al presupuesto aprobado originalmente,,,Bermeo,%,Bermeo,108.06,108.06
2010,Gasto liquidado de las administraciones locales en proporción al presupuesto aprobado originalmente,,,Bermeo,%,Bermeo,126.5,126.5
2018,Gasto liquidado de las administraciones locales en proporción al presupuesto aprobado originalmente,,,Bermeo,%,Bermeo,108.51,108.51
2022,Gasto liquidado de las administraciones locales en proporción al presupuesto aprobado originalmente,,,Bermeo,%,Bermeo,110.87,110.87
2023,Gasto liquidado de las administraciones locales en proporción al presupuesto aprobado originalmente,,,Bermeo,%,Bermeo,107.03,107.03
2014,Gasto liquidado de las administraciones locales en proporción al presupuesto aprobado originalmente,,,Bermeo,%,Bermeo,100.46,99.54
2021,Gasto liquidado de las administraciones locales en proporción al presupuesto aprobado originalmente,,,Bermeo,%,Bermeo,101.85,98.15
2012,Gasto liquidado de las administraciones locales en proporción al presupuesto aprobado originalmente,,,Bermeo,%,Bermeo,108.75,91.25
2015,Gasto liquidado de las administraciones locales en proporción al presupuesto aprobado originalmente,,,Bermeo,%,Bermeo,105.94,105.94
2019,Gasto liquidado de las administraciones locales en proporción al presupuesto aprobado originalmente,,,Bermeo,%,Bermeo,103.65,103.65
2017,Gasto liquidado de las administraciones locales en proporción al presupuesto aprobado originalmente,,,Bermeo,%,Bermeo,102.31,102.31
2013,Gasto liquidado de las administraciones locales en proporción al presupuesto aprobado originalmente,,,Bermeo,%,Bermeo,109.32,109.32
2020,Gasto liquidado de las administraciones locales en proporción al presupuesto aprobado originalmente,,,Bermeo,%,Bermeo,100.3,100.3
2016,Gasto liquidado de las administraciones locales en proporción al presupuesto aprobado originalmente,,,Bernedo,%,Bernedo,114.24,114.24
2018,Gasto liquidado de las administraciones locales en proporción al presupuesto aprobado originalmente,,,Bernedo,%,Bernedo,110.2,110.2
2021,Gasto liquidado de las administraciones locales en proporción al presupuesto aprobado originalmente,,,Bernedo,%,Bernedo,111.27,88.73
2023,Gasto liquidado de las administraciones locales en proporción al presupuesto aprobado originalmente,,,Bernedo,%,Bernedo,111.71,88.29
2012,Gasto liquidado de las administraciones locales en proporción al presupuesto aprobado originalmente,,,Bernedo,%,Bernedo,104.31,95.69
2019,Gasto liquidado de las administraciones locales en proporción al presupuesto aprobado originalmente,,,Bernedo,%,Bernedo,126.05,126.05
2010,Gasto liquidado de las administraciones locales en proporción al presupuesto aprobado originalmente,,,Bernedo,%,Bernedo,113.07,113.07
2013,Gasto liquidado de las administraciones locales en proporción al presupuesto aprobado originalmente,,,Bernedo,%,Bernedo,103.68,103.68
2011,Gasto liquidado de las administraciones locales en proporción al presupuesto aprobado originalmente,,,Bernedo,%,Bernedo,154.29,154.29
2017,Gasto liquidado de las administraciones locales en proporción al presupuesto aprobado originalmente,,,Bernedo,%,Bernedo,123.44,76.56
2020,Gasto liquidado de las administraciones locales en proporción al presupuesto aprobado originalmente,,,Bernedo,%,Bernedo,105.55,94.45
2022,Gasto liquidado de las administraciones locales en proporción al presupuesto aprobado originalmente,,,Bernedo,%,Bernedo,135.27,135.27
2015,Gasto liquidado de las administraciones locales en proporción al presupuesto aprobado originalmente,,,Bernedo,%,Bernedo,136.92000000000002,63.08
2014,Gasto liquidado de las administraciones locales en proporción al presupuesto aprobado originalmente,,,Bernedo,%,Bernedo,106.11,93.89
2016,Gasto liquidado de las administraciones locales en proporción al presupuesto aprobado originalmente,,,Berriatua,%,Berriatua,110.0,110.0
2017,Gasto liquidado de las administraciones locales en proporción al presupuesto aprobado originalmente,,,Berriatua,%,Berriatua,127.06,127.06
2011,Gasto liquidado de las administraciones locales en proporción al presupuesto aprobado originalmente,,,Berriatua,%,Berriatua,175.98,175.98
2023,Gasto liquidado de las administraciones locales en proporción al presupuesto aprobado originalmente,,,Berriatua,%,Berriatua,105.67,94.33
2015,Gasto liquidado de las administraciones locales en proporción al presupuesto aprobado originalmente,,,Berriatua,%,Berriatua,117.36,82.64
2014,Gasto liquidado de las administraciones locales en proporción al presupuesto aprobado originalmente,,,Berriatua,%,Berriatua,112.88,112.88
2020,Gasto liquidado de las administraciones locales en proporción al presupuesto aprobado originalmente,,,Berriatua,%,Berriatua,113.85,86.15
2022,Gasto liquidado de las administraciones locales en proporción al presupuesto aprobado originalmente,,,Berriatua,%,Berriatua,105.24,105.24
2021,Gasto liquidado de las administraciones locales en proporción al presupuesto aprobado originalmente,,,Berriatua,%,Berriatua,101.35,98.65
2018,Gasto liquidado de las administraciones locales en proporción al presupuesto aprobado originalmente,,,Berriatua,%,Berriatua,105.29,105.29
2012,Gasto liquidado de las administraciones locales en proporción al presupuesto aprobado originalmente,,,Berriatua,%,Berriatua,129.27,129.27
2010,Gasto liquidado de las administraciones locales en proporción al presupuesto aprobado originalmente,,,Berriatua,%,Berriatua,107.28,107.28
2013,Gasto liquidado de las administraciones locales en proporción al presupuesto aprobado originalmente,,,Berriatua,%,Berriatua,111.4,111.4
2019,Gasto liquidado de las administraciones locales en proporción al presupuesto aprobado originalmente,,,Berriatua,%,Berriatua,113.37,86.63
2013,Gasto liquidado de las administraciones locales en proporción al presupuesto aprobado originalmente,,,Berriz,%,Berriz,100.15,99.85
2018,Gasto liquidado de las administraciones locales en proporción al presupuesto aprobado originalmente,,,Berriz,%,Berriz,113.0,113.0
2019,Gasto liquidado de las administraciones locales en proporción al presupuesto aprobado originalmente,,,Berriz,%,Berriz,106.49,106.49
2021,Gasto liquidado de las administraciones locales en proporción al presupuesto aprobado originalmente,,,Berriz,%,Berriz,101.27,101.27
2010,Gasto liquidado de las administraciones locales en proporción al presupuesto aprobado originalmente,,,Berriz,%,Berriz,123.7,123.7
2014,Gasto liquidado de las administraciones locales en proporción al presupuesto aprobado originalmente,,,Berriz,%,Berriz,108.0,108.0
2015,Gasto liquidado de las administraciones locales en proporción al presupuesto aprobado originalmente,,,Berriz,%,Berriz,107.56,107.56
2017,Gasto liquidado de las administraciones locales en proporción al presupuesto aprobado originalmente,,,Berriz,%,Berriz,105.5,105.5
2012,Gasto liquidado de las administraciones locales en proporción al presupuesto aprobado originalmente,,,Berriz,%,Berriz,120.03,120.03
2016,Gasto liquidado de las administraciones locales en proporción al presupuesto aprobado originalmente,,,Berriz,%,Berriz,132.8,132.8
2020,Gasto liquidado de las administraciones locales en proporción al presupuesto aprobado originalmente,,,Berriz,%,Berriz,112.21,87.79
2022,Gasto liquidado de las administraciones locales en proporción al presupuesto aprobado originalmente,,,Berriz,%,Berriz,114.84,114.84
2023,Gasto liquidado de las administraciones locales en proporción al presupuesto aprobado originalmente,,,Berriz,%,Berriz,122.15,122.15
2011,Gasto liquidado de las administraciones locales en proporción al presupuesto aprobado originalmente,,,Berriz,%,Berriz,122.79,122.79
2010,Gasto liquidado de las administraciones locales en proporción al presupuesto aprobado originalmente,,,Berrobi,%,Berrobi,141.45,141.45
2018,Gasto liquidado de las administraciones locales en proporción al presupuesto aprobado originalmente,,,Berrobi,%,Berrobi,112.9,87.1
2017,Gasto liquidado de las administraciones locales en proporción al presupuesto aprobado originalmente,,,Berrobi,%,Berrobi,107.06,107.06
2020,Gasto liquidado de las administraciones locales en proporción al presupuesto aprobado originalmente,,,Berrobi,%,Berrobi,102.84,102.84
2014,Gasto liquidado de las administraciones locales en proporción al presupuesto aprobado originalmente,,,Berrobi,%,Berrobi,120.09,120.09
2023,Gasto liquidado de las administraciones locales en proporción al presupuesto aprobado originalmente,,,Berrobi,%,Berrobi,109.11,109.11
2019,Gasto liquidado de las administraciones locales en proporción al presupuesto aprobado originalmente,,,Berrobi,%,Berrobi,101.6,98.4
2021,Gasto liquidado de las administraciones locales en proporción al presupuesto aprobado originalmente,,,Berrobi,%,Berrobi,105.04,105.04
2016,Gasto liquidado de las administraciones locales en proporción al presupuesto aprobado originalmente,,,Berrobi,%,Berrobi,114.11,114.11
2012,Gasto liquidado de las administraciones locales en proporción al presupuesto aprobado originalmente,,,Berrobi,%,Berrobi,111.68,111.68
2011,Gasto liquidado de las administraciones locales en proporción al presupuesto aprobado originalmente,,,Berrobi,%,Berrobi,102.06,97.94
2022,Gasto liquidado de las administraciones locales en proporción al presupuesto aprobado originalmente,,,Berrobi,%,Berrobi,115.21,115.21
2015,Gasto liquidado de las administraciones locales en proporción al presupuesto aprobado originalmente,,,Berrobi,%,Berrobi,108.66,91.34
2013,Gasto liquidado de las administraciones locales en proporción al presupuesto aprobado originalmente,,,Berrobi,%,Berrobi,105.12,105.12
2020,Gasto liquidado de las administraciones locales en proporción al presupuesto aprobado originalmente,,,Bidania-Goiatz,%,Bidania-Goiatz,131.5,131.5
2019,Gasto liquidado de las administraciones locales en proporción al presupuesto aprobado originalmente,,,Bidania-Goiatz,%,Bidania-Goiatz,102.17,102.17
2021,Gasto liquidado de las administraciones locales en proporción al presupuesto aprobado originalmente,,,Bidania-Goiatz,%,Bidania-Goiatz,112.83,112.83
2017,Gasto liquidado de las administraciones locales en proporción al presupuesto aprobado originalmente,,,Bidania-Goiatz,%,Bidania-Goiatz,105.07,94.93
2016,Gasto liquidado de las administraciones locales en proporción al presupuesto aprobado originalmente,,,Bidania-Goiatz,%,Bidania-Goiatz,105.52,105.52
2015,Gasto liquidado de las administraciones locales en proporción al presupuesto aprobado originalmente,,,Bidania-Goiatz,%,Bidania-Goiatz,111.35,111.35
2022,Gasto liquidado de las administraciones locales en proporción al presupuesto aprobado originalmente,,,Bidania-Goiatz,%,Bidania-Goiatz,103.72,103.72
2013,Gasto liquidado de las administraciones locales en proporción al presupuesto aprobado originalmente,,,Bidania-Goiatz,%,Bidania-Goiatz,101.41,101.41
2010,Gasto liquidado de las administraciones locales en proporción al presupuesto aprobado originalmente,,,Bidania-Goiatz,%,Bidania-Goiatz,117.15,117.15
2018,Gasto liquidado de las administraciones locales en proporción al presupuesto aprobado originalmente,,,Bidania-Goiatz,%,Bidania-Goiatz,102.53,97.47
2023,Gasto liquidado de las administraciones locales en proporción al presupuesto aprobado originalmente,,,Bidania-Goiatz,%,Bidania-Goiatz,111.85,111.85
2012,Gasto liquidado de las administraciones locales en proporción al presupuesto aprobado originalmente,,,Bidania-Goiatz,%,Bidania-Goiatz,100.37,100.37
2011,Gasto liquidado de las administraciones locales en proporción al presupuesto aprobado originalmente,,,Bidania-Goiatz,%,Bidania-Goiatz,100.72,100.72
2014,Gasto liquidado de las administraciones locales en proporción al presupuesto aprobado originalmente,,,Bidania-Goiatz,%,Bidania-Goiatz,108.13,108.13
2014,Gasto liquidado de las administraciones locales en proporción al presupuesto aprobado originalmente,,,Bilbao,%,Bilbao,105.01,94.99
2019,Gasto liquidado de las administraciones locales en proporción al presupuesto aprobado originalmente,,,Bilbao,%,Bilbao,101.64,98.36
2011,Gasto liquidado de las administraciones locales en proporción al presupuesto aprobado originalmente,,,Bilbao,%,Bilbao,100.79,100.79
2023,Gasto liquidado de las administraciones locales en proporción al presupuesto aprobado originalmente,,,Bilbao,%,Bilbao,101.16,98.84
2010,Gasto liquidado de las administraciones locales en proporción al presupuesto aprobado originalmente,,,Bilbao,%,Bilbao,110.75,110.75
2012,Gasto liquidado de las administraciones locales en proporción al presupuesto aprobado originalmente,,,Bilbao,%,Bilbao,104.78,95.22
2016,Gasto liquidado de las administraciones locales en proporción al presupuesto aprobado originalmente,,,Bilbao,%,Bilbao,109.55,90.45
2020,Gasto liquidado de las administraciones locales en proporción al presupuesto aprobado originalmente,,,Bilbao,%,Bilbao,106.7,93.3
2022,Gasto liquidado de las administraciones locales en proporción al presupuesto aprobado originalmente,,,Bilbao,%,Bilbao,102.26,97.74
2021,Gasto liquidado de las administraciones locales en proporción al presupuesto aprobado originalmente,,,Bilbao,%,Bilbao,102.98,97.02
2018,Gasto liquidado de las administraciones locales en proporción al presupuesto aprobado originalmente,,,Bilbao,%,Bilbao,103.77,96.23
2017,Gasto liquidado de las administraciones locales en proporción al presupuesto aprobado originalmente,,,Bilbao,%,Bilbao,102.55,97.45
2015,Gasto liquidado de las administraciones locales en proporción al presupuesto aprobado originalmente,,,Bilbao,%,Bilbao,106.08,93.92
2013,Gasto liquidado de las administraciones locales en proporción al presupuesto aprobado originalmente,,,Bilbao,%,Bilbao,103.85,96.15
2020,Gasto liquidado de las administraciones locales en proporción al presupuesto aprobado originalmente,,,Busturia,%,Busturia,110.69,89.31
2012,Gasto liquidado de las administraciones locales en proporción al presupuesto aprobado originalmente,,,Busturia,%,Busturia,123.19,123.19
2021,Gasto liquidado de las administraciones locales en proporción al presupuesto aprobado originalmente,,,Busturia,%,Busturia,110.76,89.24
2019,Gasto liquidado de las administraciones locales en proporción al presupuesto aprobado originalmente,,,Busturia,%,Busturia,116.73,116.73
2014,Gasto liquidado de las administraciones locales en proporción al presupuesto aprobado originalmente,,,Busturia,%,Busturia,105.43,105.43
2013,Gasto liquidado de las administraciones locales en proporción al presupuesto aprobado originalmente,,,Busturia,%,Busturia,110.35,110.35
2011,Gasto liquidado de las administraciones locales en proporción al presupuesto aprobado originalmente,,,Busturia,%,Busturia,101.01,98.99
2015,Gasto liquidado de las administraciones locales en proporción al presupuesto aprobado originalmente,,,Busturia,%,Busturia,108.34,108.34
2023,Gasto liquidado de las administraciones locales en proporción al presupuesto aprobado originalmente,,,Busturia,%,Busturia,100.02,100.02
2010,Gasto liquidado de las administraciones locales en proporción al presupuesto aprobado originalmente,,,Busturia,%,Busturia,116.58,116.58
2018,Gasto liquidado de las administraciones locales en proporción al presupuesto aprobado originalmente,,,Busturia,%,Busturia,115.55,84.45
2022,Gasto liquidado de las administraciones locales en proporción al presupuesto aprobado originalmente,,,Busturia,%,Busturia,115.86,115.86
2017,Gasto liquidado de las administraciones locales en proporción al presupuesto aprobado originalmente,,,Busturia,%,Busturia,102.32,97.68
2016,Gasto liquidado de las administraciones locales en proporción al presupuesto aprobado originalmente,,,Busturia,%,Busturia,109.85,109.85
2017,Gasto liquidado de las administraciones locales en proporción al presupuesto aprobado originalmente,,,Campezo/Kanpezu,%,Campezo/Kanpezu,111.51,111.51
2011,Gasto liquidado de las administraciones locales en proporción al presupuesto aprobado originalmente,,,Campezo/Kanpezu,%,Campezo/Kanpezu,105.63,105.63
2021,Gasto liquidado de las administraciones locales en proporción al presupuesto aprobado originalmente,,,Campezo/Kanpezu,%,Campezo/Kanpezu,135.63,64.37
2010,Gasto liquidado de las administraciones locales en proporción al presupuesto aprobado originalmente,,,Campezo/Kanpezu,%,Campezo/Kanpezu,150.71,150.71
2012,Gasto liquidado de las administraciones locales en proporción al presupuesto aprobado originalmente,,,Campezo/Kanpezu,%,Campezo/Kanpezu,109.81,109.81
2016,Gasto liquidado de las administraciones locales en proporción al presupuesto aprobado originalmente,,,Campezo/Kanpezu,%,Campezo/Kanpezu,123.59,76.41
2022,Gasto liquidado de las administraciones locales en proporción al presupuesto aprobado originalmente,,,Campezo/Kanpezu,%,Campezo/Kanpezu,149.25,149.25
2015,Gasto liquidado de las administraciones locales en proporción al presupuesto aprobado originalmente,,,Campezo/Kanpezu,%,Campezo/Kanpezu,103.57,103.57
2013,Gasto liquidado de las administraciones locales en proporción al presupuesto aprobado originalmente,,,Campezo/Kanpezu,%,Campezo/Kanpezu,122.18,122.18
2020,Gasto liquidado de las administraciones locales en proporción al presupuesto aprobado originalmente,,,Campezo/Kanpezu,%,Campezo/Kanpezu,128.28,71.72
2014,Gasto liquidado de las administraciones locales en proporción al presupuesto aprobado originalmente,,,Campezo/Kanpezu,%,Campezo/Kanpezu,100.86,100.86
2019,Gasto liquidado de las administraciones locales en proporción al presupuesto aprobado originalmente,,,Campezo/Kanpezu,%,Campezo/Kanpezu,120.48,79.52
2018,Gasto liquidado de las administraciones locales en proporción al presupuesto aprobado originalmente,,,Campezo/Kanpezu,%,Campezo/Kanpezu,123.03,76.97
2023,Gasto liquidado de las administraciones locales en proporción al presupuesto aprobado originalmente,,,Campezo/Kanpezu,%,Campezo/Kanpezu,139.9,139.9
2013,Gasto liquidado de las administraciones locales en proporción al presupuesto aprobado originalmente,,,Deba,%,Deba,112.12,112.12
2017,Gasto liquidado de las administraciones locales en proporción al presupuesto aprobado originalmente,,,Deba,%,Deba,103.32,103.32
2014,Gasto liquidado de las administraciones locales en proporción al presupuesto aprobado originalmente,,,Deba,%,Deba,119.53,119.53
2023,Gasto liquidado de las administraciones locales en proporción al presupuesto aprobado originalmente,,,Deba,%,Deba,115.27,115.27
2021,Gasto liquidado de las administraciones locales en proporción al presupuesto aprobado originalmente,,,Deba,%,Deba,102.16,102.16
2019,Gasto liquidado de las administraciones locales en proporción al presupuesto aprobado originalmente,,,Deba,%,Deba,122.16,122.16
2011,Gasto liquidado de las administraciones locales en proporción al presupuesto aprobado originalmente,,,Deba,%,Deba,122.59,122.59
2012,Gasto liquidado de las administraciones locales en proporción al presupuesto aprobado originalmente,,,Deba,%,Deba,100.63,99.37
2015,Gasto liquidado de las administraciones locales en proporción al presupuesto aprobado originalmente,,,Deba,%,Deba,132.72,132.72
2020,Gasto liquidado de las administraciones locales en proporción al presupuesto aprobado originalmente,,,Deba,%,Deba,106.14,106.14
2016,Gasto liquidado de las administraciones locales en proporción al presupuesto aprobado originalmente,,,Deba,%,Deba,102.64,97.36
2018,Gasto liquidado de las administraciones locales en proporción al presupuesto aprobado originalmente,,,Deba,%,Deba,108.96,108.96
2010,Gasto liquidado de las administraciones locales en proporción al presupuesto aprobado originalmente,,,Deba,%,Deba,143.17,143.17
2022,Gasto liquidado de las administraciones locales en proporción al presupuesto aprobado originalmente,,,Deba,%,Deba,114.51,114.51
2014,Gasto liquidado de las administraciones locales en proporción al presupuesto aprobado originalmente,,,Derio,%,Derio,103.99,96.01
2017,Gasto liquidado de las administraciones locales en proporción al presupuesto aprobado originalmente,,,Derio,%,Derio,107.33,107.33
2020,Gasto liquidado de las administraciones locales en proporción al presupuesto aprobado originalmente,,,Derio,%,Derio,105.33,94.67
2016,Gasto liquidado de las administraciones locales en proporción al presupuesto aprobado originalmente,,,Derio,%,Derio,110.02,110.02
2018,Gasto liquidado de las administraciones locales en proporción al presupuesto aprobado originalmente,,,Derio,%,Derio,105.61,105.61
2011,Gasto liquidado de las administraciones locales en proporción al presupuesto aprobado originalmente,,,Derio,%,Derio,126.78,126.78
2022,Gasto liquidado de las administraciones locales en proporción al presupuesto aprobado originalmente,,,Derio,%,Derio,114.9,114.9
2013,Gasto liquidado de las administraciones locales en proporción al presupuesto aprobado originalmente,,,Derio,%,Derio,100.55,99.45
2012,Gasto liquidado de las administraciones locales en proporción al presupuesto aprobado originalmente,,,Derio,%,Derio,101.51,101.51
2019,Gasto liquidado de las administraciones locales en proporción al presupuesto aprobado originalmente,,,Derio,%,Derio,105.86,105.86
2023,Gasto liquidado de las administraciones locales en proporción al presupuesto aprobado originalmente,,,Derio,%,Derio,105.88,105.88
2021,Gasto liquidado de las administraciones locales en proporción al presupuesto aprobado originalmente,,,Derio,%,Derio,118.58,118.58
2015,Gasto liquidado de las administraciones locales en proporción al presupuesto aprobado originalmente,,,Derio,%,Derio,122.99,77.01
2010,Gasto liquidado de las administraciones locales en proporción al presupuesto aprobado originalmente,,,Derio,%,Derio,128.66,128.66
2021,Gasto liquidado de las administraciones locales en proporción al presupuesto aprobado originalmente,,,Dima,%,Dima,107.41,107.41
2022,Gasto liquidado de las administraciones locales en proporción al presupuesto aprobado originalmente,,,Dima,%,Dima,137.66,137.66
2018,Gasto liquidado de las administraciones locales en proporción al presupuesto aprobado originalmente,,,Dima,%,Dima,111.21,111.21
2014,Gasto liquidado de las administraciones locales en proporción al presupuesto aprobado originalmente,,,Dima,%,Dima,171.1,171.1
2015,Gasto liquidado de las administraciones locales en proporción al presupuesto aprobado originalmente,,,Dima,%,Dima,120.53,120.53
2023,Gasto liquidado de las administraciones locales en proporción al presupuesto aprobado originalmente,,,Dima,%,Dima,139.25,139.25
2011,Gasto liquidado de las administraciones locales en proporción al presupuesto aprobado originalmente,,,Dima,%,Dima,135.42,135.42
2010,Gasto liquidado de las administraciones locales en proporción al presupuesto aprobado originalmente,,,Dima,%,Dima,131.49,131.49
2019,Gasto liquidado de las administraciones locales en proporción al presupuesto aprobado originalmente,,,Dima,%,Dima,104.45,104.45
2012,Gasto liquidado de las administraciones locales en proporción al presupuesto aprobado originalmente,,,Dima,%,Dima,145.63,145.63
2016,Gasto liquidado de las administraciones locales en proporción al presupuesto aprobado originalmente,,,Dima,%,Dima,121.67,121.67
2020,Gasto liquidado de las administraciones locales en proporción al presupuesto aprobado originalmente,,,Dima,%,Dima,101.25,98.75
2017,Gasto liquidado de las administraciones locales en proporción al presupuesto aprobado originalmente,,,Dima,%,Dima,122.28,122.28
2013,Gasto liquidado de las administraciones locales en proporción al presupuesto aprobado originalmente,,,Dima,%,Dima,149.53,149.53
2012,Gasto liquidado de las administraciones locales en proporción al presupuesto aprobado originalmente,,,Donostia / San Sebastián,%,Donostia / San Sebastián,117.26,82.74
2022,Gasto liquidado de las administraciones locales en proporción al presupuesto aprobado originalmente,,,Donostia / San Sebastián,%,Donostia / San Sebastián,101.28,98.72
2013,Gasto liquidado de las administraciones locales en proporción al presupuesto aprobado originalmente,,,Donostia / San Sebastián,%,Donostia / San Sebastián,107.08,92.92
2017,Gasto liquidado de las administraciones locales en proporción al presupuesto aprobado originalmente,,,Donostia / San Sebastián,%,Donostia / San Sebastián,113.98,86.02
2010,Gasto liquidado de las administraciones locales en proporción al presupuesto aprobado originalmente,,,Donostia / San Sebastián,%,Donostia / San Sebastián,106.28,106.28
2018,Gasto liquidado de las administraciones locales en proporción al presupuesto aprobado originalmente,,,Donostia / San Sebastián,%,Donostia / San Sebastián,111.29,88.71
2015,Gasto liquidado de las administraciones locales en proporción al presupuesto aprobado originalmente,,,Donostia / San Sebastián,%,Donostia / San Sebastián,120.35,79.65
2016,Gasto liquidado de las administraciones locales en proporción al presupuesto aprobado originalmente,,,Donostia / San Sebastián,%,Donostia / San Sebastián,100.63,100.63
2019,Gasto liquidado de las administraciones locales en proporción al presupuesto aprobado originalmente,,,Donostia / San Sebastián,%,Donostia / San Sebastián,103.7,96.3
2023,Gasto liquidado de las administraciones locales en proporción al presupuesto aprobado originalmente,,,Donostia / San Sebastián,%,Donostia / San Sebastián,104.32,95.68
2021,Gasto liquidado de las administraciones locales en proporción al presupuesto aprobado originalmente,,,Donostia / San Sebastián,%,Donostia / San Sebastián,109.13,109.13
2011,Gasto liquidado de las administraciones locales en proporción al presupuesto aprobado originalmente,,,Donostia / San Sebastián,%,Donostia / San Sebastián,100.52,100.52
2020,Gasto liquidado de las administraciones locales en proporción al presupuesto aprobado originalmente,,,Donostia / San Sebastián,%,Donostia / San Sebastián,103.9,96.1
2014,Gasto liquidado de las administraciones locales en proporción al presupuesto aprobado originalmente,,,Donostia / San Sebastián,%,Donostia / San Sebastián,119.52,80.48
2012,Gasto liquidado de las administraciones locales en proporción al presupuesto aprobado originalmente,,,Durango,%,Durango,113.98,86.02
2015,Gasto liquidado de las administraciones locales en proporción al presupuesto aprobado originalmente,,,Durango,%,Durango,101.99,98.01
2018,Gasto liquidado de las administraciones locales en proporción al presupuesto aprobado originalmente,,,Durango,%,Durango,103.45,103.45
2019,Gasto liquidado de las administraciones locales en proporción al presupuesto aprobado originalmente,,,Durango,%,Durango,102.06,102.06
2021,Gasto liquidado de las administraciones locales en proporción al presupuesto aprobado originalmente,,,Durango,%,Durango,105.79,94.21
2010,Gasto liquidado de las administraciones locales en proporción al presupuesto aprobado originalmente,,,Durango,%,Durango,100.66,100.66
2017,Gasto liquidado de las administraciones locales en proporción al presupuesto aprobado originalmente,,,Durango,%,Durango,105.87,105.87
2023,Gasto liquidado de las administraciones locales en proporción al presupuesto aprobado originalmente,,,Durango,%,Durango,103.15,103.15
2011,Gasto liquidado de las administraciones locales en proporción al presupuesto aprobado originalmente,,,Durango,%,Durango,101.38,101.38
2014,Gasto liquidado de las administraciones locales en proporción al presupuesto aprobado originalmente,,,Durango,%,Durango,108.37,108.37
2016,Gasto liquidado de las administraciones locales en proporción al presupuesto aprobado originalmente,,,Durango,%,Durango,106.15,106.15
2020,Gasto liquidado de las administraciones locales en proporción al presupuesto aprobado originalmente,,,Durango,%,Durango,111.83,88.17
2022,Gasto liquidado de las administraciones locales en proporción al presupuesto aprobado originalmente,,,Durango,%,Durango,102.19,97.81
2013,Gasto liquidado de las administraciones locales en proporción al presupuesto aprobado originalmente,,,Durango,%,Durango,111.03,111.03
2019,Gasto liquidado de las administraciones locales en proporción al presupuesto aprobado originalmente,,,Ea,%,Ea,131.72,131.72
2016,Gasto liquidado de las administraciones locales en proporción al presupuesto aprobado originalmente,,,Ea,%,Ea,135.86,135.86
2021,Gasto liquidado de las administraciones locales en proporción al presupuesto aprobado originalmente,,,Ea,%,Ea,136.52,136.52
2011,Gasto liquidado de las administraciones locales en proporción al presupuesto aprobado originalmente,,,Ea,%,Ea,138.58,138.58
2015,Gasto liquidado de las administraciones locales en proporción al presupuesto aprobado originalmente,,,Ea,%,Ea,107.77,92.23
2013,Gasto liquidado de las administraciones locales en proporción al presupuesto aprobado originalmente,,,Ea,%,Ea,145.37,145.37
2010,Gasto liquidado de las administraciones locales en proporción al presupuesto aprobado originalmente,,,Ea,%,Ea,258.18,258.18
2012,Gasto liquidado de las administraciones locales en proporción al presupuesto aprobado originalmente,,,Ea,%,Ea,248.61,248.61
2014,Gasto liquidado de las administraciones locales en proporción al presupuesto aprobado originalmente,,,Ea,%,Ea,111.05,111.05
2018,Gasto liquidado de las administraciones locales en proporción al presupuesto aprobado originalmente,,,Ea,%,Ea,124.02,124.02
2020,Gasto liquidado de las administraciones locales en proporción al presupuesto aprobado originalmente,,,Ea,%,Ea,119.32,119.32
2022,Gasto liquidado de las administraciones locales en proporción al presupuesto aprobado originalmente,,,Ea,%,Ea,168.14,168.14
2017,Gasto liquidado de las administraciones locales en proporción al presupuesto aprobado originalmente,,,Ea,%,Ea,134.64,134.64
2023,Gasto liquidado de las administraciones locales en proporción al presupuesto aprobado originalmente,,,Ea,%,Ea,177.23,177.23
2017,Gasto liquidado de las administraciones locales en proporción al presupuesto aprobado originalmente,,,Eibar,%,Eibar,113.04,86.96
2013,Gasto liquidado de las administraciones locales en proporción al presupuesto aprobado originalmente,,,Eibar,%,Eibar,101.17,98.83
2021,Gasto liquidado de las administraciones locales en proporción al presupuesto aprobado originalmente,,,Eibar,%,Eibar,113.09,86.91
2022,Gasto liquidado de las administraciones locales en proporción al presupuesto aprobado originalmente,,,Eibar,%,Eibar,102.21,97.79
2020,Gasto liquidado de las administraciones locales en proporción al presupuesto aprobado originalmente,,,Eibar,%,Eibar,114.67,85.33
2023,Gasto liquidado de las administraciones locales en proporción al presupuesto aprobado originalmente,,,Eibar,%,Eibar,110.08,89.92
2016,Gasto liquidado de las administraciones locales en proporción al presupuesto aprobado originalmente,,,Eibar,%,Eibar,111.07,88.93
2019,Gasto liquidado de las administraciones locales en proporción al presupuesto aprobado originalmente,,,Eibar,%,Eibar,103.48,96.52
2012,Gasto liquidado de las administraciones locales en proporción al presupuesto aprobado originalmente,,,Eibar,%,Eibar,105.95,94.05
2011,Gasto liquidado de las administraciones locales en proporción al presupuesto aprobado originalmente,,,Eibar,%,Eibar,116.87,116.87
2014,Gasto liquidado de las administraciones locales en proporción al presupuesto aprobado originalmente,,,Eibar,%,Eibar,104.62,95.38
2018,Gasto liquidado de las administraciones locales en proporción al presupuesto aprobado originalmente,,,Eibar,%,Eibar,106.1,93.9
2010,Gasto liquidado de las administraciones locales en proporción al presupuesto aprobado originalmente,,,Eibar,%,Eibar,109.92,109.92
2015,Gasto liquidado de las administraciones locales en proporción al presupuesto aprobado originalmente,,,Eibar,%,Eibar,107.59,92.41
2014,Gasto liquidado de las administraciones locales en proporción al presupuesto aprobado originalmente,,,Elantxobe,%,Elantxobe,111.01,88.99
2023,Gasto liquidado de las administraciones locales en proporción al presupuesto aprobado originalmente,,,Elantxobe,%,Elantxobe,122.2,122.2
2019,Gasto liquidado de las administraciones locales en proporción al presupuesto aprobado originalmente,,,Elantxobe,%,Elantxobe,120.92,120.92
2021,Gasto liquidado de las administraciones locales en proporción al presupuesto aprobado originalmente,,,Elantxobe,%,Elantxobe,115.57,115.57
2012,Gasto liquidado de las administraciones locales en proporción al presupuesto aprobado originalmente,,,Elantxobe,%,Elantxobe,128.17,128.17
2016,Gasto liquidado de las administraciones locales en proporción al presupuesto aprobado originalmente,,,Elantxobe,%,Elantxobe,123.13,123.13
2020,Gasto liquidado de las administraciones locales en proporción al presupuesto aprobado originalmente,,,Elantxobe,%,Elantxobe,110.8,110.8
2022,Gasto liquidado de las administraciones locales en proporción al presupuesto aprobado originalmente,,,Elantxobe,%,Elantxobe,197.1,197.1
2017,Gasto liquidado de las administraciones locales en proporción al presupuesto aprobado originalmente,,,Elantxobe,%,Elantxobe,122.49,122.49
2010,Gasto liquidado de las administraciones locales en proporción al presupuesto aprobado originalmente,,,Elantxobe,%,Elantxobe,203.24,203.24
2013,Gasto liquidado de las administraciones locales en proporción al presupuesto aprobado originalmente,,,Elantxobe,%,Elantxobe,125.04,125.04
2015,Gasto liquidado de las administraciones locales en proporción al presupuesto aprobado originalmente,,,Elantxobe,%,Elantxobe,107.2,92.8
2011,Gasto liquidado de las administraciones locales en proporción al presupuesto aprobado originalmente,,,Elantxobe,%,Elantxobe,102.45,97.55
2018,Gasto liquidado de las administraciones locales en proporción al presupuesto aprobado originalmente,,,Elantxobe,%,Elantxobe,126.29,126.29
2017,Gasto liquidado de las administraciones locales en proporción al presupuesto aprobado originalmente,,,Elburgo/Burgelu,%,Elburgo/Burgelu,197.71,197.71
2019,Gasto liquidado de las administraciones locales en proporción al presupuesto aprobado originalmente,,,Elburgo/Burgelu,%,Elburgo/Burgelu,108.47,91.53
2010,Gasto liquidado de las administraciones locales en proporción al presupuesto aprobado originalmente,,,Elburgo/Burgelu,%,Elburgo/Burgelu,107.51,92.49
2012,Gasto liquidado de las administraciones locales en proporción al presupuesto aprobado originalmente,,,Elburgo/Burgelu,%,Elburgo/Burgelu,116.75,116.75
2014,Gasto liquidado de las administraciones locales en proporción al presupuesto aprobado originalmente,,,Elburgo/Burgelu,%,Elburgo/Burgelu,105.57,105.57
2018,Gasto liquidado de las administraciones locales en proporción al presupuesto aprobado originalmente,,,Elburgo/Burgelu,%,Elburgo/Burgelu,103.39,96.61
2020,Gasto liquidado de las administraciones locales en proporción al presupuesto aprobado originalmente,,,Elburgo/Burgelu,%,Elburgo/Burgelu,130.87,69.13
2022,Gasto liquidado de las administraciones locales en proporción al presupuesto aprobado originalmente,,,Elburgo/Burgelu,%,Elburgo/Burgelu,110.81,110.81
2021,Gasto liquidado de las administraciones locales en proporción al presupuesto aprobado originalmente,,,Elburgo/Burgelu,%,Elburgo/Burgelu,101.81,98.19
2013,Gasto liquidado de las administraciones locales en proporción al presupuesto aprobado originalmente,,,Elburgo/Burgelu,%,Elburgo/Burgelu,106.98,93.02
2011,Gasto liquidado de las administraciones locales en proporción al presupuesto aprobado originalmente,,,Elburgo/Burgelu,%,Elburgo/Burgelu,100.67,100.67
2016,Gasto liquidado de las administraciones locales en proporción al presupuesto aprobado originalmente,,,Elburgo/Burgelu,%,Elburgo/Burgelu,105.31,105.31
2015,Gasto liquidado de las administraciones locales en proporción al presupuesto aprobado originalmente,,,Elburgo/Burgelu,%,Elburgo/Burgelu,115.64,115.64
2023,Gasto liquidado de las administraciones locales en proporción al presupuesto aprobado originalmente,,,Elburgo/Burgelu,%,Elburgo/Burgelu,103.89,96.11
2015,Gasto liquidado de las administraciones locales en proporción al presupuesto aprobado originalmente,,,Elciego,%,Elciego,103.23,103.23
2022,Gasto liquidado de las administraciones locales en proporción al presupuesto aprobado originalmente,,,Elciego,%,Elciego,106.44,93.56
2014,Gasto liquidado de las administraciones locales en proporción al presupuesto aprobado originalmente,,,Elciego,%,Elciego,108.93,91.07
2020,Gasto liquidado de las administraciones locales en proporción al presupuesto aprobado originalmente,,,Elciego,%,Elciego,106.3,106.3
2019,Gasto liquidado de las administraciones locales en proporción al presupuesto aprobado originalmente,,,Elciego,%,Elciego,185.29,185.29
2023,Gasto liquidado de las administraciones locales en proporción al presupuesto aprobado originalmente,,,Elciego,%,Elciego,105.82,94.18
2021,Gasto liquidado de las administraciones locales en proporción al presupuesto aprobado originalmente,,,Elciego,%,Elciego,106.8,93.2
2011,Gasto liquidado de las administraciones locales en proporción al presupuesto aprobado originalmente,,,Elciego,%,Elciego,105.35,105.35
2012,Gasto liquidado de las administraciones locales en proporción al presupuesto aprobado originalmente,,,Elciego,%,Elciego,108.02,108.02
2016,Gasto liquidado de las administraciones locales en proporción al presupuesto aprobado originalmente,,,Elciego,%,Elciego,135.15,64.85
2013,Gasto liquidado de las administraciones locales en proporción al presupuesto aprobado originalmente,,,Elciego,%,Elciego,104.17,104.17
2017,Gasto liquidado de las administraciones locales en proporción al presupuesto aprobado originalmente,,,Elciego,%,Elciego,121.68,121.68
2018,Gasto liquidado de las administraciones locales en proporción al presupuesto aprobado originalmente,,,Elciego,%,Elciego,102.37,97.63
2010,Gasto liquidado de las administraciones locales en proporción al presupuesto aprobado originalmente,,,Elciego,%,Elciego,147.24,147.24
2014,Gasto liquidado de las administraciones locales en proporción al presupuesto aprobado originalmente,,,Elduain,%,Elduain,102.07,102.07
2016,Gasto liquidado de las administraciones locales en proporción al presupuesto aprobado originalmente,,,Elduain,%,Elduain,105.19,94.81
2015,Gasto liquidado de las administraciones locales en proporción al presupuesto aprobado originalmente,,,Elduain,%,Elduain,112.69,87.31
2012,Gasto liquidado de las administraciones locales en proporción al presupuesto aprobado originalmente,,,Elduain,%,Elduain,101.16,98.84
2022,Gasto liquidado de las administraciones locales en proporción al presupuesto aprobado originalmente,,,Elduain,%,Elduain,127.23,127.23
2019,Gasto liquidado de las administraciones locales en proporción al presupuesto aprobado originalmente,,,Elduain,%,Elduain,132.74,67.26
2018,Gasto liquidado de las administraciones locales en proporción al presupuesto aprobado originalmente,,,Elduain,%,Elduain,115.34,84.66
2013,Gasto liquidado de las administraciones locales en proporción al presupuesto aprobado originalmente,,,Elduain,%,Elduain,105.13,105.13
2017,Gasto liquidado de las administraciones locales en proporción al presupuesto aprobado originalmente,,,Elduain,%,Elduain,107.16,92.84
2010,Gasto liquidado de las administraciones locales en proporción al presupuesto aprobado originalmente,,,Elduain,%,Elduain,106.27,93.73
2011,Gasto liquidado de las administraciones locales en proporción al presupuesto aprobado originalmente,,,Elduain,%,Elduain,102.88,102.88
2021,Gasto liquidado de las administraciones locales en proporción al presupuesto aprobado originalmente,,,Elduain,%,Elduain,110.53,89.47
2020,Gasto liquidado de las administraciones locales en proporción al presupuesto aprobado originalmente,,,Elduain,%,Elduain,127.37,72.63
2023,Gasto liquidado de las administraciones locales en proporción al presupuesto aprobado originalmente,,,Elgeta,%,Elgeta,102.53,97.47
2022,Gasto liquidado de las administraciones locales en proporción al presupuesto aprobado originalmente,,,Elgeta,%,Elgeta,110.09,110.09
2010,Gasto liquidado de las administraciones locales en proporción al presupuesto aprobado originalmente,,,Elgeta,%,Elgeta,123.2,123.2
2014,Gasto liquidado de las administraciones locales en proporción al presupuesto aprobado originalmente,,,Elgeta,%,Elgeta,106.76,93.24
2021,Gasto liquidado de las administraciones locales en proporción al presupuesto aprobado originalmente,,,Elgeta,%,Elgeta,101.01,98.99
2015,Gasto liquidado de las administraciones locales en proporción al presupuesto aprobado originalmente,,,Elgeta,%,Elgeta,112.77,87.23
2020,Gasto liquidado de las administraciones locales en proporción al presupuesto aprobado originalmente,,,Elgeta,%,Elgeta,113.45,86.55
2017,Gasto liquidado de las administraciones locales en proporción al presupuesto aprobado originalmente,,,Elgeta,%,Elgeta,103.93,96.07
2016,Gasto liquidado de las administraciones locales en proporción al presupuesto aprobado originalmente,,,Elgeta,%,Elgeta,103.07,96.93
2019,Gasto liquidado de las administraciones locales en proporción al presupuesto aprobado originalmente,,,Elgeta,%,Elgeta,110.82,110.82
2011,Gasto liquidado de las administraciones locales en proporción al presupuesto aprobado originalmente,,,Elgeta,%,Elgeta,134.4,134.4
2012,Gasto liquidado de las administraciones locales en proporción al presupuesto aprobado originalmente,,,Elgeta,%,Elgeta,105.33,105.33
2013,Gasto liquidado de las administraciones locales en proporción al presupuesto aprobado originalmente,,,Elgeta,%,Elgeta,121.36,121.36
2018,Gasto liquidado de las administraciones locales en proporción al presupuesto aprobado originalmente,,,Elgeta,%,Elgeta,106.27,106.27
2017,Gasto liquidado de las administraciones locales en proporción al presupuesto aprobado originalmente,,,Elgoibar,%,Elgoibar,111.27,88.73
2012,Gasto liquidado de las administraciones locales en proporción al presupuesto aprobado originalmente,,,Elgoibar,%,Elgoibar,106.47,93.53
2016,Gasto liquidado de las administraciones locales en proporción al presupuesto aprobado originalmente,,,Elgoibar,%,Elgoibar,107.69,92.31
2013,Gasto liquidado de las administraciones locales en proporción al presupuesto aprobado originalmente,,,Elgoibar,%,Elgoibar,103.74,103.74
2018,Gasto liquidado de las administraciones locales en proporción al presupuesto aprobado originalmente,,,Elgoibar,%,Elgoibar,108.99,91.01
2010,Gasto liquidado de las administraciones locales en proporción al presupuesto aprobado originalmente,,,Elgoibar,%,Elgoibar,116.74,116.74
2011,Gasto liquidado de las administraciones locales en proporción al presupuesto aprobado originalmente,,,Elgoibar,%,Elgoibar,105.05,105.05
2022,Gasto liquidado de las administraciones locales en proporción al presupuesto aprobado originalmente,,,Elgoibar,%,Elgoibar,105.06,94.94
2015,Gasto liquidado de las administraciones locales en proporción al presupuesto aprobado originalmente,,,Elgoibar,%,Elgoibar,105.67,105.67
2019,Gasto liquidado de las administraciones locales en proporción al presupuesto aprobado originalmente,,,Elgoibar,%,Elgoibar,100.26,100.26
2014,Gasto liquidado de las administraciones locales en proporción al presupuesto aprobado originalmente,,,Elgoibar,%,Elgoibar,100.77,99.23
2020,Gasto liquidado de las administraciones locales en proporción al presupuesto aprobado originalmente,,,Elgoibar,%,Elgoibar,111.42,88.58
2021,Gasto liquidado de las administraciones locales en proporción al presupuesto aprobado originalmente,,,Elgoibar,%,Elgoibar,103.4,103.4
2023,Gasto liquidado de las administraciones locales en proporción al presupuesto aprobado originalmente,,,Elgoibar,%,Elgoibar,101.76,101.76
2014,Gasto liquidado de las administraciones locales en proporción al presupuesto aprobado originalmente,,,Elorrio,%,Elorrio,116.73,116.73
2015,Gasto liquidado de las administraciones locales en proporción al presupuesto aprobado originalmente,,,Elorrio,%,Elorrio,103.49,103.49
2011,Gasto liquidado de las administraciones locales en proporción al presupuesto aprobado originalmente,,,Elorrio,%,Elorrio,115.58,115.58
2019,Gasto liquidado de las administraciones locales en proporción al presupuesto aprobado originalmente,,,Elorrio,%,Elorrio,103.31,103.31
2021,Gasto liquidado de las administraciones locales en proporción al presupuesto aprobado originalmente,,,Elorrio,%,Elorrio,113.37,113.37
2013,Gasto liquidado de las administraciones locales en proporción al presupuesto aprobado originalmente,,,Elorrio,%,Elorrio,108.58,108.58
2010,Gasto liquidado de las administraciones locales en proporción al presupuesto aprobado originalmente,,,Elorrio,%,Elorrio,133.83,133.83
2012,Gasto liquidado de las administraciones locales en proporción al presupuesto aprobado originalmente,,,Elorrio,%,Elorrio,116.63,116.63
2018,Gasto liquidado de las administraciones locales en proporción al presupuesto aprobado originalmente,,,Elorrio,%,Elorrio,105.5,94.5
2020,Gasto liquidado de las administraciones locales en proporción al presupuesto aprobado originalmente,,,Elorrio,%,Elorrio,112.48,87.52
2022,Gasto liquidado de las administraciones locales en proporción al presupuesto aprobado originalmente,,,Elorrio,%,Elorrio,103.43,103.43
2016,Gasto liquidado de las administraciones locales en proporción al presupuesto aprobado originalmente,,,Elorrio,%,Elorrio,100.42,100.42
2023,Gasto liquidado de las administraciones locales en proporción al presupuesto aprobado originalmente,,,Elorrio,%,Elorrio,119.15,119.15
2017,Gasto liquidado de las administraciones locales en proporción al presupuesto aprobado originalmente,,,Elorrio,%,Elorrio,100.65,100.65
2019,Gasto liquidado de las administraciones locales en proporción al presupuesto aprobado originalmente,,,Elvillar/Bilar,%,Elvillar/Bilar,126.93,126.93
2017,Gasto liquidado de las administraciones locales en proporción al presupuesto aprobado originalmente,,,Elvillar/Bilar,%,Elvillar/Bilar,249.81,249.81
2011,Gasto liquidado de las administraciones locales en proporción al presupuesto aprobado originalmente,,,Elvillar/Bilar,%,Elvillar/Bilar,100.6,99.4
2022,Gasto liquidado de las administraciones locales en proporción al presupuesto aprobado originalmente,,,Elvillar/Bilar,%,Elvillar/Bilar,100.28,99.72
2012,Gasto liquidado de las administraciones locales en proporción al presupuesto aprobado originalmente,,,Elvillar/Bilar,%,Elvillar/Bilar,348.88,348.88
2015,Gasto liquidado de las administraciones locales en proporción al presupuesto aprobado originalmente,,,Elvillar/Bilar,%,Elvillar/Bilar,116.26,116.26
2018,Gasto liquidado de las administraciones locales en proporción al presupuesto aprobado originalmente,,,Elvillar/Bilar,%,Elvillar/Bilar,134.97,134.97
2020,Gasto liquidado de las administraciones locales en proporción al presupuesto aprobado originalmente,,,Elvillar/Bilar,%,Elvillar/Bilar,104.47,95.53
2023,Gasto liquidado de las administraciones locales en proporción al presupuesto aprobado originalmente,,,Elvillar/Bilar,%,Elvillar/Bilar,114.48,85.52
2021,Gasto liquidado de las administraciones locales en proporción al presupuesto aprobado originalmente,,,Elvillar/Bilar,%,Elvillar/Bilar,111.0,111.0
2014,Gasto liquidado de las administraciones locales en proporción al presupuesto aprobado originalmente,,,Elvillar/Bilar,%,Elvillar/Bilar,124.95,124.95
2016,Gasto liquidado de las administraciones locales en proporción al presupuesto aprobado originalmente,,,Elvillar/Bilar,%,Elvillar/Bilar,109.16,109.16
2010,Gasto liquidado de las administraciones locales en proporción al presupuesto aprobado originalmente,,,Elvillar/Bilar,%,Elvillar/Bilar,123.75,76.25
2013,Gasto liquidado de las administraciones locales en proporción al presupuesto aprobado originalmente,,,Elvillar/Bilar,%,Elvillar/Bilar,101.06,101.06
2019,Gasto liquidado de las administraciones locales en proporción al presupuesto aprobado originalmente,,,Erandio,%,Erandio,112.78,112.78
2021,Gasto liquidado de las administraciones locales en proporción al presupuesto aprobado originalmente,,,Erandio,%,Erandio,103.53,103.53
2022,Gasto liquidado de las administraciones locales en proporción al presupuesto aprobado originalmente,,,Erandio,%,Erandio,101.16,101.16
2023,Gasto liquidado de las administraciones locales en proporción al presupuesto aprobado originalmente,,,Erandio,%,Erandio,103.88,103.88
2020,Gasto liquidado de las administraciones locales en proporción al presupuesto aprobado originalmente,,,Erandio,%,Erandio,100.55,100.55
2016,Gasto liquidado de las administraciones locales en proporción al presupuesto aprobado originalmente,,,Erandio,%,Erandio,100.49,100.49
2014,Gasto liquidado de las administraciones locales en proporción al presupuesto aprobado originalmente,,,Erandio,%,Erandio,105.34,94.66
2012,Gasto liquidado de las administraciones locales en proporción al presupuesto aprobado originalmente,,,Erandio,%,Erandio,104.79,95.21
2010,Gasto liquidado de las administraciones locales en proporción al presupuesto aprobado originalmente,,,Erandio,%,Erandio,100.64,99.36
2018,Gasto liquidado de las administraciones locales en proporción al presupuesto aprobado originalmente,,,Erandio,%,Erandio,104.93,104.93
2011,Gasto liquidado de las administraciones locales en proporción al presupuesto aprobado originalmente,,,Erandio,%,Erandio,106.76,93.24
2017,Gasto liquidado de las administraciones locales en proporción al presupuesto aprobado originalmente,,,Erandio,%,Erandio,100.9,99.1
2015,Gasto liquidado de las administraciones locales en proporción al presupuesto aprobado originalmente,,,Erandio,%,Erandio,103.09,103.09
2013,Gasto liquidado de las administraciones locales en proporción al presupuesto aprobado originalmente,,,Erandio,%,Erandio,101.71,98.29
2010,Gasto liquidado de las administraciones locales en proporción al presupuesto aprobado originalmente,,,Ereño,%,Ereño,150.15,150.15
2019,Gasto liquidado de las administraciones locales en proporción al presupuesto aprobado originalmente,,,Ereño,%,Ereño,122.71,122.71
2018,Gasto liquidado de las administraciones locales en proporción al presupuesto aprobado originalmente,,,Ereño,%,Ereño,106.18,106.18
2013,Gasto liquidado de las administraciones locales en proporción al presupuesto aprobado originalmente,,,Ereño,%,Ereño,100.33,100.33
2011,Gasto liquidado de las administraciones locales en proporción al presupuesto aprobado originalmente,,,Ereño,%,Ereño,126.21,73.79
2023,Gasto liquidado de las administraciones locales en proporción al presupuesto aprobado originalmente,,,Ereño,%,Ereño,132.04000000000002,67.96
2015,Gasto liquidado de las administraciones locales en proporción al presupuesto aprobado originalmente,,,Ereño,%,Ereño,114.14,114.14
2021,Gasto liquidado de las administraciones locales en proporción al presupuesto aprobado originalmente,,,Ereño,%,Ereño,108.95,91.05
2017,Gasto liquidado de las administraciones locales en proporción al presupuesto aprobado originalmente,,,Ereño,%,Ereño,103.8,96.2
2012,Gasto liquidado de las administraciones locales en proporción al presupuesto aprobado originalmente,,,Ereño,%,Ereño,116.28,83.72
2014,Gasto liquidado de las administraciones locales en proporción al presupuesto aprobado originalmente,,,Ereño,%,Ereño,113.88,86.12
2016,Gasto liquidado de las administraciones locales en proporción al presupuesto aprobado originalmente,,,Ereño,%,Ereño,122.41,77.59
2020,Gasto liquidado de las administraciones locales en proporción al presupuesto aprobado originalmente,,,Ereño,%,Ereño,109.31,90.69
2022,Gasto liquidado de las administraciones locales en proporción al presupuesto aprobado originalmente,,,Ereño,%,Ereño,142.12,57.88
2011,Gasto liquidado de las administraciones locales en proporción al presupuesto aprobado originalmente,,,Ermua,%,Ermua,105.93,105.93
2010,Gasto liquidado de las administraciones locales en proporción al presupuesto aprobado originalmente,,,Ermua,%,Ermua,123.19,123.19
2014,Gasto liquidado de las administraciones locales en proporción al presupuesto aprobado originalmente,,,Ermua,%,Ermua,112.56,112.56
2015,Gasto liquidado de las administraciones locales en proporción al presupuesto aprobado originalmente,,,Ermua,%,Ermua,112.34,112.34
2013,Gasto liquidado de las administraciones locales en proporción al presupuesto aprobado originalmente,,,Ermua,%,Ermua,113.3,113.3
2021,Gasto liquidado de las administraciones locales en proporción al presupuesto aprobado originalmente,,,Ermua,%,Ermua,102.33,102.33
2017,Gasto liquidado de las administraciones locales en proporción al presupuesto aprobado originalmente,,,Ermua,%,Ermua,101.28,101.28
2019,Gasto liquidado de las administraciones locales en proporción al presupuesto aprobado originalmente,,,Ermua,%,Ermua,104.91,95.09
2012,Gasto liquidado de las administraciones locales en proporción al presupuesto aprobado originalmente,,,Ermua,%,Ermua,115.02,115.02
2016,Gasto liquidado de las administraciones locales en proporción al presupuesto aprobado originalmente,,,Ermua,%,Ermua,108.0,108.0
2018,Gasto liquidado de las administraciones locales en proporción al presupuesto aprobado originalmente,,,Ermua,%,Ermua,107.27,92.73
2020,Gasto liquidado de las administraciones locales en proporción al presupuesto aprobado originalmente,,,Ermua,%,Ermua,101.23,101.23
2022,Gasto liquidado de las administraciones locales en proporción al presupuesto aprobado originalmente,,,Ermua,%,Ermua,108.19,108.19
2023,Gasto liquidado de las administraciones locales en proporción al presupuesto aprobado originalmente,,,Ermua,%,Ermua,102.41,102.41
2018,Gasto liquidado de las administraciones locales en proporción al presupuesto aprobado originalmente,,,Errenteria,%,Errenteria,102.31,102.31
2021,Gasto liquidado de las administraciones locales en proporción al presupuesto aprobado originalmente,,,Errenteria,%,Errenteria,107.32,92.68
2013,Gasto liquidado de las administraciones locales en proporción al presupuesto aprobado originalmente,,,Errenteria,%,Errenteria,103.04,96.96
2014,Gasto liquidado de las administraciones locales en proporción al presupuesto aprobado originalmente,,,Errenteria,%,Errenteria,106.97,93.03
2011,Gasto liquidado de las administraciones locales en proporción al presupuesto aprobado originalmente,,,Errenteria,%,Errenteria,102.31,97.69
2022,Gasto liquidado de las administraciones locales en proporción al presupuesto aprobado originalmente,,,Errenteria,%,Errenteria,101.07,101.07
2015,Gasto liquidado de las administraciones locales en proporción al presupuesto aprobado originalmente,,,Errenteria,%,Errenteria,103.77,96.23
2016,Gasto liquidado de las administraciones locales en proporción al presupuesto aprobado originalmente,,,Errenteria,%,Errenteria,109.58,90.42
2020,Gasto liquidado de las administraciones locales en proporción al presupuesto aprobado originalmente,,,Errenteria,%,Errenteria,102.39,97.61
2010,Gasto liquidado de las administraciones locales en proporción al presupuesto aprobado originalmente,,,Errenteria,%,Errenteria,108.07,91.93
2012,Gasto liquidado de las administraciones locales en proporción al presupuesto aprobado originalmente,,,Errenteria,%,Errenteria,105.97,94.03
2019,Gasto liquidado de las administraciones locales en proporción al presupuesto aprobado originalmente,,,Errenteria,%,Errenteria,100.0,100.0
2017,Gasto liquidado de las administraciones locales en proporción al presupuesto aprobado originalmente,,,Errenteria,%,Errenteria,109.0,91.0
2023,Gasto liquidado de las administraciones locales en proporción al presupuesto aprobado originalmente,,,Errenteria,%,Errenteria,102.04,102.04
2015,Gasto liquidado de las administraciones locales en proporción al presupuesto aprobado originalmente,,,Errezil,%,Errezil,107.72,107.72
2019,Gasto liquidado de las administraciones locales en proporción al presupuesto aprobado originalmente,,,Errezil,%,Errezil,112.31,112.31
2011,Gasto liquidado de las administraciones locales en proporción al presupuesto aprobado originalmente,,,Errezil,%,Errezil,101.61,98.39
2023,Gasto liquidado de las administraciones locales en proporción al presupuesto aprobado originalmente,,,Errezil,%,Errezil,107.22,92.78
2010,Gasto liquidado de las administraciones locales en proporción al presupuesto aprobado originalmente,,,Errezil,%,Errezil,100.73,99.27
2013,Gasto liquidado de las administraciones locales en proporción al presupuesto aprobado originalmente,,,Errezil,%,Errezil,103.32,96.68
2021,Gasto liquidado de las administraciones locales en proporción al presupuesto aprobado originalmente,,,Errezil,%,Errezil,106.76,106.76
2022,Gasto liquidado de las administraciones locales en proporción al presupuesto aprobado originalmente,,,Errezil,%,Errezil,100.38,100.38
2020,Gasto liquidado de las administraciones locales en proporción al presupuesto aprobado originalmente,,,Errezil,%,Errezil,105.37,94.63
2012,Gasto liquidado de las administraciones locales en proporción al presupuesto aprobado originalmente,,,Errezil,%,Errezil,103.88,96.12
2016,Gasto liquidado de las administraciones locales en proporción al presupuesto aprobado originalmente,,,Errezil,%,Errezil,113.29,113.29
2014,Gasto liquidado de las administraciones locales en proporción al presupuesto aprobado originalmente,,,Errezil,%,Errezil,103.37,96.63
2017,Gasto liquidado de las administraciones locales en proporción al presupuesto aprobado originalmente,,,Errezil,%,Errezil,114.24,114.24
2018,Gasto liquidado de las administraciones locales en proporción al presupuesto aprobado originalmente,,,Errezil,%,Errezil,108.96,108.96
2022,Gasto liquidado de las administraciones locales en proporción al presupuesto aprobado originalmente,,,Erriberagoitia/Ribera Alta,%,Erriberagoitia/Ribera Alta,110.55,89.45
2016,Gasto liquidado de las administraciones locales en proporción al presupuesto aprobado originalmente,,,Erriberagoitia/Ribera Alta,%,Erriberagoitia/Ribera Alta,106.65,106.65
2018,Gasto liquidado de las administraciones locales en proporción al presupuesto aprobado originalmente,,,Erriberagoitia/Ribera Alta,%,Erriberagoitia/Ribera Alta,103.67,96.33
2013,Gasto liquidado de las administraciones locales en proporción al presupuesto aprobado originalmente,,,Erriberagoitia/Ribera Alta,%,Erriberagoitia/Ribera Alta,105.93,94.07
2014,Gasto liquidado de las administraciones locales en proporción al presupuesto aprobado originalmente,,,Erriberagoitia/Ribera Alta,%,Erriberagoitia/Ribera Alta,126.23,73.77
2020,Gasto liquidado de las administraciones locales en proporción al presupuesto aprobado originalmente,,,Erriberagoitia/Ribera Alta,%,Erriberagoitia/Ribera Alta,136.88,63.12
2012,Gasto liquidado de las administraciones locales en proporción al presupuesto aprobado originalmente,,,Erriberagoitia/Ribera Alta,%,Erriberagoitia/Ribera Alta,104.99,104.99
2021,Gasto liquidado de las administraciones locales en proporción al presupuesto aprobado originalmente,,,Erriberagoitia/Ribera Alta,%,Erriberagoitia/Ribera Alta,130.36,69.64
2023,Gasto liquidado de las administraciones locales en proporción al presupuesto aprobado originalmente,,,Erriberagoitia/Ribera Alta,%,Erriberagoitia/Ribera Alta,131.34,131.34
2017,Gasto liquidado de las administraciones locales en proporción al presupuesto aprobado originalmente,,,Erriberagoitia/Ribera Alta,%,Erriberagoitia/Ribera Alta,100.5,100.5
2010,Gasto liquidado de las administraciones locales en proporción al presupuesto aprobado originalmente,,,Erriberagoitia/Ribera Alta,%,Erriberagoitia/Ribera Alta,138.1,138.1
2015,Gasto liquidado de las administraciones locales en proporción al presupuesto aprobado originalmente,,,Erriberagoitia/Ribera Alta,%,Erriberagoitia/Ribera Alta,119.55,119.55
2011,Gasto liquidado de las administraciones locales en proporción al presupuesto aprobado originalmente,,,Erriberagoitia/Ribera Alta,%,Erriberagoitia/Ribera Alta,198.01,198.01
2019,Gasto liquidado de las administraciones locales en proporción al presupuesto aprobado originalmente,,,Erriberagoitia/Ribera Alta,%,Erriberagoitia/Ribera Alta,118.36,81.64
2011,Gasto liquidado de las administraciones locales en proporción al presupuesto aprobado originalmente,,,Errigoiti,%,Errigoiti,112.79,87.21
2019,Gasto liquidado de las administraciones locales en proporción al presupuesto aprobado originalmente,,,Errigoiti,%,Errigoiti,135.45,135.45
2023,Gasto liquidado de las administraciones locales en proporción al presupuesto aprobado originalmente,,,Errigoiti,%,Errigoiti,162.16,162.16
2012,Gasto liquidado de las administraciones locales en proporción al presupuesto aprobado originalmente,,,Errigoiti,%,Errigoiti,141.25,58.75
2020,Gasto liquidado de las administraciones locales en proporción al presupuesto aprobado originalmente,,,Errigoiti,%,Errigoiti,105.37,94.63
2016,Gasto liquidado de las administraciones locales en proporción al presupuesto aprobado originalmente,,,Errigoiti,%,Errigoiti,138.1,138.1
2015,Gasto liquidado de las administraciones locales en proporción al presupuesto aprobado originalmente,,,Errigoiti,%,Errigoiti,154.35,154.35
2017,Gasto liquidado de las administraciones locales en proporción al presupuesto aprobado originalmente,,,Errigoiti,%,Errigoiti,100.91,100.91
2010,Gasto liquidado de las administraciones locales en proporción al presupuesto aprobado originalmente,,,Errigoiti,%,Errigoiti,147.19,147.19
2021,Gasto liquidado de las administraciones locales en proporción al presupuesto aprobado originalmente,,,Errigoiti,%,Errigoiti,101.59,98.41
2014,Gasto liquidado de las administraciones locales en proporción al presupuesto aprobado originalmente,,,Errigoiti,%,Errigoiti,103.56,96.44
2013,Gasto liquidado de las administraciones locales en proporción al presupuesto aprobado originalmente,,,Errigoiti,%,Errigoiti,100.2,100.2
2022,Gasto liquidado de las administraciones locales en proporción al presupuesto aprobado originalmente,,,Errigoiti,%,Errigoiti,110.62,110.62
2018,Gasto liquidado de las administraciones locales en proporción al presupuesto aprobado originalmente,,,Errigoiti,%,Errigoiti,128.68,128.68
2020,Gasto liquidado de las administraciones locales en proporción al presupuesto aprobado originalmente,,,Eskoriatza,%,Eskoriatza,114.72,85.28
2012,Gasto liquidado de las administraciones locales en proporción al presupuesto aprobado originalmente,,,Eskoriatza,%,Eskoriatza,106.34,106.34
2021,Gasto liquidado de las administraciones locales en proporción al presupuesto aprobado originalmente,,,Eskoriatza,%,Eskoriatza,100.43,100.43
2010,Gasto liquidado de las administraciones locales en proporción al presupuesto aprobado originalmente,,,Eskoriatza,%,Eskoriatza,119.41,119.41
2017,Gasto liquidado de las administraciones locales en proporción al presupuesto aprobado originalmente,,,Eskoriatza,%,Eskoriatza,105.84,105.84
2014,Gasto liquidado de las administraciones locales en proporción al presupuesto aprobado originalmente,,,Eskoriatza,%,Eskoriatza,117.4,117.4
2011,Gasto liquidado de las administraciones locales en proporción al presupuesto aprobado originalmente,,,Eskoriatza,%,Eskoriatza,106.54,106.54
2015,Gasto liquidado de las administraciones locales en proporción al presupuesto aprobado originalmente,,,Eskoriatza,%,Eskoriatza,107.6,107.6
2019,Gasto liquidado de las administraciones locales en proporción al presupuesto aprobado originalmente,,,Eskoriatza,%,Eskoriatza,115.68,115.68
2016,Gasto liquidado de las administraciones locales en proporción al presupuesto aprobado originalmente,,,Eskoriatza,%,Eskoriatza,104.69,104.69
2018,Gasto liquidado de las administraciones locales en proporción al presupuesto aprobado originalmente,,,Eskoriatza,%,Eskoriatza,104.33,104.33
2013,Gasto liquidado de las administraciones locales en proporción al presupuesto aprobado originalmente,,,Eskoriatza,%,Eskoriatza,120.8,120.8
2023,Gasto liquidado de las administraciones locales en proporción al presupuesto aprobado originalmente,,,Eskoriatza,%,Eskoriatza,125.03,74.97
2022,Gasto liquidado de las administraciones locales en proporción al presupuesto aprobado originalmente,,,Eskoriatza,%,Eskoriatza,108.55,108.55
2015,Gasto liquidado de las administraciones locales en proporción al presupuesto aprobado originalmente,,,Etxebarri,%,Etxebarri,109.75,109.75
2010,Gasto liquidado de las administraciones locales en proporción al presupuesto aprobado originalmente,,,Etxebarri,%,Etxebarri,102.31,102.31
2017,Gasto liquidado de las administraciones locales en proporción al presupuesto aprobado originalmente,,,Etxebarri,%,Etxebarri,100.38,99.62
2011,Gasto liquidado de las administraciones locales en proporción al presupuesto aprobado originalmente,,,Etxebarri,%,Etxebarri,101.22,98.78
2014,Gasto liquidado de las administraciones locales en proporción al presupuesto aprobado originalmente,,,Etxebarri,%,Etxebarri,100.27,100.27
2018,Gasto liquidado de las administraciones locales en proporción al presupuesto aprobado originalmente,,,Etxebarri,%,Etxebarri,100.17,100.17
2013,Gasto liquidado de las administraciones locales en proporción al presupuesto aprobado originalmente,,,Etxebarri,%,Etxebarri,102.88,97.12
2021,Gasto liquidado de las administraciones locales en proporción al presupuesto aprobado originalmente,,,Etxebarri,%,Etxebarri,105.11,105.11
2019,Gasto liquidado de las administraciones locales en proporción al presupuesto aprobado originalmente,,,Etxebarri,%,Etxebarri,100.16,100.16
2023,Gasto liquidado de las administraciones locales en proporción al presupuesto aprobado originalmente,,,Etxebarri,%,Etxebarri,113.28,113.28
2012,Gasto liquidado de las administraciones locales en proporción al presupuesto aprobado originalmente,,,Etxebarri,%,Etxebarri,109.02,90.98
2016,Gasto liquidado de las administraciones locales en proporción al presupuesto aprobado originalmente,,,Etxebarri,%,Etxebarri,103.18,103.18
2020,Gasto liquidado de las administraciones locales en proporción al presupuesto aprobado originalmente,,,Etxebarri,%,Etxebarri,103.38,96.62
2022,Gasto liquidado de las administraciones locales en proporción al presupuesto aprobado originalmente,,,Etxebarri,%,Etxebarri,115.7,115.7
2012,Gasto liquidado de las administraciones locales en proporción al presupuesto aprobado originalmente,,,Etxebarria,%,Etxebarria,129.08,129.08
2017,Gasto liquidado de las administraciones locales en proporción al presupuesto aprobado originalmente,,,Etxebarria,%,Etxebarria,112.93,112.93
2013,Gasto liquidado de las administraciones locales en proporción al presupuesto aprobado originalmente,,,Etxebarria,%,Etxebarria,105.57,105.57
2023,Gasto liquidado de las administraciones locales en proporción al presupuesto aprobado originalmente,,,Etxebarria,%,Etxebarria,102.48,102.48
2011,Gasto liquidado de las administraciones locales en proporción al presupuesto aprobado originalmente,,,Etxebarria,%,Etxebarria,113.18,113.18
2010,Gasto liquidado de las administraciones locales en proporción al presupuesto aprobado originalmente,,,Etxebarria,%,Etxebarria,149.42,149.42
2014,Gasto liquidado de las administraciones locales en proporción al presupuesto aprobado originalmente,,,Etxebarria,%,Etxebarria,104.66,104.66
2018,Gasto liquidado de las administraciones locales en proporción al presupuesto aprobado originalmente,,,Etxebarria,%,Etxebarria,121.92,121.92
2020,Gasto liquidado de las administraciones locales en proporción al presupuesto aprobado originalmente,,,Etxebarria,%,Etxebarria,128.57999999999998,71.42
2022,Gasto liquidado de las administraciones locales en proporción al presupuesto aprobado originalmente,,,Etxebarria,%,Etxebarria,107.09,107.09
2015,Gasto liquidado de las administraciones locales en proporción al presupuesto aprobado originalmente,,,Etxebarria,%,Etxebarria,108.95,108.95
2016,Gasto liquidado de las administraciones locales en proporción al presupuesto aprobado originalmente,,,Etxebarria,%,Etxebarria,112.27,112.27
2021,Gasto liquidado de las administraciones locales en proporción al presupuesto aprobado originalmente,,,Etxebarria,%,Etxebarria,108.95,108.95
2019,Gasto liquidado de las administraciones locales en proporción al presupuesto aprobado originalmente,,,Etxebarria,%,Etxebarria,104.47,104.47
2014,Gasto liquidado de las administraciones locales en proporción al presupuesto aprobado originalmente,,,Ezkio-Itsaso,%,Ezkio-Itsaso,131.06,131.06
2011,Gasto liquidado de las administraciones locales en proporción al presupuesto aprobado originalmente,,,Ezkio-Itsaso,%,Ezkio-Itsaso,136.55,63.45
2010,Gasto liquidado de las administraciones locales en proporción al presupuesto aprobado originalmente,,,Ezkio-Itsaso,%,Ezkio-Itsaso,100.77,100.77
2021,Gasto liquidado de las administraciones locales en proporción al presupuesto aprobado originalmente,,,Ezkio-Itsaso,%,Ezkio-Itsaso,152.71,152.71
2018,Gasto liquidado de las administraciones locales en proporción al presupuesto aprobado originalmente,,,Ezkio-Itsaso,%,Ezkio-Itsaso,100.66,99.34
2019,Gasto liquidado de las administraciones locales en proporción al presupuesto aprobado originalmente,,,Ezkio-Itsaso,%,Ezkio-Itsaso,111.52,111.52
2023,Gasto liquidado de las administraciones locales en proporción al presupuesto aprobado originalmente,,,Ezkio-Itsaso,%,Ezkio-Itsaso,100.67,100.67
2017,Gasto liquidado de las administraciones locales en proporción al presupuesto aprobado originalmente,,,Ezkio-Itsaso,%,Ezkio-Itsaso,106.69,93.31
2015,Gasto liquidado de las administraciones locales en proporción al presupuesto aprobado originalmente,,,Ezkio-Itsaso,%,Ezkio-Itsaso,100.0,100.0
2012,Gasto liquidado de las administraciones locales en proporción al presupuesto aprobado originalmente,,,Ezkio-Itsaso,%,Ezkio-Itsaso,107.87,107.87
2013,Gasto liquidado de las administraciones locales en proporción al presupuesto aprobado originalmente,,,Ezkio-Itsaso,%,Ezkio-Itsaso,111.67,111.67
2016,Gasto liquidado de las administraciones locales en proporción al presupuesto aprobado originalmente,,,Ezkio-Itsaso,%,Ezkio-Itsaso,146.07,146.07
2020,Gasto liquidado de las administraciones locales en proporción al presupuesto aprobado originalmente,,,Ezkio-Itsaso,%,Ezkio-Itsaso,105.56,105.56
2022,Gasto liquidado de las administraciones locales en proporción al presupuesto aprobado originalmente,,,Ezkio-Itsaso,%,Ezkio-Itsaso,112.91,112.91
2010,Gasto liquidado de las administraciones locales en proporción al presupuesto aprobado originalmente,,,Forua,%,Forua,149.88,149.88
2011,Gasto liquidado de las administraciones locales en proporción al presupuesto aprobado originalmente,,,Forua,%,Forua,144.24,144.24
2013,Gasto liquidado de las administraciones locales en proporción al presupuesto aprobado originalmente,,,Forua,%,Forua,111.07,111.07
2020,Gasto liquidado de las administraciones locales en proporción al presupuesto aprobado originalmente,,,Forua,%,Forua,125.8,74.2
2014,Gasto liquidado de las administraciones locales en proporción al presupuesto aprobado originalmente,,,Forua,%,Forua,117.06,117.06
2012,Gasto liquidado de las administraciones locales en proporción al presupuesto aprobado originalmente,,,Forua,%,Forua,109.09,109.09
2016,Gasto liquidado de las administraciones locales en proporción al presupuesto aprobado originalmente,,,Forua,%,Forua,108.41,108.41
2018,Gasto liquidado de las administraciones locales en proporción al presupuesto aprobado originalmente,,,Forua,%,Forua,107.01,92.99
2022,Gasto liquidado de las administraciones locales en proporción al presupuesto aprobado originalmente,,,Forua,%,Forua,119.16,119.16
2019,Gasto liquidado de las administraciones locales en proporción al presupuesto aprobado originalmente,,,Forua,%,Forua,110.53,89.47
2017,Gasto liquidado de las administraciones locales en proporción al presupuesto aprobado originalmente,,,Forua,%,Forua,114.26,114.26
2015,Gasto liquidado de las administraciones locales en proporción al presupuesto aprobado originalmente,,,Forua,%,Forua,105.24,105.24
2021,Gasto liquidado de las administraciones locales en proporción al presupuesto aprobado originalmente,,,Forua,%,Forua,103.11,96.89
2020,Gasto liquidado de las administraciones locales en proporción al presupuesto aprobado originalmente,,,Fruiz,%,Fruiz,125.32,74.68
2012,Gasto liquidado de las administraciones locales en proporción al presupuesto aprobado originalmente,,,Fruiz,%,Fruiz,105.04,105.04
2017,Gasto liquidado de las administraciones locales en proporción al presupuesto aprobado originalmente,,,Fruiz,%,Fruiz,106.27,106.27
2015,Gasto liquidado de las administraciones locales en proporción al presupuesto aprobado originalmente,,,Fruiz,%,Fruiz,103.47,103.47
2023,Gasto liquidado de las administraciones locales en proporción al presupuesto aprobado originalmente,,,Fruiz,%,Fruiz,107.38,107.38
2013,Gasto liquidado de las administraciones locales en proporción al presupuesto aprobado originalmente,,,Fruiz,%,Fruiz,123.8,123.8
2021,Gasto liquidado de las administraciones locales en proporción al presupuesto aprobado originalmente,,,Fruiz,%,Fruiz,112.25,87.75
2010,Gasto liquidado de las administraciones locales en proporción al presupuesto aprobado originalmente,,,Fruiz,%,Fruiz,156.53,156.53
2014,Gasto liquidado de las administraciones locales en proporción al presupuesto aprobado originalmente,,,Fruiz,%,Fruiz,107.56,107.56
2016,Gasto liquidado de las administraciones locales en proporción al presupuesto aprobado originalmente,,,Fruiz,%,Fruiz,101.58,98.42
2018,Gasto liquidado de las administraciones locales en proporción al presupuesto aprobado originalmente,,,Fruiz,%,Fruiz,116.89,83.11
2022,Gasto liquidado de las administraciones locales en proporción al presupuesto aprobado originalmente,,,Fruiz,%,Fruiz,101.91,98.09
2011,Gasto liquidado de las administraciones locales en proporción al presupuesto aprobado originalmente,,,Fruiz,%,Fruiz,103.02,96.98
2019,Gasto liquidado de las administraciones locales en proporción al presupuesto aprobado originalmente,,,Fruiz,%,Fruiz,110.39,110.39
2020,Gasto liquidado de las administraciones locales en proporción al presupuesto aprobado originalmente,,,Gabiria,%,Gabiria,151.94,151.94
2016,Gasto liquidado de las administraciones locales en proporción al presupuesto aprobado originalmente,,,Gabiria,%,Gabiria,106.49,106.49
2017,Gasto liquidado de las administraciones locales en proporción al presupuesto aprobado originalmente,,,Gabiria,%,Gabiria,109.52,109.52
2015,Gasto liquidado de las administraciones locales en proporción al presupuesto aprobado originalmente,,,Gabiria,%,Gabiria,118.34,118.34
2012,Gasto liquidado de las administraciones locales en proporción al presupuesto aprobado originalmente,,,Gabiria,%,Gabiria,100.55,99.45
2010,Gasto liquidado de las administraciones locales en proporción al presupuesto aprobado originalmente,,,Gabiria,%,Gabiria,152.9,152.9
2014,Gasto liquidado de las administraciones locales en proporción al presupuesto aprobado originalmente,,,Gabiria,%,Gabiria,113.87,113.87
2022,Gasto liquidado de las administraciones locales en proporción al presupuesto aprobado originalmente,,,Gabiria,%,Gabiria,109.27,109.27
2019,Gasto liquidado de las administraciones locales en proporción al presupuesto aprobado originalmente,,,Gabiria,%,Gabiria,102.13,97.87
2023,Gasto liquidado de las administraciones locales en proporción al presupuesto aprobado originalmente,,,Gabiria,%,Gabiria,125.84,125.84
2013,Gasto liquidado de las administraciones locales en proporción al presupuesto aprobado originalmente,,,Gabiria,%,Gabiria,115.99,115.99
2021,Gasto liquidado de las administraciones locales en proporción al presupuesto aprobado originalmente,,,Gabiria,%,Gabiria,101.71,98.29
2011,Gasto liquidado de las administraciones locales en proporción al presupuesto aprobado originalmente,,,Gabiria,%,Gabiria,126.35,126.35
2018,Gasto liquidado de las administraciones locales en proporción al presupuesto aprobado originalmente,,,Gabiria,%,Gabiria,101.12,98.88
2023,Gasto liquidado de las administraciones locales en proporción al presupuesto aprobado originalmente,,,Gaintza,%,Gaintza,136.38,136.38
2022,Gasto liquidado de las administraciones locales en proporción al presupuesto aprobado originalmente,,,Gaintza,%,Gaintza,118.14,118.14
2017,Gasto liquidado de las administraciones locales en proporción al presupuesto aprobado originalmente,,,Gaintza,%,Gaintza,106.32,106.32
2020,Gasto liquidado de las administraciones locales en proporción al presupuesto aprobado originalmente,,,Gaintza,%,Gaintza,109.97,90.03
2014,Gasto liquidado de las administraciones locales en proporción al presupuesto aprobado originalmente,,,Gaintza,%,Gaintza,103.21,96.79
2018,Gasto liquidado de las administraciones locales en proporción al presupuesto aprobado originalmente,,,Gaintza,%,Gaintza,101.16,101.16
2015,Gasto liquidado de las administraciones locales en proporción al presupuesto aprobado originalmente,,,Gaintza,%,Gaintza,106.88,106.88
2021,Gasto liquidado de las administraciones locales en proporción al presupuesto aprobado originalmente,,,Gaintza,%,Gaintza,113.37,113.37
2016,Gasto liquidado de las administraciones locales en proporción al presupuesto aprobado originalmente,,,Gaintza,%,Gaintza,108.54,108.54
2019,Gasto liquidado de las administraciones locales en proporción al presupuesto aprobado originalmente,,,Gaintza,%,Gaintza,109.02,109.02
2012,Gasto liquidado de las administraciones locales en proporción al presupuesto aprobado originalmente,,,Gaintza,%,Gaintza,103.21,103.21
2011,Gasto liquidado de las administraciones locales en proporción al presupuesto aprobado originalmente,,,Gaintza,%,Gaintza,148.26,51.74
2010,Gasto liquidado de las administraciones locales en proporción al presupuesto aprobado originalmente,,,Gaintza,%,Gaintza,138.89,61.11
2013,Gasto liquidado de las administraciones locales en proporción al presupuesto aprobado originalmente,,,Gaintza,%,Gaintza,115.79,115.79
2023,Gasto liquidado de las administraciones locales en proporción al presupuesto aprobado originalmente,,,Galdakao,%,Galdakao,106.12,106.12
2014,Gasto liquidado de las administraciones locales en proporción al presupuesto aprobado originalmente,,,Galdakao,%,Galdakao,113.0,113.0
2019,Gasto liquidado de las administraciones locales en proporción al presupuesto aprobado originalmente,,,Galdakao,%,Galdakao,120.11,79.89
2013,Gasto liquidado de las administraciones locales en proporción al presupuesto aprobado originalmente,,,Galdakao,%,Galdakao,110.79,110.79
2011,Gasto liquidado de las administraciones locales en proporción al presupuesto aprobado originalmente,,,Galdakao,%,Galdakao,113.55,113.55
2021,Gasto liquidado de las administraciones locales en proporción al presupuesto aprobado originalmente,,,Galdakao,%,Galdakao,104.99,104.99
2015,Gasto liquidado de las administraciones locales en proporción al presupuesto aprobado originalmente,,,Galdakao,%,Galdakao,112.18,112.18
2010,Gasto liquidado de las administraciones locales en proporción al presupuesto aprobado originalmente,,,Galdakao,%,Galdakao,150.13,150.13
2012,Gasto liquidado de las administraciones locales en proporción al presupuesto aprobado originalmente,,,Galdakao,%,Galdakao,105.25,94.75
2016,Gasto liquidado de las administraciones locales en proporción al presupuesto aprobado originalmente,,,Galdakao,%,Galdakao,105.45,94.55
2018,Gasto liquidado de las administraciones locales en proporción al presupuesto aprobado originalmente,,,Galdakao,%,Galdakao,111.87,88.13
2020,Gasto liquidado de las administraciones locales en proporción al presupuesto aprobado originalmente,,,Galdakao,%,Galdakao,115.49,84.51
2022,Gasto liquidado de las administraciones locales en proporción al presupuesto aprobado originalmente,,,Galdakao,%,Galdakao,109.27,109.27
2017,Gasto liquidado de las administraciones locales en proporción al presupuesto aprobado originalmente,,,Galdakao,%,Galdakao,105.44,94.56
2018,Gasto liquidado de las administraciones locales en proporción al presupuesto aprobado originalmente,,,Galdames,%,Galdames,113.88,86.12
2011,Gasto liquidado de las administraciones locales en proporción al presupuesto aprobado originalmente,,,Galdames,%,Galdames,107.15,107.15
2010,Gasto liquidado de las administraciones locales en proporción al presupuesto aprobado originalmente,,,Galdames,%,Galdames,127.38,127.38
2014,Gasto liquidado de las administraciones locales en proporción al presupuesto aprobado originalmente,,,Galdames,%,Galdames,133.1,133.1
2019,Gasto liquidado de las administraciones locales en proporción al presupuesto aprobado originalmente,,,Galdames,%,Galdames,103.55,96.45
2015,Gasto liquidado de las administraciones locales en proporción al presupuesto aprobado originalmente,,,Galdames,%,Galdames,122.32,122.32
2013,Gasto liquidado de las administraciones locales en proporción al presupuesto aprobado originalmente,,,Galdames,%,Galdames,107.25,107.25
2023,Gasto liquidado de las administraciones locales en proporción al presupuesto aprobado originalmente,,,Galdames,%,Galdames,117.39,117.39
2021,Gasto liquidado de las administraciones locales en proporción al presupuesto aprobado originalmente,,,Galdames,%,Galdames,102.08,102.08
2017,Gasto liquidado de las administraciones locales en proporción al presupuesto aprobado originalmente,,,Galdames,%,Galdames,111.67,111.67
2012,Gasto liquidado de las administraciones locales en proporción al presupuesto aprobado originalmente,,,Galdames,%,Galdames,116.38,116.38
2016,Gasto liquidado de las administraciones locales en proporción al presupuesto aprobado originalmente,,,Galdames,%,Galdames,116.93,116.93
2020,Gasto liquidado de las administraciones locales en proporción al presupuesto aprobado originalmente,,,Galdames,%,Galdames,100.33,99.67
2022,Gasto liquidado de las administraciones locales en proporción al presupuesto aprobado originalmente,,,Galdames,%,Galdames,129.68,129.68
2022,Gasto liquidado de las administraciones locales en proporción al presupuesto aprobado originalmente,,,Gamiz-Fika,%,Gamiz-Fika,101.69,98.31
2014,Gasto liquidado de las administraciones locales en proporción al presupuesto aprobado originalmente,,,Gamiz-Fika,%,Gamiz-Fika,125.53,125.53
2011,Gasto liquidado de las administraciones locales en proporción al presupuesto aprobado originalmente,,,Gamiz-Fika,%,Gamiz-Fika,119.99,80.01
2019,Gasto liquidado de las administraciones locales en proporción al presupuesto aprobado originalmente,,,Gamiz-Fika,%,Gamiz-Fika,111.22,88.78
2010,Gasto liquidado de las administraciones locales en proporción al presupuesto aprobado originalmente,,,Gamiz-Fika,%,Gamiz-Fika,134.73,134.73
2013,Gasto liquidado de las administraciones locales en proporción al presupuesto aprobado originalmente,,,Gamiz-Fika,%,Gamiz-Fika,118.45,118.45
2021,Gasto liquidado de las administraciones locales en proporción al presupuesto aprobado originalmente,,,Gamiz-Fika,%,Gamiz-Fika,100.22,99.78
2017,Gasto liquidado de las administraciones locales en proporción al presupuesto aprobado originalmente,,,Gamiz-Fika,%,Gamiz-Fika,102.6,102.6
2023,Gasto liquidado de las administraciones locales en proporción al presupuesto aprobado originalmente,,,Gamiz-Fika,%,Gamiz-Fika,120.83,120.83
2015,Gasto liquidado de las administraciones locales en proporción al presupuesto aprobado originalmente,,,Gamiz-Fika,%,Gamiz-Fika,142.05,142.05
2012,Gasto liquidado de las administraciones locales en proporción al presupuesto aprobado originalmente,,,Gamiz-Fika,%,Gamiz-Fika,110.2,89.8
2016,Gasto liquidado de las administraciones locales en proporción al presupuesto aprobado originalmente,,,Gamiz-Fika,%,Gamiz-Fika,109.62,90.38
2018,Gasto liquidado de las administraciones locales en proporción al presupuesto aprobado originalmente,,,Gamiz-Fika,%,Gamiz-Fika,107.59,107.59
2020,Gasto liquidado de las administraciones locales en proporción al presupuesto aprobado originalmente,,,Gamiz-Fika,%,Gamiz-Fika,112.59,87.41
2018,Gasto liquidado de las administraciones locales en proporción al presupuesto aprobado originalmente,,,Garai,%,Garai,120.96,120.96
2011,Gasto liquidado de las administraciones locales en proporción al presupuesto aprobado originalmente,,,Garai,%,Garai,124.11,124.11
2010,Gasto liquidado de las administraciones locales en proporción al presupuesto aprobado originalmente,,,Garai,%,Garai,169.63,169.63
2015,Gasto liquidado de las administraciones locales en proporción al presupuesto aprobado originalmente,,,Garai,%,Garai,127.65,127.65
2017,Gasto liquidado de las administraciones locales en proporción al presupuesto aprobado originalmente,,,Garai,%,Garai,131.69,131.69
2019,Gasto liquidado de las administraciones locales en proporción al presupuesto aprobado originalmente,,,Garai,%,Garai,122.22,122.22
2023,Gasto liquidado de las administraciones locales en proporción al presupuesto aprobado originalmente,,,Garai,%,Garai,135.53,135.53
2021,Gasto liquidado de las administraciones locales en proporción al presupuesto aprobado originalmente,,,Garai,%,Garai,106.76,93.24
2012,Gasto liquidado de las administraciones locales en proporción al presupuesto aprobado originalmente,,,Garai,%,Garai,139.42,139.42
2014,Gasto liquidado de las administraciones locales en proporción al presupuesto aprobado originalmente,,,Garai,%,Garai,125.4,125.4
2016,Gasto liquidado de las administraciones locales en proporción al presupuesto aprobado originalmente,,,Garai,%,Garai,106.09,93.91
2020,Gasto liquidado de las administraciones locales en proporción al presupuesto aprobado originalmente,,,Garai,%,Garai,132.14,132.14
2022,Gasto liquidado de las administraciones locales en proporción al presupuesto aprobado originalmente,,,Garai,%,Garai,125.4,125.4
2013,Gasto liquidado de las administraciones locales en proporción al presupuesto aprobado originalmente,,,Garai,%,Garai,137.27,137.27
2018,Gasto liquidado de las administraciones locales en proporción al presupuesto aprobado originalmente,,,Gatika,%,Gatika,106.53,93.47
2010,Gasto liquidado de las administraciones locales en proporción al presupuesto aprobado originalmente,,,Gatika,%,Gatika,112.59,87.41
2014,Gasto liquidado de las administraciones locales en proporción al presupuesto aprobado originalmente,,,Gatika,%,Gatika,104.45,104.45
2021,Gasto liquidado de las administraciones locales en proporción al presupuesto aprobado originalmente,,,Gatika,%,Gatika,119.61,119.61
2016,Gasto liquidado de las administraciones locales en proporción al presupuesto aprobado originalmente,,,Gatika,%,Gatika,106.36,106.36
2011,Gasto liquidado de las administraciones locales en proporción al presupuesto aprobado originalmente,,,Gatika,%,Gatika,125.48,74.52
2019,Gasto liquidado de las administraciones locales en proporción al presupuesto aprobado originalmente,,,Gatika,%,Gatika,109.69,109.69
2023,Gasto liquidado de las administraciones locales en proporción al presupuesto aprobado originalmente,,,Gatika,%,Gatika,109.07,109.07
2015,Gasto liquidado de las administraciones locales en proporción al presupuesto aprobado originalmente,,,Gatika,%,Gatika,108.89,108.89
2017,Gasto liquidado de las administraciones locales en proporción al presupuesto aprobado originalmente,,,Gatika,%,Gatika,110.95,110.95
2012,Gasto liquidado de las administraciones locales en proporción al presupuesto aprobado originalmente,,,Gatika,%,Gatika,148.27,148.27
2020,Gasto liquidado de las administraciones locales en proporción al presupuesto aprobado originalmente,,,Gatika,%,Gatika,104.43,95.57
2022,Gasto liquidado de las administraciones locales en proporción al presupuesto aprobado originalmente,,,Gatika,%,Gatika,118.32,118.32
2013,Gasto liquidado de las administraciones locales en proporción al presupuesto aprobado originalmente,,,Gatika,%,Gatika,113.58,113.58
2018,Gasto liquidado de las administraciones locales en proporción al presupuesto aprobado originalmente,,,Gautegiz Arteaga,%,Gautegiz Arteaga,123.98,123.98
2010,Gasto liquidado de las administraciones locales en proporción al presupuesto aprobado originalmente,,,Gautegiz Arteaga,%,Gautegiz Arteaga,174.41,174.41
2013,Gasto liquidado de las administraciones locales en proporción al presupuesto aprobado originalmente,,,Gautegiz Arteaga,%,Gautegiz Arteaga,124.33,124.33
2023,Gasto liquidado de las administraciones locales en proporción al presupuesto aprobado originalmente,,,Gautegiz Arteaga,%,Gautegiz Arteaga,104.75,95.25
2021,Gasto liquidado de las administraciones locales en proporción al presupuesto aprobado originalmente,,,Gautegiz Arteaga,%,Gautegiz Arteaga,103.87,103.87
2011,Gasto liquidado de las administraciones locales en proporción al presupuesto aprobado originalmente,,,Gautegiz Arteaga,%,Gautegiz Arteaga,114.77,114.77
2019,Gasto liquidado de las administraciones locales en proporción al presupuesto aprobado originalmente,,,Gautegiz Arteaga,%,Gautegiz Arteaga,100.59,100.59
2012,Gasto liquidado de las administraciones locales en proporción al presupuesto aprobado originalmente,,,Gautegiz Arteaga,%,Gautegiz Arteaga,107.45,107.45
2014,Gasto liquidado de las administraciones locales en proporción al presupuesto aprobado originalmente,,,Gautegiz Arteaga,%,Gautegiz Arteaga,107.99,107.99
2016,Gasto liquidado de las administraciones locales en proporción al presupuesto aprobado originalmente,,,Gautegiz Arteaga,%,Gautegiz Arteaga,112.65,87.35
2020,Gasto liquidado de las administraciones locales en proporción al presupuesto aprobado originalmente,,,Gautegiz Arteaga,%,Gautegiz Arteaga,121.01,78.99
2022,Gasto liquidado de las administraciones locales en proporción al presupuesto aprobado originalmente,,,Gautegiz Arteaga,%,Gautegiz Arteaga,115.96,84.04
2015,Gasto liquidado de las administraciones locales en proporción al presupuesto aprobado originalmente,,,Gautegiz Arteaga,%,Gautegiz Arteaga,103.07,103.07
2017,Gasto liquidado de las administraciones locales en proporción al presupuesto aprobado originalmente,,,Gautegiz Arteaga,%,Gautegiz Arteaga,113.64,113.64
2013,Gasto liquidado de las administraciones locales en proporción al presupuesto aprobado originalmente,,,Gaztelu,%,Gaztelu,118.69,118.69
2023,Gasto liquidado de las administraciones locales en proporción al presupuesto aprobado originalmente,,,Gaztelu,%,Gaztelu,101.1,98.9
2016,Gasto liquidado de las administraciones locales en proporción al presupuesto aprobado originalmente,,,Gaztelu,%,Gaztelu,115.6,115.6
2015,Gasto liquidado de las administraciones locales en proporción al presupuesto aprobado originalmente,,,Gaztelu,%,Gaztelu,116.0,116.0
2010,Gasto liquidado de las administraciones locales en proporción al presupuesto aprobado originalmente,,,Gaztelu,%,Gaztelu,106.55,93.45
2012,Gasto liquidado de las administraciones locales en proporción al presupuesto aprobado originalmente,,,Gaztelu,%,Gaztelu,178.81,21.19
2014,Gasto liquidado de las administraciones locales en proporción al presupuesto aprobado originalmente,,,Gaztelu,%,Gaztelu,120.65,120.65
2018,Gasto liquidado de las administraciones locales en proporción al presupuesto aprobado originalmente,,,Gaztelu,%,Gaztelu,106.32,106.32
2020,Gasto liquidado de las administraciones locales en proporción al presupuesto aprobado originalmente,,,Gaztelu,%,Gaztelu,103.0,103.0
2022,Gasto liquidado de las administraciones locales en proporción al presupuesto aprobado originalmente,,,Gaztelu,%,Gaztelu,118.68,118.68
2017,Gasto liquidado de las administraciones locales en proporción al presupuesto aprobado originalmente,,,Gaztelu,%,Gaztelu,108.06,91.94
2011,Gasto liquidado de las administraciones locales en proporción al presupuesto aprobado originalmente,,,Gaztelu,%,Gaztelu,179.01999999999998,20.98
2021,Gasto liquidado de las administraciones locales en proporción al presupuesto aprobado originalmente,,,Gaztelu,%,Gaztelu,101.15,98.85
2019,Gasto liquidado de las administraciones locales en proporción al presupuesto aprobado originalmente,,,Gaztelu,%,Gaztelu,101.63,101.63
2023,Gasto liquidado de las administraciones locales en proporción al presupuesto aprobado originalmente,,,Gernika-Lumo,%,Gernika-Lumo,105.22,105.22
2016,Gasto liquidado de las administraciones locales en proporción al presupuesto aprobado originalmente,,,Gernika-Lumo,%,Gernika-Lumo,101.72,101.72
2021,Gasto liquidado de las administraciones locales en proporción al presupuesto aprobado originalmente,,,Gernika-Lumo,%,Gernika-Lumo,110.23,89.77
2011,Gasto liquidado de las administraciones locales en proporción al presupuesto aprobado originalmente,,,Gernika-Lumo,%,Gernika-Lumo,102.15,97.85
2019,Gasto liquidado de las administraciones locales en proporción al presupuesto aprobado originalmente,,,Gernika-Lumo,%,Gernika-Lumo,101.58,98.42
2017,Gasto liquidado de las administraciones locales en proporción al presupuesto aprobado originalmente,,,Gernika-Lumo,%,Gernika-Lumo,102.73,102.73
2015,Gasto liquidado de las administraciones locales en proporción al presupuesto aprobado originalmente,,,Gernika-Lumo,%,Gernika-Lumo,106.43,93.57
2013,Gasto liquidado de las administraciones locales en proporción al presupuesto aprobado originalmente,,,Gernika-Lumo,%,Gernika-Lumo,104.34,95.66
2010,Gasto liquidado de las administraciones locales en proporción al presupuesto aprobado originalmente,,,Gernika-Lumo,%,Gernika-Lumo,115.87,115.87
2012,Gasto liquidado de las administraciones locales en proporción al presupuesto aprobado originalmente,,,Gernika-Lumo,%,Gernika-Lumo,100.52,99.48
2014,Gasto liquidado de las administraciones locales en proporción al presupuesto aprobado originalmente,,,Gernika-Lumo,%,Gernika-Lumo,106.35,106.35
2018,Gasto liquidado de las administraciones locales en proporción al presupuesto aprobado originalmente,,,Gernika-Lumo,%,Gernika-Lumo,116.43,83.57
2020,Gasto liquidado de las administraciones locales en proporción al presupuesto aprobado originalmente,,,Gernika-Lumo,%,Gernika-Lumo,109.39,90.61
2022,Gasto liquidado de las administraciones locales en proporción al presupuesto aprobado originalmente,,,Gernika-Lumo,%,Gernika-Lumo,120.85,79.15
2020,Gasto liquidado de las administraciones locales en proporción al presupuesto aprobado originalmente,,,Getaria,%,Getaria,108.5,108.5
2016,Gasto liquidado de las administraciones locales en proporción al presupuesto aprobado originalmente,,,Getaria,%,Getaria,102.59,97.41
2013,Gasto liquidado de las administraciones locales en proporción al presupuesto aprobado originalmente,,,Getaria,%,Getaria,106.81,93.19
2012,Gasto liquidado de las administraciones locales en proporción al presupuesto aprobado originalmente,,,Getaria,%,Getaria,119.2,80.8
2015,Gasto liquidado de las administraciones locales en proporción al presupuesto aprobado originalmente,,,Getaria,%,Getaria,110.0,110.0
2023,Gasto liquidado de las administraciones locales en proporción al presupuesto aprobado originalmente,,,Getaria,%,Getaria,105.2,105.2
2010,Gasto liquidado de las administraciones locales en proporción al presupuesto aprobado originalmente,,,Getaria,%,Getaria,109.29,109.29
2017,Gasto liquidado de las administraciones locales en proporción al presupuesto aprobado originalmente,,,Getaria,%,Getaria,100.87,100.87
2011,Gasto liquidado de las administraciones locales en proporción al presupuesto aprobado originalmente,,,Getaria,%,Getaria,113.99,86.01
2014,Gasto liquidado de las administraciones locales en proporción al presupuesto aprobado originalmente,,,Getaria,%,Getaria,105.24,94.76
2019,Gasto liquidado de las administraciones locales en proporción al presupuesto aprobado originalmente,,,Getaria,%,Getaria,102.15,97.85
2022,Gasto liquidado de las administraciones locales en proporción al presupuesto aprobado originalmente,,,Getaria,%,Getaria,116.23,116.23
2018,Gasto liquidado de las administraciones locales en proporción al presupuesto aprobado originalmente,,,Getaria,%,Getaria,101.91,101.91
2021,Gasto liquidado de las administraciones locales en proporción al presupuesto aprobado originalmente,,,Getaria,%,Getaria,107.26,107.26
2022,Gasto liquidado de las administraciones locales en proporción al presupuesto aprobado originalmente,,,Getxo,%,Getxo,107.93,92.07
2014,Gasto liquidado de las administraciones locales en proporción al presupuesto aprobado originalmente,,,Getxo,%,Getxo,100.95,100.95
2019,Gasto liquidado de las administraciones locales en proporción al presupuesto aprobado originalmente,,,Getxo,%,Getxo,109.77,109.77
2021,Gasto liquidado de las administraciones locales en proporción al presupuesto aprobado originalmente,,,Getxo,%,Getxo,106.57,93.43
2015,Gasto liquidado de las administraciones locales en proporción al presupuesto aprobado originalmente,,,Getxo,%,Getxo,108.05,108.05
2013,Gasto liquidado de las administraciones locales en proporción al presupuesto aprobado originalmente,,,Getxo,%,Getxo,102.55,97.45
2017,Gasto liquidado de las administraciones locales en proporción al presupuesto aprobado originalmente,,,Getxo,%,Getxo,104.86,104.86
2010,Gasto liquidado de las administraciones locales en proporción al presupuesto aprobado originalmente,,,Getxo,%,Getxo,126.52,126.52
2012,Gasto liquidado de las administraciones locales en proporción al presupuesto aprobado originalmente,,,Getxo,%,Getxo,122.3,77.7
2016,Gasto liquidado de las administraciones locales en proporción al presupuesto aprobado originalmente,,,Getxo,%,Getxo,101.09,101.09
2018,Gasto liquidado de las administraciones locales en proporción al presupuesto aprobado originalmente,,,Getxo,%,Getxo,113.93,113.93
2020,Gasto liquidado de las administraciones locales en proporción al presupuesto aprobado originalmente,,,Getxo,%,Getxo,100.34,99.66
2023,Gasto liquidado de las administraciones locales en proporción al presupuesto aprobado originalmente,,,Getxo,%,Getxo,106.85,93.15
2011,Gasto liquidado de las administraciones locales en proporción al presupuesto aprobado originalmente,,,Getxo,%,Getxo,102.19,97.81
2010,Gasto liquidado de las administraciones locales en proporción al presupuesto aprobado originalmente,,,Gizaburuaga,%,Gizaburuaga,104.49,95.51
2013,Gasto liquidado de las administraciones locales en proporción al presupuesto aprobado originalmente,,,Gizaburuaga,%,Gizaburuaga,102.42,97.58
2019,Gasto liquidado de las administraciones locales en proporción al presupuesto aprobado originalmente,,,Gizaburuaga,%,Gizaburuaga,116.21,83.79
2021,Gasto liquidado de las administraciones locales en proporción al presupuesto aprobado originalmente,,,Gizaburuaga,%,Gizaburuaga,119.36,80.64
2011,Gasto liquidado de las administraciones locales en proporción al presupuesto aprobado originalmente,,,Gizaburuaga,%,Gizaburuaga,123.94,76.06
2017,Gasto liquidado de las administraciones locales en proporción al presupuesto aprobado originalmente,,,Gizaburuaga,%,Gizaburuaga,146.95,146.95
2023,Gasto liquidado de las administraciones locales en proporción al presupuesto aprobado originalmente,,,Gizaburuaga,%,Gizaburuaga,170.88,170.88
2015,Gasto liquidado de las administraciones locales en proporción al presupuesto aprobado originalmente,,,Gizaburuaga,%,Gizaburuaga,101.11,98.89
2012,Gasto liquidado de las administraciones locales en proporción al presupuesto aprobado originalmente,,,Gizaburuaga,%,Gizaburuaga,106.38,106.38
2014,Gasto liquidado de las administraciones locales en proporción al presupuesto aprobado originalmente,,,Gizaburuaga,%,Gizaburuaga,110.08,110.08
2016,Gasto liquidado de las administraciones locales en proporción al presupuesto aprobado originalmente,,,Gizaburuaga,%,Gizaburuaga,100.17,100.17
2018,Gasto liquidado de las administraciones locales en proporción al presupuesto aprobado originalmente,,,Gizaburuaga,%,Gizaburuaga,118.35,81.65
2020,Gasto liquidado de las administraciones locales en proporción al presupuesto aprobado originalmente,,,Gizaburuaga,%,Gizaburuaga,112.93,87.07
2022,Gasto liquidado de las administraciones locales en proporción al presupuesto aprobado originalmente,,,Gizaburuaga,%,Gizaburuaga,156.57999999999998,43.42
2015,Gasto liquidado de las administraciones locales en proporción al presupuesto aprobado originalmente,,,Gordexola,%,Gordexola,131.13,131.13
2010,Gasto liquidado de las administraciones locales en proporción al presupuesto aprobado originalmente,,,Gordexola,%,Gordexola,144.42,144.42
2011,Gasto liquidado de las administraciones locales en proporción al presupuesto aprobado originalmente,,,Gordexola,%,Gordexola,110.05,110.05
2021,Gasto liquidado de las administraciones locales en proporción al presupuesto aprobado originalmente,,,Gordexola,%,Gordexola,138.92,138.92
2014,Gasto liquidado de las administraciones locales en proporción al presupuesto aprobado originalmente,,,Gordexola,%,Gordexola,128.4,128.4
2018,Gasto liquidado de las administraciones locales en proporción al presupuesto aprobado originalmente,,,Gordexola,%,Gordexola,112.62,112.62
2022,Gasto liquidado de las administraciones locales en proporción al presupuesto aprobado originalmente,,,Gordexola,%,Gordexola,136.4,136.4
2017,Gasto liquidado de las administraciones locales en proporción al presupuesto aprobado originalmente,,,Gordexola,%,Gordexola,117.31,117.31
2019,Gasto liquidado de las administraciones locales en proporción al presupuesto aprobado originalmente,,,Gordexola,%,Gordexola,105.43,105.43
2013,Gasto liquidado de las administraciones locales en proporción al presupuesto aprobado originalmente,,,Gordexola,%,Gordexola,100.16,99.84
2012,Gasto liquidado de las administraciones locales en proporción al presupuesto aprobado originalmente,,,Gordexola,%,Gordexola,107.17,92.83
2016,Gasto liquidado de las administraciones locales en proporción al presupuesto aprobado originalmente,,,Gordexola,%,Gordexola,117.45,117.45
2020,Gasto liquidado de las administraciones locales en proporción al presupuesto aprobado originalmente,,,Gordexola,%,Gordexola,157.26,157.26
2023,Gasto liquidado de las administraciones locales en proporción al presupuesto aprobado originalmente,,,Gordexola,%,Gordexola,192.12,192.12
2013,Gasto liquidado de las administraciones locales en proporción al presupuesto aprobado originalmente,,,Gorliz,%,Gorliz,102.49,97.51
2020,Gasto liquidado de las administraciones locales en proporción al presupuesto aprobado originalmente,,,Gorliz,%,Gorliz,106.61,93.39
2015,Gasto liquidado de las administraciones locales en proporción al presupuesto aprobado originalmente,,,Gorliz,%,Gorliz,103.23,103.23
2019,Gasto liquidado de las administraciones locales en proporción al presupuesto aprobado originalmente,,,Gorliz,%,Gorliz,104.85,104.85
2017,Gasto liquidado de las administraciones locales en proporción al presupuesto aprobado originalmente,,,Gorliz,%,Gorliz,123.52,123.52
2012,Gasto liquidado de las administraciones locales en proporción al presupuesto aprobado originalmente,,,Gorliz,%,Gorliz,102.8,102.8
2011,Gasto liquidado de las administraciones locales en proporción al presupuesto aprobado originalmente,,,Gorliz,%,Gorliz,161.33,161.33
2021,Gasto liquidado de las administraciones locales en proporción al presupuesto aprobado originalmente,,,Gorliz,%,Gorliz,106.29,93.71
2023,Gasto liquidado de las administraciones locales en proporción al presupuesto aprobado originalmente,,,Gorliz,%,Gorliz,113.59,113.59
2010,Gasto liquidado de las administraciones locales en proporción al presupuesto aprobado originalmente,,,Gorliz,%,Gorliz,159.22,159.22
2014,Gasto liquidado de las administraciones locales en proporción al presupuesto aprobado originalmente,,,Gorliz,%,Gorliz,103.7,103.7
2016,Gasto liquidado de las administraciones locales en proporción al presupuesto aprobado originalmente,,,Gorliz,%,Gorliz,106.33,93.67
2018,Gasto liquidado de las administraciones locales en proporción al presupuesto aprobado originalmente,,,Gorliz,%,Gorliz,104.32,95.68
2022,Gasto liquidado de las administraciones locales en proporción al presupuesto aprobado originalmente,,,Gorliz,%,Gorliz,107.16,92.84
2010,Gasto liquidado de las administraciones locales en proporción al presupuesto aprobado originalmente,,,Güeñes,%,Güeñes,144.91,144.91
2017,Gasto liquidado de las administraciones locales en proporción al presupuesto aprobado originalmente,,,Güeñes,%,Güeñes,106.26,106.26
2021,Gasto liquidado de las administraciones locales en proporción al presupuesto aprobado originalmente,,,Güeñes,%,Güeñes,105.19,94.81
2015,Gasto liquidado de las administraciones locales en proporción al presupuesto aprobado originalmente,,,Güeñes,%,Güeñes,102.86,102.86
2013,Gasto liquidado de las administraciones locales en proporción al presupuesto aprobado originalmente,,,Güeñes,%,Güeñes,104.5,95.5
2011,Gasto liquidado de las administraciones locales en proporción al presupuesto aprobado originalmente,,,Güeñes,%,Güeñes,110.93,110.93
2019,Gasto liquidado de las administraciones locales en proporción al presupuesto aprobado originalmente,,,Güeñes,%,Güeñes,107.79,107.79
2012,Gasto liquidado de las administraciones locales en proporción al presupuesto aprobado originalmente,,,Güeñes,%,Güeñes,132.91,132.91
2014,Gasto liquidado de las administraciones locales en proporción al presupuesto aprobado originalmente,,,Güeñes,%,Güeñes,112.38,112.38
2016,Gasto liquidado de las administraciones locales en proporción al presupuesto aprobado originalmente,,,Güeñes,%,Güeñes,104.05,95.95
2018,Gasto liquidado de las administraciones locales en proporción al presupuesto aprobado originalmente,,,Güeñes,%,Güeñes,103.84,103.84
2020,Gasto liquidado de las administraciones locales en proporción al presupuesto aprobado originalmente,,,Güeñes,%,Güeñes,104.68,95.32
2022,Gasto liquidado de las administraciones locales en proporción al presupuesto aprobado originalmente,,,Güeñes,%,Güeñes,101.42,101.42
2023,Gasto liquidado de las administraciones locales en proporción al presupuesto aprobado originalmente,,,Güeñes,%,Güeñes,107.91,107.91
2013,Gasto liquidado de las administraciones locales en proporción al presupuesto aprobado originalmente,,,Harana/Valle de Arana,%,Harana/Valle de Arana,106.12,93.88
2017,Gasto liquidado de las administraciones locales en proporción al presupuesto aprobado originalmente,,,Harana/Valle de Arana,%,Harana/Valle de Arana,101.33,98.67
2019,Gasto liquidado de las administraciones locales en proporción al presupuesto aprobado originalmente,,,Harana/Valle de Arana,%,Harana/Valle de Arana,105.39,94.61
2016,Gasto liquidado de las administraciones locales en proporción al presupuesto aprobado originalmente,,,Harana/Valle de Arana,%,Harana/Valle de Arana,105.05,105.05
2010,Gasto liquidado de las administraciones locales en proporción al presupuesto aprobado originalmente,,,Harana/Valle de Arana,%,Harana/Valle de Arana,109.58,109.58
2015,Gasto liquidado de las administraciones locales en proporción al presupuesto aprobado originalmente,,,Harana/Valle de Arana,%,Harana/Valle de Arana,111.38,88.62
2023,Gasto liquidado de las administraciones locales en proporción al presupuesto aprobado originalmente,,,Harana/Valle de Arana,%,Harana/Valle de Arana,107.6,92.4
2018,Gasto liquidado de las administraciones locales en proporción al presupuesto aprobado originalmente,,,Harana/Valle de Arana,%,Harana/Valle de Arana,125.67,74.33
2014,Gasto liquidado de las administraciones locales en proporción al presupuesto aprobado originalmente,,,Harana/Valle de Arana,%,Harana/Valle de Arana,113.45,113.45
2021,Gasto liquidado de las administraciones locales en proporción al presupuesto aprobado originalmente,,,Harana/Valle de Arana,%,Harana/Valle de Arana,101.27,101.27
2011,Gasto liquidado de las administraciones locales en proporción al presupuesto aprobado originalmente,,,Harana/Valle de Arana,%,Harana/Valle de Arana,108.03,91.97
2020,Gasto liquidado de las administraciones locales en proporción al presupuesto aprobado originalmente,,,Harana/Valle de Arana,%,Harana/Valle de Arana,185.5,185.5
2022,Gasto liquidado de las administraciones locales en proporción al presupuesto aprobado originalmente,,,Harana/Valle de Arana,%,Harana/Valle de Arana,105.08,94.92
2012,Gasto liquidado de las administraciones locales en proporción al presupuesto aprobado originalmente,,,Harana/Valle de Arana,%,Harana/Valle de Arana,104.92,104.92
2015,Gasto liquidado de las administraciones locales en proporción al presupuesto aprobado originalmente,,,Hernani,%,Hernani,101.69,98.31
2023,Gasto liquidado de las administraciones locales en proporción al presupuesto aprobado originalmente,,,Hernani,%,Hernani,109.78,109.78
2010,Gasto liquidado de las administraciones locales en proporción al presupuesto aprobado originalmente,,,Hernani,%,Hernani,117.46,117.46
2014,Gasto liquidado de las administraciones locales en proporción al presupuesto aprobado originalmente,,,Hernani,%,Hernani,107.56,92.44
2016,Gasto liquidado de las administraciones locales en proporción al presupuesto aprobado originalmente,,,Hernani,%,Hernani,107.85,92.15
2012,Gasto liquidado de las administraciones locales en proporción al presupuesto aprobado originalmente,,,Hernani,%,Hernani,111.06,88.94
2019,Gasto liquidado de las administraciones locales en proporción al presupuesto aprobado originalmente,,,Hernani,%,Hernani,115.73,84.27
2013,Gasto liquidado de las administraciones locales en proporción al presupuesto aprobado originalmente,,,Hernani,%,Hernani,102.63,97.37
2011,Gasto liquidado de las administraciones locales en proporción al presupuesto aprobado originalmente,,,Hernani,%,Hernani,101.8,98.2
2018,Gasto liquidado de las administraciones locales en proporción al presupuesto aprobado originalmente,,,Hernani,%,Hernani,104.3,95.7
2017,Gasto liquidado de las administraciones locales en proporción al presupuesto aprobado originalmente,,,Hernani,%,Hernani,102.67,102.67
2020,Gasto liquidado de las administraciones locales en proporción al presupuesto aprobado originalmente,,,Hernani,%,Hernani,102.19,97.81
2022,Gasto liquidado de las administraciones locales en proporción al presupuesto aprobado originalmente,,,Hernani,%,Hernani,102.35,102.35
2021,Gasto liquidado de las administraciones locales en proporción al presupuesto aprobado originalmente,,,Hernani,%,Hernani,100.6,99.4
2015,Gasto liquidado de las administraciones locales en proporción al presupuesto aprobado originalmente,,,Hernialde,%,Hernialde,117.91,82.09
2014,Gasto liquidado de las administraciones locales en proporción al presupuesto aprobado originalmente,,,Hernialde,%,Hernialde,126.46,73.54
2010,Gasto liquidado de las administraciones locales en proporción al presupuesto aprobado originalmente,,,Hernialde,%,Hernialde,252.9,252.9
2013,Gasto liquidado de las administraciones locales en proporción al presupuesto aprobado originalmente,,,Hernialde,%,Hernialde,124.29,75.71
2023,Gasto liquidado de las administraciones locales en proporción al presupuesto aprobado originalmente,,,Hernialde,%,Hernialde,123.17,76.83
2022,Gasto liquidado de las administraciones locales en proporción al presupuesto aprobado originalmente,,,Hernialde,%,Hernialde,196.37,196.37
2017,Gasto liquidado de las administraciones locales en proporción al presupuesto aprobado originalmente,,,Hernialde,%,Hernialde,102.66,97.34
2012,Gasto liquidado de las administraciones locales en proporción al presupuesto aprobado originalmente,,,Hernialde,%,Hernialde,120.73,79.27
2016,Gasto liquidado de las administraciones locales en proporción al presupuesto aprobado originalmente,,,Hernialde,%,Hernialde,107.73,92.27
2020,Gasto liquidado de las administraciones locales en proporción al presupuesto aprobado originalmente,,,Hernialde,%,Hernialde,129.85,129.85
2021,Gasto liquidado de las administraciones locales en proporción al presupuesto aprobado originalmente,,,Hernialde,%,Hernialde,111.1,111.1
2011,Gasto liquidado de las administraciones locales en proporción al presupuesto aprobado originalmente,,,Hernialde,%,Hernialde,104.35,104.35
2018,Gasto liquidado de las administraciones locales en proporción al presupuesto aprobado originalmente,,,Hernialde,%,Hernialde,108.11,91.89
2019,Gasto liquidado de las administraciones locales en proporción al presupuesto aprobado originalmente,,,Hernialde,%,Hernialde,127.66,72.34
2019,Gasto liquidado de las administraciones locales en proporción al presupuesto aprobado originalmente,,,Hondarribia,%,Hondarribia,104.9,95.1
2021,Gasto liquidado de las administraciones locales en proporción al presupuesto aprobado originalmente,,,Hondarribia,%,Hondarribia,114.69,85.31
2020,Gasto liquidado de las administraciones locales en proporción al presupuesto aprobado originalmente,,,Hondarribia,%,Hondarribia,117.0,83.0
2012,Gasto liquidado de las administraciones locales en proporción al presupuesto aprobado originalmente,,,Hondarribia,%,Hondarribia,138.35,138.35
2016,Gasto liquidado de las administraciones locales en proporción al presupuesto aprobado originalmente,,,Hondarribia,%,Hondarribia,106.9,93.1
2023,Gasto liquidado de las administraciones locales en proporción al presupuesto aprobado originalmente,,,Hondarribia,%,Hondarribia,108.65,108.65
2018,Gasto liquidado de las administraciones locales en proporción al presupuesto aprobado originalmente,,,Hondarribia,%,Hondarribia,101.25,101.25
2011,Gasto liquidado de las administraciones locales en proporción al presupuesto aprobado originalmente,,,Hondarribia,%,Hondarribia,114.99,114.99
2010,Gasto liquidado de las administraciones locales en proporción al presupuesto aprobado originalmente,,,Hondarribia,%,Hondarribia,133.35,133.35
2017,Gasto liquidado de las administraciones locales en proporción al presupuesto aprobado originalmente,,,Hondarribia,%,Hondarribia,108.13,91.87
2013,Gasto liquidado de las administraciones locales en proporción al presupuesto aprobado originalmente,,,Hondarribia,%,Hondarribia,131.95,131.95
2014,Gasto liquidado de las administraciones locales en proporción al presupuesto aprobado originalmente,,,Hondarribia,%,Hondarribia,112.2,112.2
2015,Gasto liquidado de las administraciones locales en proporción al presupuesto aprobado originalmente,,,Hondarribia,%,Hondarribia,103.73,96.27
2022,Gasto liquidado de las administraciones locales en proporción al presupuesto aprobado originalmente,,,Hondarribia,%,Hondarribia,107.55,107.55
2010,Gasto liquidado de las administraciones locales en proporción al presupuesto aprobado originalmente,,,Ibarra,%,Ibarra,126.8,73.2
2014,Gasto liquidado de las administraciones locales en proporción al presupuesto aprobado originalmente,,,Ibarra,%,Ibarra,103.35,103.35
2011,Gasto liquidado de las administraciones locales en proporción al presupuesto aprobado originalmente,,,Ibarra,%,Ibarra,114.05,114.05
2021,Gasto liquidado de las administraciones locales en proporción al presupuesto aprobado originalmente,,,Ibarra,%,Ibarra,100.06,100.06
2022,Gasto liquidado de las administraciones locales en proporción al presupuesto aprobado originalmente,,,Ibarra,%,Ibarra,130.47,130.47
2018,Gasto liquidado de las administraciones locales en proporción al presupuesto aprobado originalmente,,,Ibarra,%,Ibarra,101.68,101.68
2016,Gasto liquidado de las administraciones locales en proporción al presupuesto aprobado originalmente,,,Ibarra,%,Ibarra,104.99,95.01
2020,Gasto liquidado de las administraciones locales en proporción al presupuesto aprobado originalmente,,,Ibarra,%,Ibarra,110.49,89.51
2017,Gasto liquidado de las administraciones locales en proporción al presupuesto aprobado originalmente,,,Ibarra,%,Ibarra,106.95,93.05
2019,Gasto liquidado de las administraciones locales en proporción al presupuesto aprobado originalmente,,,Ibarra,%,Ibarra,100.61,99.39
2023,Gasto liquidado de las administraciones locales en proporción al presupuesto aprobado originalmente,,,Ibarra,%,Ibarra,102.03,102.03
2012,Gasto liquidado de las administraciones locales en proporción al presupuesto aprobado originalmente,,,Ibarra,%,Ibarra,130.98,130.98
2015,Gasto liquidado de las administraciones locales en proporción al presupuesto aprobado originalmente,,,Ibarra,%,Ibarra,100.17,99.83
2013,Gasto liquidado de las administraciones locales en proporción al presupuesto aprobado originalmente,,,Ibarra,%,Ibarra,102.1,97.9
2014,Gasto liquidado de las administraciones locales en proporción al presupuesto aprobado originalmente,,,Ibarrangelu,%,Ibarrangelu,100.75,99.25
2023,Gasto liquidado de las administraciones locales en proporción al presupuesto aprobado originalmente,,,Ibarrangelu,%,Ibarrangelu,110.25,110.25
2021,Gasto liquidado de las administraciones locales en proporción al presupuesto aprobado originalmente,,,Ibarrangelu,%,Ibarrangelu,108.18,108.18
2015,Gasto liquidado de las administraciones locales en proporción al presupuesto aprobado originalmente,,,Ibarrangelu,%,Ibarrangelu,110.17,110.17
2011,Gasto liquidado de las administraciones locales en proporción al presupuesto aprobado originalmente,,,Ibarrangelu,%,Ibarrangelu,102.21,102.21
2019,Gasto liquidado de las administraciones locales en proporción al presupuesto aprobado originalmente,,,Ibarrangelu,%,Ibarrangelu,101.58,101.58
2017,Gasto liquidado de las administraciones locales en proporción al presupuesto aprobado originalmente,,,Ibarrangelu,%,Ibarrangelu,103.97,96.03
2010,Gasto liquidado de las administraciones locales en proporción al presupuesto aprobado originalmente,,,Ibarrangelu,%,Ibarrangelu,113.7,113.7
2012,Gasto liquidado de las administraciones locales en proporción al presupuesto aprobado originalmente,,,Ibarrangelu,%,Ibarrangelu,106.01,106.01
2016,Gasto liquidado de las administraciones locales en proporción al presupuesto aprobado originalmente,,,Ibarrangelu,%,Ibarrangelu,105.1,105.1
2018,Gasto liquidado de las administraciones locales en proporción al presupuesto aprobado originalmente,,,Ibarrangelu,%,Ibarrangelu,105.88,105.88
2020,Gasto liquidado de las administraciones locales en proporción al presupuesto aprobado originalmente,,,Ibarrangelu,%,Ibarrangelu,106.67,93.33
2022,Gasto liquidado de las administraciones locales en proporción al presupuesto aprobado originalmente,,,Ibarrangelu,%,Ibarrangelu,149.63,149.63
2013,Gasto liquidado de las administraciones locales en proporción al presupuesto aprobado originalmente,,,Ibarrangelu,%,Ibarrangelu,110.86,110.86
2013,Gasto liquidado de las administraciones locales en proporción al presupuesto aprobado originalmente,,,Idiazabal,%,Idiazabal,107.19,107.19
2012,Gasto liquidado de las administraciones locales en proporción al presupuesto aprobado originalmente,,,Idiazabal,%,Idiazabal,104.33,104.33
2023,Gasto liquidado de las administraciones locales en proporción al presupuesto aprobado originalmente,,,Idiazabal,%,Idiazabal,139.74,60.26
2021,Gasto liquidado de las administraciones locales en proporción al presupuesto aprobado originalmente,,,Idiazabal,%,Idiazabal,103.42,96.58
2022,Gasto liquidado de las administraciones locales en proporción al presupuesto aprobado originalmente,,,Idiazabal,%,Idiazabal,100.31,100.31
2015,Gasto liquidado de las administraciones locales en proporción al presupuesto aprobado originalmente,,,Idiazabal,%,Idiazabal,111.24,88.76
2017,Gasto liquidado de las administraciones locales en proporción al presupuesto aprobado originalmente,,,Idiazabal,%,Idiazabal,105.13,105.13
2011,Gasto liquidado de las administraciones locales en proporción al presupuesto aprobado originalmente,,,Idiazabal,%,Idiazabal,101.68,101.68
2018,Gasto liquidado de las administraciones locales en proporción al presupuesto aprobado originalmente,,,Idiazabal,%,Idiazabal,101.66,98.34
2019,Gasto liquidado de las administraciones locales en proporción al presupuesto aprobado originalmente,,,Idiazabal,%,Idiazabal,107.11,92.89
2016,Gasto liquidado de las administraciones locales en proporción al presupuesto aprobado originalmente,,,Idiazabal,%,Idiazabal,118.61,81.39
2020,Gasto liquidado de las administraciones locales en proporción al presupuesto aprobado originalmente,,,Idiazabal,%,Idiazabal,111.53,88.47
2010,Gasto liquidado de las administraciones locales en proporción al presupuesto aprobado originalmente,,,Idiazabal,%,Idiazabal,141.29,141.29
2014,Gasto liquidado de las administraciones locales en proporción al presupuesto aprobado originalmente,,,Idiazabal,%,Idiazabal,104.82,104.82
2019,Gasto liquidado de las administraciones locales en proporción al presupuesto aprobado originalmente,,,Igorre,%,Igorre,111.35,111.35
2021,Gasto liquidado de las administraciones locales en proporción al presupuesto aprobado originalmente,,,Igorre,%,Igorre,103.7,103.7
2017,Gasto liquidado de las administraciones locales en proporción al presupuesto aprobado originalmente,,,Igorre,%,Igorre,112.38,112.38
2015,Gasto liquidado de las administraciones locales en proporción al presupuesto aprobado originalmente,,,Igorre,%,Igorre,105.84,105.84
2023,Gasto liquidado de las administraciones locales en proporción al presupuesto aprobado originalmente,,,Igorre,%,Igorre,100.33,100.33
2014,Gasto liquidado de las administraciones locales en proporción al presupuesto aprobado originalmente,,,Igorre,%,Igorre,106.0,94.0
2010,Gasto liquidado de las administraciones locales en proporción al presupuesto aprobado originalmente,,,Igorre,%,Igorre,117.84,117.84
2016,Gasto liquidado de las administraciones locales en proporción al presupuesto aprobado originalmente,,,Igorre,%,Igorre,104.65,104.65
2018,Gasto liquidado de las administraciones locales en proporción al presupuesto aprobado originalmente,,,Igorre,%,Igorre,100.13,99.87
2022,Gasto liquidado de las administraciones locales en proporción al presupuesto aprobado originalmente,,,Igorre,%,Igorre,105.23,105.23
2012,Gasto liquidado de las administraciones locales en proporción al presupuesto aprobado originalmente,,,Igorre,%,Igorre,153.64,153.64
2011,Gasto liquidado de las administraciones locales en proporción al presupuesto aprobado originalmente,,,Igorre,%,Igorre,119.89,119.89
2020,Gasto liquidado de las administraciones locales en proporción al presupuesto aprobado originalmente,,,Igorre,%,Igorre,109.94,90.06
2013,Gasto liquidado de las administraciones locales en proporción al presupuesto aprobado originalmente,,,Igorre,%,Igorre,113.56,86.44
2021,Gasto liquidado de las administraciones locales en proporción al presupuesto aprobado originalmente,,,Ikaztegieta,%,Ikaztegieta,114.65,114.65
2017,Gasto liquidado de las administraciones locales en proporción al presupuesto aprobado originalmente,,,Ikaztegieta,%,Ikaztegieta,104.84,104.84
2020,Gasto liquidado de las administraciones locales en proporción al presupuesto aprobado originalmente,,,Ikaztegieta,%,Ikaztegieta,140.43,140.43
2016,Gasto liquidado de las administraciones locales en proporción al presupuesto aprobado originalmente,,,Ikaztegieta,%,Ikaztegieta,103.55,96.45
2023,Gasto liquidado de las administraciones locales en proporción al presupuesto aprobado originalmente,,,Ikaztegieta,%,Ikaztegieta,116.68,116.68
2019,Gasto liquidado de las administraciones locales en proporción al presupuesto aprobado originalmente,,,Ikaztegieta,%,Ikaztegieta,100.8,99.2
2022,Gasto liquidado de las administraciones locales en proporción al presupuesto aprobado originalmente,,,Ikaztegieta,%,Ikaztegieta,124.54,124.54
2012,Gasto liquidado de las administraciones locales en proporción al presupuesto aprobado originalmente,,,Ikaztegieta,%,Ikaztegieta,102.95,97.05
2014,Gasto liquidado de las administraciones locales en proporción al presupuesto aprobado originalmente,,,Ikaztegieta,%,Ikaztegieta,103.38,103.38
2015,Gasto liquidado de las administraciones locales en proporción al presupuesto aprobado originalmente,,,Ikaztegieta,%,Ikaztegieta,101.82,98.18
2013,Gasto liquidado de las administraciones locales en proporción al presupuesto aprobado originalmente,,,Ikaztegieta,%,Ikaztegieta,114.46,114.46
2018,Gasto liquidado de las administraciones locales en proporción al presupuesto aprobado originalmente,,,Ikaztegieta,%,Ikaztegieta,111.53,111.53
2010,Gasto liquidado de las administraciones locales en proporción al presupuesto aprobado originalmente,,,Ikaztegieta,%,Ikaztegieta,126.46,73.54
2011,Gasto liquidado de las administraciones locales en proporción al presupuesto aprobado originalmente,,,Ikaztegieta,%,Ikaztegieta,231.53,231.53
2023,Gasto liquidado de las administraciones locales en proporción al presupuesto aprobado originalmente,,,Irun,%,Irun,109.7,109.7
2012,Gasto liquidado de las administraciones locales en proporción al presupuesto aprobado originalmente,,,Irun,%,Irun,102.63,97.37
2013,Gasto liquidado de las administraciones locales en proporción al presupuesto aprobado originalmente,,,Irun,%,Irun,108.25,91.75
2021,Gasto liquidado de las administraciones locales en proporción al presupuesto aprobado originalmente,,,Irun,%,Irun,115.22,84.78
2019,Gasto liquidado de las administraciones locales en proporción al presupuesto aprobado originalmente,,,Irun,%,Irun,106.43,106.43
2016,Gasto liquidado de las administraciones locales en proporción al presupuesto aprobado originalmente,,,Irun,%,Irun,101.73,98.27
2017,Gasto liquidado de las administraciones locales en proporción al presupuesto aprobado originalmente,,,Irun,%,Irun,106.62,93.38
2020,Gasto liquidado de las administraciones locales en proporción al presupuesto aprobado originalmente,,,Irun,%,Irun,105.35,94.65
2022,Gasto liquidado de las administraciones locales en proporción al presupuesto aprobado originalmente,,,Irun,%,Irun,100.31,99.69
2018,Gasto liquidado de las administraciones locales en proporción al presupuesto aprobado originalmente,,,Irun,%,Irun,101.41,101.41
2015,Gasto liquidado de las administraciones locales en proporción al presupuesto aprobado originalmente,,,Irun,%,Irun,102.64,102.64
2014,Gasto liquidado de las administraciones locales en proporción al presupuesto aprobado originalmente,,,Irun,%,Irun,110.31,110.31
2011,Gasto liquidado de las administraciones locales en proporción al presupuesto aprobado originalmente,,,Irun,%,Irun,107.57,107.57
2010,Gasto liquidado de las administraciones locales en proporción al presupuesto aprobado originalmente,,,Irun,%,Irun,111.53,111.53
2014,Gasto liquidado de las administraciones locales en proporción al presupuesto aprobado originalmente,,,Iruña Oka/Iruña de Oca,%,Iruña Oka/Iruña de Oca,171.04,171.04
2012,Gasto liquidado de las administraciones locales en proporción al presupuesto aprobado originalmente,,,Iruña Oka/Iruña de Oca,%,Iruña Oka/Iruña de Oca,122.5,122.5
2020,Gasto liquidado de las administraciones locales en proporción al presupuesto aprobado originalmente,,,Iruña Oka/Iruña de Oca,%,Iruña Oka/Iruña de Oca,141.41,141.41
2016,Gasto liquidado de las administraciones locales en proporción al presupuesto aprobado originalmente,,,Iruña Oka/Iruña de Oca,%,Iruña Oka/Iruña de Oca,107.14,107.14
2010,Gasto liquidado de las administraciones locales en proporción al presupuesto aprobado originalmente,,,Iruña Oka/Iruña de Oca,%,Iruña Oka/Iruña de Oca,114.16,114.16
2017,Gasto liquidado de las administraciones locales en proporción al presupuesto aprobado originalmente,,,Iruña Oka/Iruña de Oca,%,Iruña Oka/Iruña de Oca,118.85,81.15
2018,Gasto liquidado de las administraciones locales en proporción al presupuesto aprobado originalmente,,,Iruña Oka/Iruña de Oca,%,Iruña Oka/Iruña de Oca,106.84,93.16
2013,Gasto liquidado de las administraciones locales en proporción al presupuesto aprobado originalmente,,,Iruña Oka/Iruña de Oca,%,Iruña Oka/Iruña de Oca,107.36,92.64
2011,Gasto liquidado de las administraciones locales en proporción al presupuesto aprobado originalmente,,,Iruña Oka/Iruña de Oca,%,Iruña Oka/Iruña de Oca,160.61,160.61
2022,Gasto liquidado de las administraciones locales en proporción al presupuesto aprobado originalmente,,,Iruña Oka/Iruña de Oca,%,Iruña Oka/Iruña de Oca,103.34,96.66
2021,Gasto liquidado de las administraciones locales en proporción al presupuesto aprobado originalmente,,,Iruña Oka/Iruña de Oca,%,Iruña Oka/Iruña de Oca,100.59,100.59
2015,Gasto liquidado de las administraciones locales en proporción al presupuesto aprobado originalmente,,,Iruña Oka/Iruña de Oca,%,Iruña Oka/Iruña de Oca,108.06,108.06
2019,Gasto liquidado de las administraciones locales en proporción al presupuesto aprobado originalmente,,,Iruña Oka/Iruña de Oca,%,Iruña Oka/Iruña de Oca,118.05,118.05
2023,Gasto liquidado de las administraciones locales en proporción al presupuesto aprobado originalmente,,,Iruña Oka/Iruña de Oca,%,Iruña Oka/Iruña de Oca,115.33,115.33
2022,Gasto liquidado de las administraciones locales en proporción al presupuesto aprobado originalmente,,,Irura,%,Irura,124.96,124.96
2010,Gasto liquidado de las administraciones locales en proporción al presupuesto aprobado originalmente,,,Irura,%,Irura,124.45,124.45
2011,Gasto liquidado de las administraciones locales en proporción al presupuesto aprobado originalmente,,,Irura,%,Irura,111.18,111.18
2014,Gasto liquidado de las administraciones locales en proporción al presupuesto aprobado originalmente,,,Irura,%,Irura,110.5,110.5
2023,Gasto liquidado de las administraciones locales en proporción al presupuesto aprobado originalmente,,,Irura,%,Irura,143.62,143.62
2015,Gasto liquidado de las administraciones locales en proporción al presupuesto aprobado originalmente,,,Irura,%,Irura,103.47,103.47
2012,Gasto liquidado de las administraciones locales en proporción al presupuesto aprobado originalmente,,,Irura,%,Irura,108.18,91.82
2013,Gasto liquidado de las administraciones locales en proporción al presupuesto aprobado originalmente,,,Irura,%,Irura,114.12,114.12
2016,Gasto liquidado de las administraciones locales en proporción al presupuesto aprobado originalmente,,,Irura,%,Irura,103.32,103.32
2017,Gasto liquidado de las administraciones locales en proporción al presupuesto aprobado originalmente,,,Irura,%,Irura,101.43,98.57
2021,Gasto liquidado de las administraciones locales en proporción al presupuesto aprobado originalmente,,,Irura,%,Irura,134.42000000000002,65.58
2019,Gasto liquidado de las administraciones locales en proporción al presupuesto aprobado originalmente,,,Irura,%,Irura,105.25,94.75
2018,Gasto liquidado de las administraciones locales en proporción al presupuesto aprobado originalmente,,,Irura,%,Irura,132.20999999999998,67.79
2020,Gasto liquidado de las administraciones locales en proporción al presupuesto aprobado originalmente,,,Irura,%,Irura,104.44,95.56
2015,Gasto liquidado de las administraciones locales en proporción al presupuesto aprobado originalmente,,,Iruraiz-Gauna,%,Iruraiz-Gauna,113.53,86.47
2021,Gasto liquidado de las administraciones locales en proporción al presupuesto aprobado originalmente,,,Iruraiz-Gauna,%,Iruraiz-Gauna,164.57,35.43
2013,Gasto liquidado de las administraciones locales en proporción al presupuesto aprobado originalmente,,,Iruraiz-Gauna,%,Iruraiz-Gauna,113.77,86.23
2012,Gasto liquidado de las administraciones locales en proporción al presupuesto aprobado originalmente,,,Iruraiz-Gauna,%,Iruraiz-Gauna,138.63,61.37
2017,Gasto liquidado de las administraciones locales en proporción al presupuesto aprobado originalmente,,,Iruraiz-Gauna,%,Iruraiz-Gauna,110.41,89.59
2023,Gasto liquidado de las administraciones locales en proporción al presupuesto aprobado originalmente,,,Iruraiz-Gauna,%,Iruraiz-Gauna,106.4,93.6
2010,Gasto liquidado de las administraciones locales en proporción al presupuesto aprobado originalmente,,,Iruraiz-Gauna,%,Iruraiz-Gauna,133.01999999999998,66.98
2014,Gasto liquidado de las administraciones locales en proporción al presupuesto aprobado originalmente,,,Iruraiz-Gauna,%,Iruraiz-Gauna,109.32,90.68
2016,Gasto liquidado de las administraciones locales en proporción al presupuesto aprobado originalmente,,,Iruraiz-Gauna,%,Iruraiz-Gauna,115.61,84.39
2020,Gasto liquidado de las administraciones locales en proporción al presupuesto aprobado originalmente,,,Iruraiz-Gauna,%,Iruraiz-Gauna,165.88,34.12
2019,Gasto liquidado de las administraciones locales en proporción al presupuesto aprobado originalmente,,,Iruraiz-Gauna,%,Iruraiz-Gauna,148.05,51.95
2011,Gasto liquidado de las administraciones locales en proporción al presupuesto aprobado originalmente,,,Iruraiz-Gauna,%,Iruraiz-Gauna,127.69,72.31
2022,Gasto liquidado de las administraciones locales en proporción al presupuesto aprobado originalmente,,,Iruraiz-Gauna,%,Iruraiz-Gauna,137.23,62.77
2018,Gasto liquidado de las administraciones locales en proporción al presupuesto aprobado originalmente,,,Iruraiz-Gauna,%,Iruraiz-Gauna,116.53,83.47
2018,Gasto liquidado de las administraciones locales en proporción al presupuesto aprobado originalmente,,,Ispaster,%,Ispaster,114.02,85.98
2010,Gasto liquidado de las administraciones locales en proporción al presupuesto aprobado originalmente,,,Ispaster,%,Ispaster,104.59,95.41
2015,Gasto liquidado de las administraciones locales en proporción al presupuesto aprobado originalmente,,,Ispaster,%,Ispaster,134.11,134.11
2013,Gasto liquidado de las administraciones locales en proporción al presupuesto aprobado originalmente,,,Ispaster,%,Ispaster,123.14,123.14
2023,Gasto liquidado de las administraciones locales en proporción al presupuesto aprobado originalmente,,,Ispaster,%,Ispaster,100.31,100.31
2017,Gasto liquidado de las administraciones locales en proporción al presupuesto aprobado originalmente,,,Ispaster,%,Ispaster,103.52,96.48
2011,Gasto liquidado de las administraciones locales en proporción al presupuesto aprobado originalmente,,,Ispaster,%,Ispaster,104.65,95.35
2019,Gasto liquidado de las administraciones locales en proporción al presupuesto aprobado originalmente,,,Ispaster,%,Ispaster,116.2,116.2
2012,Gasto liquidado de las administraciones locales en proporción al presupuesto aprobado originalmente,,,Ispaster,%,Ispaster,131.89,131.89
2014,Gasto liquidado de las administraciones locales en proporción al presupuesto aprobado originalmente,,,Ispaster,%,Ispaster,107.98,107.98
2016,Gasto liquidado de las administraciones locales en proporción al presupuesto aprobado originalmente,,,Ispaster,%,Ispaster,106.6,106.6
2020,Gasto liquidado de las administraciones locales en proporción al presupuesto aprobado originalmente,,,Ispaster,%,Ispaster,109.09,90.91
2022,Gasto liquidado de las administraciones locales en proporción al presupuesto aprobado originalmente,,,Ispaster,%,Ispaster,104.98,95.02
2021,Gasto liquidado de las administraciones locales en proporción al presupuesto aprobado originalmente,,,Ispaster,%,Ispaster,102.58,97.42
2016,Gasto liquidado de las administraciones locales en proporción al presupuesto aprobado originalmente,,,Itsasondo,%,Itsasondo,103.29,96.71
2010,Gasto liquidado de las administraciones locales en proporción al presupuesto aprobado originalmente,,,Itsasondo,%,Itsasondo,137.99,137.99
2022,Gasto liquidado de las administraciones locales en proporción al presupuesto aprobado originalmente,,,Itsasondo,%,Itsasondo,101.66,101.66
2012,Gasto liquidado de las administraciones locales en proporción al presupuesto aprobado originalmente,,,Itsasondo,%,Itsasondo,108.31,108.31
2013,Gasto liquidado de las administraciones locales en proporción al presupuesto aprobado originalmente,,,Itsasondo,%,Itsasondo,100.25,99.75
2021,Gasto liquidado de las administraciones locales en proporción al presupuesto aprobado originalmente,,,Itsasondo,%,Itsasondo,131.64,68.36
2015,Gasto liquidado de las administraciones locales en proporción al presupuesto aprobado originalmente,,,Itsasondo,%,Itsasondo,104.48,104.48
2018,Gasto liquidado de las administraciones locales en proporción al presupuesto aprobado originalmente,,,Itsasondo,%,Itsasondo,111.37,111.37
2011,Gasto liquidado de las administraciones locales en proporción al presupuesto aprobado originalmente,,,Itsasondo,%,Itsasondo,117.61,82.39
2014,Gasto liquidado de las administraciones locales en proporción al presupuesto aprobado originalmente,,,Itsasondo,%,Itsasondo,103.95,96.05
2017,Gasto liquidado de las administraciones locales en proporción al presupuesto aprobado originalmente,,,Itsasondo,%,Itsasondo,115.47,84.53
2019,Gasto liquidado de las administraciones locales en proporción al presupuesto aprobado originalmente,,,Itsasondo,%,Itsasondo,103.48,96.52
2023,Gasto liquidado de las administraciones locales en proporción al presupuesto aprobado originalmente,,,Itsasondo,%,Itsasondo,102.87,102.87
2020,Gasto liquidado de las administraciones locales en proporción al presupuesto aprobado originalmente,,,Itsasondo,%,Itsasondo,100.03,100.03
2022,Gasto liquidado de las administraciones locales en proporción al presupuesto aprobado originalmente,,,Iurreta,%,Iurreta,104.68,95.32
2023,Gasto liquidado de las administraciones locales en proporción al presupuesto aprobado originalmente,,,Iurreta,%,Iurreta,103.21,96.79
2011,Gasto liquidado de las administraciones locales en proporción al presupuesto aprobado originalmente,,,Iurreta,%,Iurreta,117.55,82.45
2018,Gasto liquidado de las administraciones locales en proporción al presupuesto aprobado originalmente,,,Iurreta,%,Iurreta,110.23,110.23
2015,Gasto liquidado de las administraciones locales en proporción al presupuesto aprobado originalmente,,,Iurreta,%,Iurreta,109.6,90.4
2019,Gasto liquidado de las administraciones locales en proporción al presupuesto aprobado originalmente,,,Iurreta,%,Iurreta,106.51,93.49
2016,Gasto liquidado de las administraciones locales en proporción al presupuesto aprobado originalmente,,,Iurreta,%,Iurreta,108.2,91.8
2010,Gasto liquidado de las administraciones locales en proporción al presupuesto aprobado originalmente,,,Iurreta,%,Iurreta,146.92000000000002,53.08
2017,Gasto liquidado de las administraciones locales en proporción al presupuesto aprobado originalmente,,,Iurreta,%,Iurreta,104.06,104.06
2014,Gasto liquidado de las administraciones locales en proporción al presupuesto aprobado originalmente,,,Iurreta,%,Iurreta,102.4,102.4
2021,Gasto liquidado de las administraciones locales en proporción al presupuesto aprobado originalmente,,,Iurreta,%,Iurreta,106.56,93.44
2012,Gasto liquidado de las administraciones locales en proporción al presupuesto aprobado originalmente,,,Iurreta,%,Iurreta,103.16,96.84
2013,Gasto liquidado de las administraciones locales en proporción al presupuesto aprobado originalmente,,,Iurreta,%,Iurreta,102.8,97.2
2020,Gasto liquidado de las administraciones locales en proporción al presupuesto aprobado originalmente,,,Iurreta,%,Iurreta,114.39,85.61
2015,Gasto liquidado de las administraciones locales en proporción al presupuesto aprobado originalmente,,,Izurtza,%,Izurtza,172.21,172.21
2013,Gasto liquidado de las administraciones locales en proporción al presupuesto aprobado originalmente,,,Izurtza,%,Izurtza,102.45,102.45
2017,Gasto liquidado de las administraciones locales en proporción al presupuesto aprobado originalmente,,,Izurtza,%,Izurtza,114.53,85.47
2014,Gasto liquidado de las administraciones locales en proporción al presupuesto aprobado originalmente,,,Izurtza,%,Izurtza,116.13,83.87
2019,Gasto liquidado de las administraciones locales en proporción al presupuesto aprobado originalmente,,,Izurtza,%,Izurtza,106.43,106.43
2011,Gasto liquidado de las administraciones locales en proporción al presupuesto aprobado originalmente,,,Izurtza,%,Izurtza,110.34,110.34
2021,Gasto liquidado de las administraciones locales en proporción al presupuesto aprobado originalmente,,,Izurtza,%,Izurtza,101.54,98.46
2023,Gasto liquidado de las administraciones locales en proporción al presupuesto aprobado originalmente,,,Izurtza,%,Izurtza,127.89,127.89
2010,Gasto liquidado de las administraciones locales en proporción al presupuesto aprobado originalmente,,,Izurtza,%,Izurtza,181.42,181.42
2012,Gasto liquidado de las administraciones locales en proporción al presupuesto aprobado originalmente,,,Izurtza,%,Izurtza,121.27,78.73
2016,Gasto liquidado de las administraciones locales en proporción al presupuesto aprobado originalmente,,,Izurtza,%,Izurtza,105.29,105.29
2018,Gasto liquidado de las administraciones locales en proporción al presupuesto aprobado originalmente,,,Izurtza,%,Izurtza,110.35,89.65
2020,Gasto liquidado de las administraciones locales en proporción al presupuesto aprobado originalmente,,,Izurtza,%,Izurtza,125.61,74.39
2022,Gasto liquidado de las administraciones locales en proporción al presupuesto aprobado originalmente,,,Izurtza,%,Izurtza,122.05,77.95
2014,Gasto liquidado de las administraciones locales en proporción al presupuesto aprobado originalmente,,,Karrantza Harana/Valle de Carranza,%,Karrantza Harana/Valle de Carranza,123.72,123.72
2010,Gasto liquidado de las administraciones locales en proporción al presupuesto aprobado originalmente,,,Karrantza Harana/Valle de Carranza,%,Karrantza Harana/Valle de Carranza,128.16,128.16
2021,Gasto liquidado de las administraciones locales en proporción al presupuesto aprobado originalmente,,,Karrantza Harana/Valle de Carranza,%,Karrantza Harana/Valle de Carranza,113.43,113.43
2023,Gasto liquidado de las administraciones locales en proporción al presupuesto aprobado originalmente,,,Karrantza Harana/Valle de Carranza,%,Karrantza Harana/Valle de Carranza,101.33,98.67
2015,Gasto liquidado de las administraciones locales en proporción al presupuesto aprobado originalmente,,,Karrantza Harana/Valle de Carranza,%,Karrantza Harana/Valle de Carranza,115.48,115.48
2013,Gasto liquidado de las administraciones locales en proporción al presupuesto aprobado originalmente,,,Karrantza Harana/Valle de Carranza,%,Karrantza Harana/Valle de Carranza,116.29,116.29
2019,Gasto liquidado de las administraciones locales en proporción al presupuesto aprobado originalmente,,,Karrantza Harana/Valle de Carranza,%,Karrantza Harana/Valle de Carranza,113.58,113.58
2011,Gasto liquidado de las administraciones locales en proporción al presupuesto aprobado originalmente,,,Karrantza Harana/Valle de Carranza,%,Karrantza Harana/Valle de Carranza,111.74,111.74
2017,Gasto liquidado de las administraciones locales en proporción al presupuesto aprobado originalmente,,,Karrantza Harana/Valle de Carranza,%,Karrantza Harana/Valle de Carranza,107.12,107.12
2012,Gasto liquidado de las administraciones locales en proporción al presupuesto aprobado originalmente,,,Karrantza Harana/Valle de Carranza,%,Karrantza Harana/Valle de Carranza,110.07,89.93
2016,Gasto liquidado de las administraciones locales en proporción al presupuesto aprobado originalmente,,,Karrantza Harana/Valle de Carranza,%,Karrantza Harana/Valle de Carranza,116.57,116.57
2018,Gasto liquidado de las administraciones locales en proporción al presupuesto aprobado originalmente,,,Karrantza Harana/Valle de Carranza,%,Karrantza Harana/Valle de Carranza,115.16,115.16
2020,Gasto liquidado de las administraciones locales en proporción al presupuesto aprobado originalmente,,,Karrantza Harana/Valle de Carranza,%,Karrantza Harana/Valle de Carranza,106.09,93.91
2022,Gasto liquidado de las administraciones locales en proporción al presupuesto aprobado originalmente,,,Karrantza Harana/Valle de Carranza,%,Karrantza Harana/Valle de Carranza,122.9,122.9
2022,Gasto liquidado de las administraciones locales en proporción al presupuesto aprobado originalmente,,,Kortezubi,%,Kortezubi,105.25,94.75
2013,Gasto liquidado de las administraciones locales en proporción al presupuesto aprobado originalmente,,,Kortezubi,%,Kortezubi,118.55,118.55
2020,Gasto liquidado de las administraciones locales en proporción al presupuesto aprobado originalmente,,,Kortezubi,%,Kortezubi,111.28,88.72
2017,Gasto liquidado de las administraciones locales en proporción al presupuesto aprobado originalmente,,,Kortezubi,%,Kortezubi,117.0,117.0
2021,Gasto liquidado de las administraciones locales en proporción al presupuesto aprobado originalmente,,,Kortezubi,%,Kortezubi,101.42,98.58
2023,Gasto liquidado de las administraciones locales en proporción al presupuesto aprobado originalmente,,,Kortezubi,%,Kortezubi,106.83,106.83
2015,Gasto liquidado de las administraciones locales en proporción al presupuesto aprobado originalmente,,,Kortezubi,%,Kortezubi,159.01,159.01
2018,Gasto liquidado de las administraciones locales en proporción al presupuesto aprobado originalmente,,,Kortezubi,%,Kortezubi,116.35,116.35
2010,Gasto liquidado de las administraciones locales en proporción al presupuesto aprobado originalmente,,,Kortezubi,%,Kortezubi,100.06,99.94
2014,Gasto liquidado de las administraciones locales en proporción al presupuesto aprobado originalmente,,,Kortezubi,%,Kortezubi,145.98,145.98
2011,Gasto liquidado de las administraciones locales en proporción al presupuesto aprobado originalmente,,,Kortezubi,%,Kortezubi,143.12,143.12
2016,Gasto liquidado de las administraciones locales en proporción al presupuesto aprobado originalmente,,,Kortezubi,%,Kortezubi,106.61,106.61
2019,Gasto liquidado de las administraciones locales en proporción al presupuesto aprobado originalmente,,,Kortezubi,%,Kortezubi,100.62,99.38
2012,Gasto liquidado de las administraciones locales en proporción al presupuesto aprobado originalmente,,,Kortezubi,%,Kortezubi,100.62,99.38
2020,Gasto liquidado de las administraciones locales en proporción al presupuesto aprobado originalmente,,,Kripan,%,Kripan,112.64,112.64
2013,Gasto liquidado de las administraciones locales en proporción al presupuesto aprobado originalmente,,,Kripan,%,Kripan,178.15,178.15
2019,Gasto liquidado de las administraciones locales en proporción al presupuesto aprobado originalmente,,,Kripan,%,Kripan,135.2,135.2
2012,Gasto liquidado de las administraciones locales en proporción al presupuesto aprobado originalmente,,,Kripan,%,Kripan,108.03,108.03
2014,Gasto liquidado de las administraciones locales en proporción al presupuesto aprobado originalmente,,,Kripan,%,Kripan,150.0,150.0
2016,Gasto liquidado de las administraciones locales en proporción al presupuesto aprobado originalmente,,,Kripan,%,Kripan,109.43,90.57
2021,Gasto liquidado de las administraciones locales en proporción al presupuesto aprobado originalmente,,,Kripan,%,Kripan,112.19,112.19
2010,Gasto liquidado de las administraciones locales en proporción al presupuesto aprobado originalmente,,,Kripan,%,Kripan,104.75,104.75
2011,Gasto liquidado de las administraciones locales en proporción al presupuesto aprobado originalmente,,,Kripan,%,Kripan,237.17,237.17
2017,Gasto liquidado de las administraciones locales en proporción al presupuesto aprobado originalmente,,,Kripan,%,Kripan,124.53,124.53
2015,Gasto liquidado de las administraciones locales en proporción al presupuesto aprobado originalmente,,,Kripan,%,Kripan,106.58,93.42
2018,Gasto liquidado de las administraciones locales en proporción al presupuesto aprobado originalmente,,,Kripan,%,Kripan,125.96,125.96
2022,Gasto liquidado de las administraciones locales en proporción al presupuesto aprobado originalmente,,,Kripan,%,Kripan,131.89,131.89
2023,Gasto liquidado de las administraciones locales en proporción al presupuesto aprobado originalmente,,,Kripan,%,Kripan,199.95,199.95
2013,Gasto liquidado de las administraciones locales en proporción al presupuesto aprobado originalmente,,,Kuartango,%,Kuartango,104.38,104.38
2010,Gasto liquidado de las administraciones locales en proporción al presupuesto aprobado originalmente,,,Kuartango,%,Kuartango,200.37,200.37
2020,Gasto liquidado de las administraciones locales en proporción al presupuesto aprobado originalmente,,,Kuartango,%,Kuartango,141.93,141.93
2023,Gasto liquidado de las administraciones locales en proporción al presupuesto aprobado originalmente,,,Kuartango,%,Kuartango,105.8,105.8
2022,Gasto liquidado de las administraciones locales en proporción al presupuesto aprobado originalmente,,,Kuartango,%,Kuartango,137.26,137.26
2011,Gasto liquidado de las administraciones locales en proporción al presupuesto aprobado originalmente,,,Kuartango,%,Kuartango,116.31,83.69
2021,Gasto liquidado de las administraciones locales en proporción al presupuesto aprobado originalmente,,,Kuartango,%,Kuartango,188.98,188.98
2017,Gasto liquidado de las administraciones locales en proporción al presupuesto aprobado originalmente,,,Kuartango,%,Kuartango,136.27,136.27
2012,Gasto liquidado de las administraciones locales en proporción al presupuesto aprobado originalmente,,,Kuartango,%,Kuartango,116.84,116.84
2018,Gasto liquidado de las administraciones locales en proporción al presupuesto aprobado originalmente,,,Kuartango,%,Kuartango,111.02,111.02
2014,Gasto liquidado de las administraciones locales en proporción al presupuesto aprobado originalmente,,,Kuartango,%,Kuartango,103.97,103.97
2015,Gasto liquidado de las administraciones locales en proporción al presupuesto aprobado originalmente,,,Kuartango,%,Kuartango,117.13,117.13
2019,Gasto liquidado de las administraciones locales en proporción al presupuesto aprobado originalmente,,,Kuartango,%,Kuartango,104.12,104.12
2016,Gasto liquidado de las administraciones locales en proporción al presupuesto aprobado originalmente,,,Kuartango,%,Kuartango,169.25,169.25
2019,Gasto liquidado de las administraciones locales en proporción al presupuesto aprobado originalmente,,,Labastida/Bastida,%,Labastida/Bastida,117.97,117.97
2017,Gasto liquidado de las administraciones locales en proporción al presupuesto aprobado originalmente,,,Labastida/Bastida,%,Labastida/Bastida,116.26,83.74
2023,Gasto liquidado de las administraciones locales en proporción al presupuesto aprobado originalmente,,,Labastida/Bastida,%,Labastida/Bastida,118.01,118.01
2013,Gasto liquidado de las administraciones locales en proporción al presupuesto aprobado originalmente,,,Labastida/Bastida,%,Labastida/Bastida,209.39,209.39
2015,Gasto liquidado de las administraciones locales en proporción al presupuesto aprobado originalmente,,,Labastida/Bastida,%,Labastida/Bastida,113.23,113.23
2011,Gasto liquidado de las administraciones locales en proporción al presupuesto aprobado originalmente,,,Labastida/Bastida,%,Labastida/Bastida,103.97,96.03
2010,Gasto liquidado de las administraciones locales en proporción al presupuesto aprobado originalmente,,,Labastida/Bastida,%,Labastida/Bastida,119.5,80.5
2018,Gasto liquidado de las administraciones locales en proporción al presupuesto aprobado originalmente,,,Labastida/Bastida,%,Labastida/Bastida,111.22,111.22
2020,Gasto liquidado de las administraciones locales en proporción al presupuesto aprobado originalmente,,,Labastida/Bastida,%,Labastida/Bastida,128.72,71.28
2022,Gasto liquidado de las administraciones locales en proporción al presupuesto aprobado originalmente,,,Labastida/Bastida,%,Labastida/Bastida,108.59,91.41
2014,Gasto liquidado de las administraciones locales en proporción al presupuesto aprobado originalmente,,,Labastida/Bastida,%,Labastida/Bastida,121.84,121.84
2012,Gasto liquidado de las administraciones locales en proporción al presupuesto aprobado originalmente,,,Labastida/Bastida,%,Labastida/Bastida,126.54,73.46
2021,Gasto liquidado de las administraciones locales en proporción al presupuesto aprobado originalmente,,,Labastida/Bastida,%,Labastida/Bastida,106.32,106.32
2016,Gasto liquidado de las administraciones locales en proporción al presupuesto aprobado originalmente,,,Labastida/Bastida,%,Labastida/Bastida,111.28,88.72
2012,Gasto liquidado de las administraciones locales en proporción al presupuesto aprobado originalmente,,,Lagrán,%,Lagrán,130.04000000000002,69.96
2016,Gasto liquidado de las administraciones locales en proporción al presupuesto aprobado originalmente,,,Lagrán,%,Lagrán,129.0,71.0
2011,Gasto liquidado de las administraciones locales en proporción al presupuesto aprobado originalmente,,,Lagrán,%,Lagrán,138.38,61.62
2018,Gasto liquidado de las administraciones locales en proporción al presupuesto aprobado originalmente,,,Lagrán,%,Lagrán,120.19,79.81
2015,Gasto liquidado de las administraciones locales en proporción al presupuesto aprobado originalmente,,,Lagrán,%,Lagrán,115.53,84.47
2021,Gasto liquidado de las administraciones locales en proporción al presupuesto aprobado originalmente,,,Lagrán,%,Lagrán,114.05,114.05
2023,Gasto liquidado de las administraciones locales en proporción al presupuesto aprobado originalmente,,,Lagrán,%,Lagrán,157.05,157.05
2010,Gasto liquidado de las administraciones locales en proporción al presupuesto aprobado originalmente,,,Lagrán,%,Lagrán,122.29,77.71
2017,Gasto liquidado de las administraciones locales en proporción al presupuesto aprobado originalmente,,,Lagrán,%,Lagrán,102.58,97.42
2020,Gasto liquidado de las administraciones locales en proporción al presupuesto aprobado originalmente,,,Lagrán,%,Lagrán,134.73000000000002,65.27
2022,Gasto liquidado de las administraciones locales en proporción al presupuesto aprobado originalmente,,,Lagrán,%,Lagrán,121.83,121.83
2019,Gasto liquidado de las administraciones locales en proporción al presupuesto aprobado originalmente,,,Lagrán,%,Lagrán,114.36,85.64
2014,Gasto liquidado de las administraciones locales en proporción al presupuesto aprobado originalmente,,,Lagrán,%,Lagrán,117.14,82.86
2013,Gasto liquidado de las administraciones locales en proporción al presupuesto aprobado originalmente,,,Lagrán,%,Lagrán,104.89,95.11
2017,Gasto liquidado de las administraciones locales en proporción al presupuesto aprobado originalmente,,,Laguardia,%,Laguardia,109.72,109.72
2019,Gasto liquidado de las administraciones locales en proporción al presupuesto aprobado originalmente,,,Laguardia,%,Laguardia,104.21,95.79
2013,Gasto liquidado de las administraciones locales en proporción al presupuesto aprobado originalmente,,,Laguardia,%,Laguardia,138.99,61.01
2015,Gasto liquidado de las administraciones locales en proporción al presupuesto aprobado originalmente,,,Laguardia,%,Laguardia,136.19,136.19
2023,Gasto liquidado de las administraciones locales en proporción al presupuesto aprobado originalmente,,,Laguardia,%,Laguardia,110.89,110.89
2011,Gasto liquidado de las administraciones locales en proporción al presupuesto aprobado originalmente,,,Laguardia,%,Laguardia,123.92,123.92
2021,Gasto liquidado de las administraciones locales en proporción al presupuesto aprobado originalmente,,,Laguardia,%,Laguardia,109.51,109.51
2010,Gasto liquidado de las administraciones locales en proporción al presupuesto aprobado originalmente,,,Laguardia,%,Laguardia,145.13,145.13
2012,Gasto liquidado de las administraciones locales en proporción al presupuesto aprobado originalmente,,,Laguardia,%,Laguardia,125.15,125.15
2016,Gasto liquidado de las administraciones locales en proporción al presupuesto aprobado originalmente,,,Laguardia,%,Laguardia,102.46,102.46
2018,Gasto liquidado de las administraciones locales en proporción al presupuesto aprobado originalmente,,,Laguardia,%,Laguardia,150.14,150.14
2020,Gasto liquidado de las administraciones locales en proporción al presupuesto aprobado originalmente,,,Laguardia,%,Laguardia,112.15,112.15
2022,Gasto liquidado de las administraciones locales en proporción al presupuesto aprobado originalmente,,,Laguardia,%,Laguardia,111.96,111.96
2014,Gasto liquidado de las administraciones locales en proporción al presupuesto aprobado originalmente,,,Laguardia,%,Laguardia,101.66,98.34
2021,Gasto liquidado de las administraciones locales en proporción al presupuesto aprobado originalmente,,,Lanciego/Lantziego,%,Lanciego/Lantziego,110.22,110.22
2016,Gasto liquidado de las administraciones locales en proporción al presupuesto aprobado originalmente,,,Lanciego/Lantziego,%,Lanciego/Lantziego,106.82,93.18
2013,Gasto liquidado de las administraciones locales en proporción al presupuesto aprobado originalmente,,,Lanciego/Lantziego,%,Lanciego/Lantziego,208.23,208.23
2011,Gasto liquidado de las administraciones locales en proporción al presupuesto aprobado originalmente,,,Lanciego/Lantziego,%,Lanciego/Lantziego,161.26,161.26
2012,Gasto liquidado de las administraciones locales en proporción al presupuesto aprobado originalmente,,,Lanciego/Lantziego,%,Lanciego/Lantziego,140.35,140.35
2015,Gasto liquidado de las administraciones locales en proporción al presupuesto aprobado originalmente,,,Lanciego/Lantziego,%,Lanciego/Lantziego,112.7,112.7
2020,Gasto liquidado de las administraciones locales en proporción al presupuesto aprobado originalmente,,,Lanciego/Lantziego,%,Lanciego/Lantziego,105.52,105.52
2019,Gasto liquidado de las administraciones locales en proporción al presupuesto aprobado originalmente,,,Lanciego/Lantziego,%,Lanciego/Lantziego,149.87,149.87
2023,Gasto liquidado de las administraciones locales en proporción al presupuesto aprobado originalmente,,,Lanciego/Lantziego,%,Lanciego/Lantziego,114.58,114.58
2010,Gasto liquidado de las administraciones locales en proporción al presupuesto aprobado originalmente,,,Lanciego/Lantziego,%,Lanciego/Lantziego,234.53,234.53
2014,Gasto liquidado de las administraciones locales en proporción al presupuesto aprobado originalmente,,,Lanciego/Lantziego,%,Lanciego/Lantziego,110.43,110.43
2018,Gasto liquidado de las administraciones locales en proporción al presupuesto aprobado originalmente,,,Lanciego/Lantziego,%,Lanciego/Lantziego,114.56,114.56
2017,Gasto liquidado de las administraciones locales en proporción al presupuesto aprobado originalmente,,,Lanciego/Lantziego,%,Lanciego/Lantziego,139.8,139.8
2022,Gasto liquidado de las administraciones locales en proporción al presupuesto aprobado originalmente,,,Lanciego/Lantziego,%,Lanciego/Lantziego,137.09,62.91
2021,Gasto liquidado de las administraciones locales en proporción al presupuesto aprobado originalmente,,,Lanestosa,%,Lanestosa,114.75,114.75
2013,Gasto liquidado de las administraciones locales en proporción al presupuesto aprobado originalmente,,,Lanestosa,%,Lanestosa,112.52,112.52
2010,Gasto liquidado de las administraciones locales en proporción al presupuesto aprobado originalmente,,,Lanestosa,%,Lanestosa,159.94,40.06
2018,Gasto liquidado de las administraciones locales en proporción al presupuesto aprobado originalmente,,,Lanestosa,%,Lanestosa,101.33,98.67
2015,Gasto liquidado de las administraciones locales en proporción al presupuesto aprobado originalmente,,,Lanestosa,%,Lanestosa,157.45,157.45
2023,Gasto liquidado de las administraciones locales en proporción al presupuesto aprobado originalmente,,,Lanestosa,%,Lanestosa,165.01,165.01
2011,Gasto liquidado de las administraciones locales en proporción al presupuesto aprobado originalmente,,,Lanestosa,%,Lanestosa,158.26,41.74
2017,Gasto liquidado de las administraciones locales en proporción al presupuesto aprobado originalmente,,,Lanestosa,%,Lanestosa,105.15,105.15
2012,Gasto liquidado de las administraciones locales en proporción al presupuesto aprobado originalmente,,,Lanestosa,%,Lanestosa,138.22,138.22
2014,Gasto liquidado de las administraciones locales en proporción al presupuesto aprobado originalmente,,,Lanestosa,%,Lanestosa,111.02,88.98
2016,Gasto liquidado de las administraciones locales en proporción al presupuesto aprobado originalmente,,,Lanestosa,%,Lanestosa,100.43,99.57
2020,Gasto liquidado de las administraciones locales en proporción al presupuesto aprobado originalmente,,,Lanestosa,%,Lanestosa,129.74,70.26
2022,Gasto liquidado de las administraciones locales en proporción al presupuesto aprobado originalmente,,,Lanestosa,%,Lanestosa,145.0,145.0
2019,Gasto liquidado de las administraciones locales en proporción al presupuesto aprobado originalmente,,,Lanestosa,%,Lanestosa,129.27,129.27
2021,Gasto liquidado de las administraciones locales en proporción al presupuesto aprobado originalmente,,,Lantarón,%,Lantarón,105.29,94.71
2014,Gasto liquidado de las administraciones locales en proporción al presupuesto aprobado originalmente,,,Lantarón,%,Lantarón,102.2,97.8
2011,Gasto liquidado de las administraciones locales en proporción al presupuesto aprobado originalmente,,,Lantarón,%,Lantarón,158.88,41.12
2019,Gasto liquidado de las administraciones locales en proporción al presupuesto aprobado originalmente,,,Lantarón,%,Lantarón,104.23,95.77
2012,Gasto liquidado de las administraciones locales en proporción al presupuesto aprobado originalmente,,,Lantarón,%,Lantarón,169.38,169.38
2022,Gasto liquidado de las administraciones locales en proporción al presupuesto aprobado originalmente,,,Lantarón,%,Lantarón,139.14,139.14
2010,Gasto liquidado de las administraciones locales en proporción al presupuesto aprobado originalmente,,,Lantarón,%,Lantarón,131.14,68.86
2016,Gasto liquidado de las administraciones locales en proporción al presupuesto aprobado originalmente,,,Lantarón,%,Lantarón,118.0,82.0
2018,Gasto liquidado de las administraciones locales en proporción al presupuesto aprobado originalmente,,,Lantarón,%,Lantarón,119.87,80.13
2020,Gasto liquidado de las administraciones locales en proporción al presupuesto aprobado originalmente,,,Lantarón,%,Lantarón,102.69,97.31
2015,Gasto liquidado de las administraciones locales en proporción al presupuesto aprobado originalmente,,,Lantarón,%,Lantarón,114.45,85.55
2013,Gasto liquidado de las administraciones locales en proporción al presupuesto aprobado originalmente,,,Lantarón,%,Lantarón,166.71,166.71
2017,Gasto liquidado de las administraciones locales en proporción al presupuesto aprobado originalmente,,,Lantarón,%,Lantarón,107.15,107.15
2023,Gasto liquidado de las administraciones locales en proporción al presupuesto aprobado originalmente,,,Lantarón,%,Lantarón,118.35,81.65
2015,Gasto liquidado de las administraciones locales en proporción al presupuesto aprobado originalmente,,,Lapuebla de Labarca,%,Lapuebla de Labarca,124.51,124.51
2014,Gasto liquidado de las administraciones locales en proporción al presupuesto aprobado originalmente,,,Lapuebla de Labarca,%,Lapuebla de Labarca,104.96,95.04
2021,Gasto liquidado de las administraciones locales en proporción al presupuesto aprobado originalmente,,,Lapuebla de Labarca,%,Lapuebla de Labarca,163.24,163.24
2017,Gasto liquidado de las administraciones locales en proporción al presupuesto aprobado originalmente,,,Lapuebla de Labarca,%,Lapuebla de Labarca,108.88,108.88
2020,Gasto liquidado de las administraciones locales en proporción al presupuesto aprobado originalmente,,,Lapuebla de Labarca,%,Lapuebla de Labarca,148.57,51.43
2023,Gasto liquidado de las administraciones locales en proporción al presupuesto aprobado originalmente,,,Lapuebla de Labarca,%,Lapuebla de Labarca,140.9,59.1
2013,Gasto liquidado de las administraciones locales en proporción al presupuesto aprobado originalmente,,,Lapuebla de Labarca,%,Lapuebla de Labarca,157.66,42.34
2010,Gasto liquidado de las administraciones locales en proporción al presupuesto aprobado originalmente,,,Lapuebla de Labarca,%,Lapuebla de Labarca,119.41,80.59
2012,Gasto liquidado de las administraciones locales en proporción al presupuesto aprobado originalmente,,,Lapuebla de Labarca,%,Lapuebla de Labarca,149.28,50.72
2016,Gasto liquidado de las administraciones locales en proporción al presupuesto aprobado originalmente,,,Lapuebla de Labarca,%,Lapuebla de Labarca,135.03,64.97
2018,Gasto liquidado de las administraciones locales en proporción al presupuesto aprobado originalmente,,,Lapuebla de Labarca,%,Lapuebla de Labarca,149.63,50.37
2019,Gasto liquidado de las administraciones locales en proporción al presupuesto aprobado originalmente,,,Lapuebla de Labarca,%,Lapuebla de Labarca,134.56,65.44
2022,Gasto liquidado de las administraciones locales en proporción al presupuesto aprobado originalmente,,,Lapuebla de Labarca,%,Lapuebla de Labarca,140.77,59.23
2011,Gasto liquidado de las administraciones locales en proporción al presupuesto aprobado originalmente,,,Lapuebla de Labarca,%,Lapuebla de Labarca,115.32,84.68
2014,Gasto liquidado de las administraciones locales en proporción al presupuesto aprobado originalmente,,,Larrabetzu,%,Larrabetzu,111.95,111.95
2011,Gasto liquidado de las administraciones locales en proporción al presupuesto aprobado originalmente,,,Larrabetzu,%,Larrabetzu,120.48,79.52
2015,Gasto liquidado de las administraciones locales en proporción al presupuesto aprobado originalmente,,,Larrabetzu,%,Larrabetzu,132.0,132.0
2021,Gasto liquidado de las administraciones locales en proporción al presupuesto aprobado originalmente,,,Larrabetzu,%,Larrabetzu,102.02,102.02
2023,Gasto liquidado de las administraciones locales en proporción al presupuesto aprobado originalmente,,,Larrabetzu,%,Larrabetzu,106.56,106.56
2017,Gasto liquidado de las administraciones locales en proporción al presupuesto aprobado originalmente,,,Larrabetzu,%,Larrabetzu,104.16,104.16
2013,Gasto liquidado de las administraciones locales en proporción al presupuesto aprobado originalmente,,,Larrabetzu,%,Larrabetzu,105.58,105.58
2019,Gasto liquidado de las administraciones locales en proporción al presupuesto aprobado originalmente,,,Larrabetzu,%,Larrabetzu,105.75,105.75
2010,Gasto liquidado de las administraciones locales en proporción al presupuesto aprobado originalmente,,,Larrabetzu,%,Larrabetzu,102.62,97.38
2012,Gasto liquidado de las administraciones locales en proporción al presupuesto aprobado originalmente,,,Larrabetzu,%,Larrabetzu,114.29,114.29
2016,Gasto liquidado de las administraciones locales en proporción al presupuesto aprobado originalmente,,,Larrabetzu,%,Larrabetzu,113.45,113.45
2018,Gasto liquidado de las administraciones locales en proporción al presupuesto aprobado originalmente,,,Larrabetzu,%,Larrabetzu,106.64,93.36
2020,Gasto liquidado de las administraciones locales en proporción al presupuesto aprobado originalmente,,,Larrabetzu,%,Larrabetzu,109.42,109.42
2022,Gasto liquidado de las administraciones locales en proporción al presupuesto aprobado originalmente,,,Larrabetzu,%,Larrabetzu,119.48,80.52
2011,Gasto liquidado de las administraciones locales en proporción al presupuesto aprobado originalmente,,,Larraul,%,Larraul,153.55,46.45
2021,Gasto liquidado de las administraciones locales en proporción al presupuesto aprobado originalmente,,,Larraul,%,Larraul,112.96,112.96
2017,Gasto liquidado de las administraciones locales en proporción al presupuesto aprobado originalmente,,,Larraul,%,Larraul,122.75,77.25
2020,Gasto liquidado de las administraciones locales en proporción al presupuesto aprobado originalmente,,,Larraul,%,Larraul,112.42,87.58
2013,Gasto liquidado de las administraciones locales en proporción al presupuesto aprobado originalmente,,,Larraul,%,Larraul,105.86,105.86
2015,Gasto liquidado de las administraciones locales en proporción al presupuesto aprobado originalmente,,,Larraul,%,Larraul,112.03,87.97
2019,Gasto liquidado de las administraciones locales en proporción al presupuesto aprobado originalmente,,,Larraul,%,Larraul,112.58,112.58
2016,Gasto liquidado de las administraciones locales en proporción al presupuesto aprobado originalmente,,,Larraul,%,Larraul,110.62,110.62
2023,Gasto liquidado de las administraciones locales en proporción al presupuesto aprobado originalmente,,,Larraul,%,Larraul,100.82,99.18
2012,Gasto liquidado de las administraciones locales en proporción al presupuesto aprobado originalmente,,,Larraul,%,Larraul,157.34,42.66
2014,Gasto liquidado de las administraciones locales en proporción al presupuesto aprobado originalmente,,,Larraul,%,Larraul,108.68,91.32
2010,Gasto liquidado de las administraciones locales en proporción al presupuesto aprobado originalmente,,,Larraul,%,Larraul,101.45,98.55
2018,Gasto liquidado de las administraciones locales en proporción al presupuesto aprobado originalmente,,,Larraul,%,Larraul,121.77,121.77
2022,Gasto liquidado de las administraciones locales en proporción al presupuesto aprobado originalmente,,,Larraul,%,Larraul,106.92,106.92
2015,Gasto liquidado de las administraciones locales en proporción al presupuesto aprobado originalmente,,,Lasarte-Oria,%,Lasarte-Oria,108.41,91.59
2019,Gasto liquidado de las administraciones locales en proporción al presupuesto aprobado originalmente,,,Lasarte-Oria,%,Lasarte-Oria,101.43,98.57
2017,Gasto liquidado de las administraciones locales en proporción al presupuesto aprobado originalmente,,,Lasarte-Oria,%,Lasarte-Oria,108.36,91.64
2011,Gasto liquidado de las administraciones locales en proporción al presupuesto aprobado originalmente,,,Lasarte-Oria,%,Lasarte-Oria,135.43,64.57
2013,Gasto liquidado de las administraciones locales en proporción al presupuesto aprobado originalmente,,,Lasarte-Oria,%,Lasarte-Oria,116.48,83.52
2023,Gasto liquidado de las administraciones locales en proporción al presupuesto aprobado originalmente,,,Lasarte-Oria,%,Lasarte-Oria,147.04,52.96
2021,Gasto liquidado de las administraciones locales en proporción al presupuesto aprobado originalmente,,,Lasarte-Oria,%,Lasarte-Oria,146.05,53.95
2010,Gasto liquidado de las administraciones locales en proporción al presupuesto aprobado originalmente,,,Lasarte-Oria,%,Lasarte-Oria,128.82,71.18
2012,Gasto liquidado de las administraciones locales en proporción al presupuesto aprobado originalmente,,,Lasarte-Oria,%,Lasarte-Oria,105.44,94.56
2014,Gasto liquidado de las administraciones locales en proporción al presupuesto aprobado originalmente,,,Lasarte-Oria,%,Lasarte-Oria,120.87,79.13
2016,Gasto liquidado de las administraciones locales en proporción al presupuesto aprobado originalmente,,,Lasarte-Oria,%,Lasarte-Oria,112.63,87.37
2018,Gasto liquidado de las administraciones locales en proporción al presupuesto aprobado originalmente,,,Lasarte-Oria,%,Lasarte-Oria,117.5,82.5
2020,Gasto liquidado de las administraciones locales en proporción al presupuesto aprobado originalmente,,,Lasarte-Oria,%,Lasarte-Oria,127.29,72.71
2022,Gasto liquidado de las administraciones locales en proporción al presupuesto aprobado originalmente,,,Lasarte-Oria,%,Lasarte-Oria,147.04,52.96
2013,Gasto liquidado de las administraciones locales en proporción al presupuesto aprobado originalmente,,,Laudio/Llodio,%,Laudio/Llodio,102.64,102.64
2012,Gasto liquidado de las administraciones locales en proporción al presupuesto aprobado originalmente,,,Laudio/Llodio,%,Laudio/Llodio,100.18,99.82
2020,Gasto liquidado de las administraciones locales en proporción al presupuesto aprobado originalmente,,,Laudio/Llodio,%,Laudio/Llodio,106.52,106.52
2021,Gasto liquidado de las administraciones locales en proporción al presupuesto aprobado originalmente,,,Laudio/Llodio,%,Laudio/Llodio,107.78,92.22
2019,Gasto liquidado de las administraciones locales en proporción al presupuesto aprobado originalmente,,,Laudio/Llodio,%,Laudio/Llodio,111.98,111.98
2018,Gasto liquidado de las administraciones locales en proporción al presupuesto aprobado originalmente,,,Laudio/Llodio,%,Laudio/Llodio,109.49,109.49
2015,Gasto liquidado de las administraciones locales en proporción al presupuesto aprobado originalmente,,,Laudio/Llodio,%,Laudio/Llodio,105.93,105.93
2011,Gasto liquidado de las administraciones locales en proporción al presupuesto aprobado originalmente,,,Laudio/Llodio,%,Laudio/Llodio,118.63,118.63
2017,Gasto liquidado de las administraciones locales en proporción al presupuesto aprobado originalmente,,,Laudio/Llodio,%,Laudio/Llodio,103.07,103.07
2010,Gasto liquidado de las administraciones locales en proporción al presupuesto aprobado originalmente,,,Laudio/Llodio,%,Laudio/Llodio,127.11,127.11
2022,Gasto liquidado de las administraciones locales en proporción al presupuesto aprobado originalmente,,,Laudio/Llodio,%,Laudio/Llodio,105.08,105.08
2014,Gasto liquidado de las administraciones locales en proporción al presupuesto aprobado originalmente,,,Laudio/Llodio,%,Laudio/Llodio,101.98,101.98
2016,Gasto liquidado de las administraciones locales en proporción al presupuesto aprobado originalmente,,,Laudio/Llodio,%,Laudio/Llodio,107.41,107.41
2023,Gasto liquidado de las administraciones locales en proporción al presupuesto aprobado originalmente,,,Laudio/Llodio,%,Laudio/Llodio,110.33,110.33
2014,Gasto liquidado de las administraciones locales en proporción al presupuesto aprobado originalmente,,,Laukiz,%,Laukiz,105.32,105.32
2010,Gasto liquidado de las administraciones locales en proporción al presupuesto aprobado originalmente,,,Laukiz,%,Laukiz,112.02,112.02
2015,Gasto liquidado de las administraciones locales en proporción al presupuesto aprobado originalmente,,,Laukiz,%,Laukiz,100.99,100.99
2018,Gasto liquidado de las administraciones locales en proporción al presupuesto aprobado originalmente,,,Laukiz,%,Laukiz,108.36,91.64
2023,Gasto liquidado de las administraciones locales en proporción al presupuesto aprobado originalmente,,,Laukiz,%,Laukiz,102.84,102.84
2019,Gasto liquidado de las administraciones locales en proporción al presupuesto aprobado originalmente,,,Laukiz,%,Laukiz,104.18,95.82
2017,Gasto liquidado de las administraciones locales en proporción al presupuesto aprobado originalmente,,,Laukiz,%,Laukiz,103.74,96.26
2011,Gasto liquidado de las administraciones locales en proporción al presupuesto aprobado originalmente,,,Laukiz,%,Laukiz,101.53,101.53
2013,Gasto liquidado de las administraciones locales en proporción al presupuesto aprobado originalmente,,,Laukiz,%,Laukiz,103.65,96.35
2021,Gasto liquidado de las administraciones locales en proporción al presupuesto aprobado originalmente,,,Laukiz,%,Laukiz,108.64,91.36
2012,Gasto liquidado de las administraciones locales en proporción al presupuesto aprobado originalmente,,,Laukiz,%,Laukiz,101.71,101.71
2016,Gasto liquidado de las administraciones locales en proporción al presupuesto aprobado originalmente,,,Laukiz,%,Laukiz,107.21,92.79
2020,Gasto liquidado de las administraciones locales en proporción al presupuesto aprobado originalmente,,,Laukiz,%,Laukiz,111.37,88.63
2022,Gasto liquidado de las administraciones locales en proporción al presupuesto aprobado originalmente,,,Laukiz,%,Laukiz,115.92,84.08
2019,Gasto liquidado de las administraciones locales en proporción al presupuesto aprobado originalmente,,,Lazkao,%,Lazkao,100.89,99.11
2018,Gasto liquidado de las administraciones locales en proporción al presupuesto aprobado originalmente,,,Lazkao,%,Lazkao,136.31,136.31
2015,Gasto liquidado de las administraciones locales en proporción al presupuesto aprobado originalmente,,,Lazkao,%,Lazkao,113.04,86.96
2014,Gasto liquidado de las administraciones locales en proporción al presupuesto aprobado originalmente,,,Lazkao,%,Lazkao,125.24,125.24
2021,Gasto liquidado de las administraciones locales en proporción al presupuesto aprobado originalmente,,,Lazkao,%,Lazkao,104.78,95.22
2022,Gasto liquidado de las administraciones locales en proporción al presupuesto aprobado originalmente,,,Lazkao,%,Lazkao,107.69,92.31
2020,Gasto liquidado de las administraciones locales en proporción al presupuesto aprobado originalmente,,,Lazkao,%,Lazkao,114.93,85.07
2017,Gasto liquidado de las administraciones locales en proporción al presupuesto aprobado originalmente,,,Lazkao,%,Lazkao,105.4,105.4
2016,Gasto liquidado de las administraciones locales en proporción al presupuesto aprobado originalmente,,,Lazkao,%,Lazkao,111.29,88.71
2012,Gasto liquidado de las administraciones locales en proporción al presupuesto aprobado originalmente,,,Lazkao,%,Lazkao,109.99,90.01
2013,Gasto liquidado de las administraciones locales en proporción al presupuesto aprobado originalmente,,,Lazkao,%,Lazkao,103.27,103.27
2023,Gasto liquidado de las administraciones locales en proporción al presupuesto aprobado originalmente,,,Lazkao,%,Lazkao,124.25,124.25
2011,Gasto liquidado de las administraciones locales en proporción al presupuesto aprobado originalmente,,,Lazkao,%,Lazkao,173.19,173.19
2010,Gasto liquidado de las administraciones locales en proporción al presupuesto aprobado originalmente,,,Lazkao,%,Lazkao,125.6,125.6
2015,Gasto liquidado de las administraciones locales en proporción al presupuesto aprobado originalmente,,,Leaburu,%,Leaburu,123.59,123.59
2018,Gasto liquidado de las administraciones locales en proporción al presupuesto aprobado originalmente,,,Leaburu,%,Leaburu,184.72,184.72
2019,Gasto liquidado de las administraciones locales en proporción al presupuesto aprobado originalmente,,,Leaburu,%,Leaburu,100.68,100.68
2022,Gasto liquidado de las administraciones locales en proporción al presupuesto aprobado originalmente,,,Leaburu,%,Leaburu,158.35,158.35
2023,Gasto liquidado de las administraciones locales en proporción al presupuesto aprobado originalmente,,,Leaburu,%,Leaburu,130.51,130.51
2020,Gasto liquidado de las administraciones locales en proporción al presupuesto aprobado originalmente,,,Leaburu,%,Leaburu,147.04,147.04
2013,Gasto liquidado de las administraciones locales en proporción al presupuesto aprobado originalmente,,,Leaburu,%,Leaburu,110.87,110.87
2016,Gasto liquidado de las administraciones locales en proporción al presupuesto aprobado originalmente,,,Leaburu,%,Leaburu,118.16,118.16
2012,Gasto liquidado de las administraciones locales en proporción al presupuesto aprobado originalmente,,,Leaburu,%,Leaburu,102.56,97.44
2011,Gasto liquidado de las administraciones locales en proporción al presupuesto aprobado originalmente,,,Leaburu,%,Leaburu,194.67,194.67
2014,Gasto liquidado de las administraciones locales en proporción al presupuesto aprobado originalmente,,,Leaburu,%,Leaburu,111.23,111.23
2010,Gasto liquidado de las administraciones locales en proporción al presupuesto aprobado originalmente,,,Leaburu,%,Leaburu,154.89,154.89
2017,Gasto liquidado de las administraciones locales en proporción al presupuesto aprobado originalmente,,,Leaburu,%,Leaburu,149.24,50.76
2021,Gasto liquidado de las administraciones locales en proporción al presupuesto aprobado originalmente,,,Leaburu,%,Leaburu,115.69,115.69
2014,Gasto liquidado de las administraciones locales en proporción al presupuesto aprobado originalmente,,,Legazpi,%,Legazpi,114.29,85.71
2015,Gasto liquidado de las administraciones locales en proporción al presupuesto aprobado originalmente,,,Legazpi,%,Legazpi,102.68,102.68
2010,Gasto liquidado de las administraciones locales en proporción al presupuesto aprobado originalmente,,,Legazpi,%,Legazpi,118.39,118.39
2018,Gasto liquidado de las administraciones locales en proporción al presupuesto aprobado originalmente,,,Legazpi,%,Legazpi,101.01,101.01
2022,Gasto liquidado de las administraciones locales en proporción al presupuesto aprobado originalmente,,,Legazpi,%,Legazpi,107.52,107.52
2019,Gasto liquidado de las administraciones locales en proporción al presupuesto aprobado originalmente,,,Legazpi,%,Legazpi,102.28,102.28
2016,Gasto liquidado de las administraciones locales en proporción al presupuesto aprobado originalmente,,,Legazpi,%,Legazpi,104.68,95.32
2021,Gasto liquidado de las administraciones locales en proporción al presupuesto aprobado originalmente,,,Legazpi,%,Legazpi,104.55,95.45
2017,Gasto liquidado de las administraciones locales en proporción al presupuesto aprobado originalmente,,,Legazpi,%,Legazpi,104.31,104.31
2020,Gasto liquidado de las administraciones locales en proporción al presupuesto aprobado originalmente,,,Legazpi,%,Legazpi,103.2,96.8
2011,Gasto liquidado de las administraciones locales en proporción al presupuesto aprobado originalmente,,,Legazpi,%,Legazpi,116.98,116.98
2023,Gasto liquidado de las administraciones locales en proporción al presupuesto aprobado originalmente,,,Legazpi,%,Legazpi,110.33,110.33
2012,Gasto liquidado de las administraciones locales en proporción al presupuesto aprobado originalmente,,,Legazpi,%,Legazpi,101.1,98.9
2013,Gasto liquidado de las administraciones locales en proporción al presupuesto aprobado originalmente,,,Legazpi,%,Legazpi,102.33,102.33
2020,Gasto liquidado de las administraciones locales en proporción al presupuesto aprobado originalmente,,,Legorreta,%,Legorreta,112.27,87.73
2016,Gasto liquidado de las administraciones locales en proporción al presupuesto aprobado originalmente,,,Legorreta,%,Legorreta,115.82,115.82
2012,Gasto liquidado de las administraciones locales en proporción al presupuesto aprobado originalmente,,,Legorreta,%,Legorreta,102.27,97.73
2013,Gasto liquidado de las administraciones locales en proporción al presupuesto aprobado originalmente,,,Legorreta,%,Legorreta,103.4,96.6
2010,Gasto liquidado de las administraciones locales en proporción al presupuesto aprobado originalmente,,,Legorreta,%,Legorreta,113.83,113.83
2011,Gasto liquidado de las administraciones locales en proporción al presupuesto aprobado originalmente,,,Legorreta,%,Legorreta,102.55,102.55
2021,Gasto liquidado de las administraciones locales en proporción al presupuesto aprobado originalmente,,,Legorreta,%,Legorreta,101.34,98.66
2014,Gasto liquidado de las administraciones locales en proporción al presupuesto aprobado originalmente,,,Legorreta,%,Legorreta,103.48,103.48
2018,Gasto liquidado de las administraciones locales en proporción al presupuesto aprobado originalmente,,,Legorreta,%,Legorreta,121.5,121.5
2015,Gasto liquidado de las administraciones locales en proporción al presupuesto aprobado originalmente,,,Legorreta,%,Legorreta,141.01,141.01
2022,Gasto liquidado de las administraciones locales en proporción al presupuesto aprobado originalmente,,,Legorreta,%,Legorreta,104.68,104.68
2017,Gasto liquidado de las administraciones locales en proporción al presupuesto aprobado originalmente,,,Legorreta,%,Legorreta,105.9,105.9
2023,Gasto liquidado de las administraciones locales en proporción al presupuesto aprobado originalmente,,,Legorreta,%,Legorreta,102.96,97.04
2019,Gasto liquidado de las administraciones locales en proporción al presupuesto aprobado originalmente,,,Legorreta,%,Legorreta,113.18,113.18
2010,Gasto liquidado de las administraciones locales en proporción al presupuesto aprobado originalmente,,,Legutio,%,Legutio,106.25,106.25
2016,Gasto liquidado de las administraciones locales en proporción al presupuesto aprobado originalmente,,,Legutio,%,Legutio,105.56,94.44
2011,Gasto liquidado de las administraciones locales en proporción al presupuesto aprobado originalmente,,,Legutio,%,Legutio,104.9,104.9
2022,Gasto liquidado de las administraciones locales en proporción al presupuesto aprobado originalmente,,,Legutio,%,Legutio,105.78,94.22
2019,Gasto liquidado de las administraciones locales en proporción al presupuesto aprobado originalmente,,,Legutio,%,Legutio,109.84,90.16
2012,Gasto liquidado de las administraciones locales en proporción al presupuesto aprobado originalmente,,,Legutio,%,Legutio,109.54,90.46
2020,Gasto liquidado de las administraciones locales en proporción al presupuesto aprobado originalmente,,,Legutio,%,Legutio,125.43,74.57
2013,Gasto liquidado de las administraciones locales en proporción al presupuesto aprobado originalmente,,,Legutio,%,Legutio,112.15,112.15
2021,Gasto liquidado de las administraciones locales en proporción al presupuesto aprobado originalmente,,,Legutio,%,Legutio,126.43,73.57
2017,Gasto liquidado de las administraciones locales en proporción al presupuesto aprobado originalmente,,,Legutio,%,Legutio,106.87,106.87
2023,Gasto liquidado de las administraciones locales en proporción al presupuesto aprobado originalmente,,,Legutio,%,Legutio,101.03,98.97
2015,Gasto liquidado de las administraciones locales en proporción al presupuesto aprobado originalmente,,,Legutio,%,Legutio,109.19,109.19
2018,Gasto liquidado de las administraciones locales en proporción al presupuesto aprobado originalmente,,,Legutio,%,Legutio,113.98,86.02
2014,Gasto liquidado de las administraciones locales en proporción al presupuesto aprobado originalmente,,,Legutio,%,Legutio,104.14,104.14
2023,Gasto liquidado de las administraciones locales en proporción al presupuesto aprobado originalmente,,,Leintz-Gatzaga,%,Leintz-Gatzaga,111.58,111.58
2019,Gasto liquidado de las administraciones locales en proporción al presupuesto aprobado originalmente,,,Leintz-Gatzaga,%,Leintz-Gatzaga,111.55,111.55
2020,Gasto liquidado de las administraciones locales en proporción al presupuesto aprobado originalmente,,,Leintz-Gatzaga,%,Leintz-Gatzaga,104.28,95.72
2011,Gasto liquidado de las administraciones locales en proporción al presupuesto aprobado originalmente,,,Leintz-Gatzaga,%,Leintz-Gatzaga,199.54,199.54
2012,Gasto liquidado de las administraciones locales en proporción al presupuesto aprobado originalmente,,,Leintz-Gatzaga,%,Leintz-Gatzaga,108.61,91.39
2015,Gasto liquidado de las administraciones locales en proporción al presupuesto aprobado originalmente,,,Leintz-Gatzaga,%,Leintz-Gatzaga,142.35,142.35
2016,Gasto liquidado de las administraciones locales en proporción al presupuesto aprobado originalmente,,,Leintz-Gatzaga,%,Leintz-Gatzaga,139.98,139.98
2010,Gasto liquidado de las administraciones locales en proporción al presupuesto aprobado originalmente,,,Leintz-Gatzaga,%,Leintz-Gatzaga,142.89,142.89
2018,Gasto liquidado de las administraciones locales en proporción al presupuesto aprobado originalmente,,,Leintz-Gatzaga,%,Leintz-Gatzaga,129.39,129.39
2013,Gasto liquidado de las administraciones locales en proporción al presupuesto aprobado originalmente,,,Leintz-Gatzaga,%,Leintz-Gatzaga,100.82,100.82
2014,Gasto liquidado de las administraciones locales en proporción al presupuesto aprobado originalmente,,,Leintz-Gatzaga,%,Leintz-Gatzaga,115.18,115.18
2017,Gasto liquidado de las administraciones locales en proporción al presupuesto aprobado originalmente,,,Leintz-Gatzaga,%,Leintz-Gatzaga,105.55,94.45
2021,Gasto liquidado de las administraciones locales en proporción al presupuesto aprobado originalmente,,,Leintz-Gatzaga,%,Leintz-Gatzaga,105.21,94.79
2022,Gasto liquidado de las administraciones locales en proporción al presupuesto aprobado originalmente,,,Leintz-Gatzaga,%,Leintz-Gatzaga,106.75,93.25
2010,Gasto liquidado de las administraciones locales en proporción al presupuesto aprobado originalmente,,,Leioa,%,Leioa,129.27,129.27
2015,Gasto liquidado de las administraciones locales en proporción al presupuesto aprobado originalmente,,,Leioa,%,Leioa,102.13,97.87
2014,Gasto liquidado de las administraciones locales en proporción al presupuesto aprobado originalmente,,,Leioa,%,Leioa,102.96,97.04
2013,Gasto liquidado de las administraciones locales en proporción al presupuesto aprobado originalmente,,,Leioa,%,Leioa,102.58,102.58
2021,Gasto liquidado de las administraciones locales en proporción al presupuesto aprobado originalmente,,,Leioa,%,Leioa,101.4,98.6
2017,Gasto liquidado de las administraciones locales en proporción al presupuesto aprobado originalmente,,,Leioa,%,Leioa,109.81,90.19
2011,Gasto liquidado de las administraciones locales en proporción al presupuesto aprobado originalmente,,,Leioa,%,Leioa,110.81,110.81
2019,Gasto liquidado de las administraciones locales en proporción al presupuesto aprobado originalmente,,,Leioa,%,Leioa,101.75,98.25
2023,Gasto liquidado de las administraciones locales en proporción al presupuesto aprobado originalmente,,,Leioa,%,Leioa,102.07,102.07
2012,Gasto liquidado de las administraciones locales en proporción al presupuesto aprobado originalmente,,,Leioa,%,Leioa,110.31,110.31
2016,Gasto liquidado de las administraciones locales en proporción al presupuesto aprobado originalmente,,,Leioa,%,Leioa,100.78,99.22
2018,Gasto liquidado de las administraciones locales en proporción al presupuesto aprobado originalmente,,,Leioa,%,Leioa,107.91,92.09
2020,Gasto liquidado de las administraciones locales en proporción al presupuesto aprobado originalmente,,,Leioa,%,Leioa,113.63,86.37
2022,Gasto liquidado de las administraciones locales en proporción al presupuesto aprobado originalmente,,,Leioa,%,Leioa,104.02,95.98
2010,Gasto liquidado de las administraciones locales en proporción al presupuesto aprobado originalmente,,,Lekeitio,%,Lekeitio,112.1,112.1
2023,Gasto liquidado de las administraciones locales en proporción al presupuesto aprobado originalmente,,,Lekeitio,%,Lekeitio,115.8,115.8
2015,Gasto liquidado de las administraciones locales en proporción al presupuesto aprobado originalmente,,,Lekeitio,%,Lekeitio,105.33,94.67
2017,Gasto liquidado de las administraciones locales en proporción al presupuesto aprobado originalmente,,,Lekeitio,%,Lekeitio,104.4,104.4
2018,Gasto liquidado de las administraciones locales en proporción al presupuesto aprobado originalmente,,,Lekeitio,%,Lekeitio,110.74,110.74
2011,Gasto liquidado de las administraciones locales en proporción al presupuesto aprobado originalmente,,,Lekeitio,%,Lekeitio,124.75,124.75
2019,Gasto liquidado de las administraciones locales en proporción al presupuesto aprobado originalmente,,,Lekeitio,%,Lekeitio,123.3,123.3
2013,Gasto liquidado de las administraciones locales en proporción al presupuesto aprobado originalmente,,,Lekeitio,%,Lekeitio,101.81,98.19
2021,Gasto liquidado de las administraciones locales en proporción al presupuesto aprobado originalmente,,,Lekeitio,%,Lekeitio,103.35,103.35
2012,Gasto liquidado de las administraciones locales en proporción al presupuesto aprobado originalmente,,,Lekeitio,%,Lekeitio,104.87,95.13
2014,Gasto liquidado de las administraciones locales en proporción al presupuesto aprobado originalmente,,,Lekeitio,%,Lekeitio,106.53,106.53
2016,Gasto liquidado de las administraciones locales en proporción al presupuesto aprobado originalmente,,,Lekeitio,%,Lekeitio,101.37,101.37
2020,Gasto liquidado de las administraciones locales en proporción al presupuesto aprobado originalmente,,,Lekeitio,%,Lekeitio,104.9,95.1
2022,Gasto liquidado de las administraciones locales en proporción al presupuesto aprobado originalmente,,,Lekeitio,%,Lekeitio,110.18,110.18
2015,Gasto liquidado de las administraciones locales en proporción al presupuesto aprobado originalmente,,,Lemoa,%,Lemoa,113.59,86.41
2010,Gasto liquidado de las administraciones locales en proporción al presupuesto aprobado originalmente,,,Lemoa,%,Lemoa,120.43,79.57
2018,Gasto liquidado de las administraciones locales en proporción al presupuesto aprobado originalmente,,,Lemoa,%,Lemoa,102.81,102.81
2011,Gasto liquidado de las administraciones locales en proporción al presupuesto aprobado originalmente,,,Lemoa,%,Lemoa,120.83,79.17
2023,Gasto liquidado de las administraciones locales en proporción al presupuesto aprobado originalmente,,,Lemoa,%,Lemoa,106.06,106.06
2021,Gasto liquidado de las administraciones locales en proporción al presupuesto aprobado originalmente,,,Lemoa,%,Lemoa,116.25,116.25
2019,Gasto liquidado de las administraciones locales en proporción al presupuesto aprobado originalmente,,,Lemoa,%,Lemoa,114.44,114.44
2017,Gasto liquidado de las administraciones locales en proporción al presupuesto aprobado originalmente,,,Lemoa,%,Lemoa,102.97,97.03
2012,Gasto liquidado de las administraciones locales en proporción al presupuesto aprobado originalmente,,,Lemoa,%,Lemoa,103.03,103.03
2014,Gasto liquidado de las administraciones locales en proporción al presupuesto aprobado originalmente,,,Lemoa,%,Lemoa,106.41,106.41
2016,Gasto liquidado de las administraciones locales en proporción al presupuesto aprobado originalmente,,,Lemoa,%,Lemoa,103.82,96.18
2020,Gasto liquidado de las administraciones locales en proporción al presupuesto aprobado originalmente,,,Lemoa,%,Lemoa,107.9,92.1
2022,Gasto liquidado de las administraciones locales en proporción al presupuesto aprobado originalmente,,,Lemoa,%,Lemoa,109.55,109.55
2013,Gasto liquidado de las administraciones locales en proporción al presupuesto aprobado originalmente,,,Lemoa,%,Lemoa,113.89,113.89
2014,Gasto liquidado de las administraciones locales en proporción al presupuesto aprobado originalmente,,,Lemoiz,%,Lemoiz,111.38,111.38
2011,Gasto liquidado de las administraciones locales en proporción al presupuesto aprobado originalmente,,,Lemoiz,%,Lemoiz,101.84,98.16
2013,Gasto liquidado de las administraciones locales en proporción al presupuesto aprobado originalmente,,,Lemoiz,%,Lemoiz,112.95,112.95
2017,Gasto liquidado de las administraciones locales en proporción al presupuesto aprobado originalmente,,,Lemoiz,%,Lemoiz,110.83,110.83
2021,Gasto liquidado de las administraciones locales en proporción al presupuesto aprobado originalmente,,,Lemoiz,%,Lemoiz,105.85,94.15
2015,Gasto liquidado de las administraciones locales en proporción al presupuesto aprobado originalmente,,,Lemoiz,%,Lemoiz,100.72,99.28
2023,Gasto liquidado de las administraciones locales en proporción al presupuesto aprobado originalmente,,,Lemoiz,%,Lemoiz,101.4,101.4
2019,Gasto liquidado de las administraciones locales en proporción al presupuesto aprobado originalmente,,,Lemoiz,%,Lemoiz,101.6,101.6
2010,Gasto liquidado de las administraciones locales en proporción al presupuesto aprobado originalmente,,,Lemoiz,%,Lemoiz,128.82,71.18
2012,Gasto liquidado de las administraciones locales en proporción al presupuesto aprobado originalmente,,,Lemoiz,%,Lemoiz,106.65,106.65
2016,Gasto liquidado de las administraciones locales en proporción al presupuesto aprobado originalmente,,,Lemoiz,%,Lemoiz,104.14,95.86
2018,Gasto liquidado de las administraciones locales en proporción al presupuesto aprobado originalmente,,,Lemoiz,%,Lemoiz,115.79,84.21
2020,Gasto liquidado de las administraciones locales en proporción al presupuesto aprobado originalmente,,,Lemoiz,%,Lemoiz,120.78,79.22
2022,Gasto liquidado de las administraciones locales en proporción al presupuesto aprobado originalmente,,,Lemoiz,%,Lemoiz,104.88,95.12
2021,Gasto liquidado de las administraciones locales en proporción al presupuesto aprobado originalmente,,,Leza,%,Leza,125.33,125.33
2017,Gasto liquidado de las administraciones locales en proporción al presupuesto aprobado originalmente,,,Leza,%,Leza,134.87,65.13
2018,Gasto liquidado de las administraciones locales en proporción al presupuesto aprobado originalmente,,,Leza,%,Leza,104.63,104.63
2013,Gasto liquidado de las administraciones locales en proporción al presupuesto aprobado originalmente,,,Leza,%,Leza,100.25,99.75
2019,Gasto liquidado de las administraciones locales en proporción al presupuesto aprobado originalmente,,,Leza,%,Leza,136.25,63.75
2011,Gasto liquidado de las administraciones locales en proporción al presupuesto aprobado originalmente,,,Leza,%,Leza,123.54,123.54
2020,Gasto liquidado de las administraciones locales en proporción al presupuesto aprobado originalmente,,,Leza,%,Leza,114.66,85.34
2015,Gasto liquidado de las administraciones locales en proporción al presupuesto aprobado originalmente,,,Leza,%,Leza,111.5,88.5
2010,Gasto liquidado de las administraciones locales en proporción al presupuesto aprobado originalmente,,,Leza,%,Leza,224.68,224.68
2012,Gasto liquidado de las administraciones locales en proporción al presupuesto aprobado originalmente,,,Leza,%,Leza,118.4,81.6
2023,Gasto liquidado de las administraciones locales en proporción al presupuesto aprobado originalmente,,,Leza,%,Leza,124.8,75.2
2014,Gasto liquidado de las administraciones locales en proporción al presupuesto aprobado originalmente,,,Leza,%,Leza,101.14,98.86
2016,Gasto liquidado de las administraciones locales en proporción al presupuesto aprobado originalmente,,,Leza,%,Leza,131.78,68.22
2022,Gasto liquidado de las administraciones locales en proporción al presupuesto aprobado originalmente,,,Leza,%,Leza,137.39,137.39
2016,Gasto liquidado de las administraciones locales en proporción al presupuesto aprobado originalmente,,,Lezama,%,Lezama,101.57,98.43
2022,Gasto liquidado de las administraciones locales en proporción al presupuesto aprobado originalmente,,,Lezama,%,Lezama,137.84,137.84
2010,Gasto liquidado de las administraciones locales en proporción al presupuesto aprobado originalmente,,,Lezama,%,Lezama,240.6,240.6
2012,Gasto liquidado de las administraciones locales en proporción al presupuesto aprobado originalmente,,,Lezama,%,Lezama,123.7,123.7
2020,Gasto liquidado de las administraciones locales en proporción al presupuesto aprobado originalmente,,,Lezama,%,Lezama,111.16,88.84
2011,Gasto liquidado de las administraciones locales en proporción al presupuesto aprobado originalmente,,,Lezama,%,Lezama,178.46,178.46
2015,Gasto liquidado de las administraciones locales en proporción al presupuesto aprobado originalmente,,,Lezama,%,Lezama,105.76,94.24
2017,Gasto liquidado de las administraciones locales en proporción al presupuesto aprobado originalmente,,,Lezama,%,Lezama,102.44,97.56
2019,Gasto liquidado de las administraciones locales en proporción al presupuesto aprobado originalmente,,,Lezama,%,Lezama,101.6,101.6
2023,Gasto liquidado de las administraciones locales en proporción al presupuesto aprobado originalmente,,,Lezama,%,Lezama,167.18,167.18
2014,Gasto liquidado de las administraciones locales en proporción al presupuesto aprobado originalmente,,,Lezama,%,Lezama,121.93,121.93
2013,Gasto liquidado de las administraciones locales en proporción al presupuesto aprobado originalmente,,,Lezama,%,Lezama,106.9,93.1
2018,Gasto liquidado de las administraciones locales en proporción al presupuesto aprobado originalmente,,,Lezama,%,Lezama,116.19,116.19
2021,Gasto liquidado de las administraciones locales en proporción al presupuesto aprobado originalmente,,,Lezama,%,Lezama,110.61,110.61
2018,Gasto liquidado de las administraciones locales en proporción al presupuesto aprobado originalmente,,,Lezo,%,Lezo,101.47,101.47
2019,Gasto liquidado de las administraciones locales en proporción al presupuesto aprobado originalmente,,,Lezo,%,Lezo,101.14,101.14
2010,Gasto liquidado de las administraciones locales en proporción al presupuesto aprobado originalmente,,,Lezo,%,Lezo,130.65,130.65
2014,Gasto liquidado de las administraciones locales en proporción al presupuesto aprobado originalmente,,,Lezo,%,Lezo,102.02,102.02
2011,Gasto liquidado de las administraciones locales en proporción al presupuesto aprobado originalmente,,,Lezo,%,Lezo,112.2,112.2
2015,Gasto liquidado de las administraciones locales en proporción al presupuesto aprobado originalmente,,,Lezo,%,Lezo,101.36,101.36
2021,Gasto liquidado de las administraciones locales en proporción al presupuesto aprobado originalmente,,,Lezo,%,Lezo,103.6,103.6
2012,Gasto liquidado de las administraciones locales en proporción al presupuesto aprobado originalmente,,,Lezo,%,Lezo,100.66,100.66
2013,Gasto liquidado de las administraciones locales en proporción al presupuesto aprobado originalmente,,,Lezo,%,Lezo,100.85,99.15
2022,Gasto liquidado de las administraciones locales en proporción al presupuesto aprobado originalmente,,,Lezo,%,Lezo,109.47,109.47
2023,Gasto liquidado de las administraciones locales en proporción al presupuesto aprobado originalmente,,,Lezo,%,Lezo,102.52,97.48
2016,Gasto liquidado de las administraciones locales en proporción al presupuesto aprobado originalmente,,,Lezo,%,Lezo,103.36,96.64
2017,Gasto liquidado de las administraciones locales en proporción al presupuesto aprobado originalmente,,,Lezo,%,Lezo,105.2,105.2
2020,Gasto liquidado de las administraciones locales en proporción al presupuesto aprobado originalmente,,,Lezo,%,Lezo,103.16,103.16
2019,Gasto liquidado de las administraciones locales en proporción al presupuesto aprobado originalmente,,,Lizartza,%,Lizartza,105.38,105.38
2013,Gasto liquidado de las administraciones locales en proporción al presupuesto aprobado originalmente,,,Lizartza,%,Lizartza,112.64,112.64
2022,Gasto liquidado de las administraciones locales en proporción al presupuesto aprobado originalmente,,,Lizartza,%,Lizartza,127.68,127.68
2023,Gasto liquidado de las administraciones locales en proporción al presupuesto aprobado originalmente,,,Lizartza,%,Lizartza,131.99,68.01
2017,Gasto liquidado de las administraciones locales en proporción al presupuesto aprobado originalmente,,,Lizartza,%,Lizartza,112.89,87.11
2016,Gasto liquidado de las administraciones locales en proporción al presupuesto aprobado originalmente,,,Lizartza,%,Lizartza,102.52,102.52
2015,Gasto liquidado de las administraciones locales en proporción al presupuesto aprobado originalmente,,,Lizartza,%,Lizartza,101.42,101.42
2012,Gasto liquidado de las administraciones locales en proporción al presupuesto aprobado originalmente,,,Lizartza,%,Lizartza,109.33,109.33
2018,Gasto liquidado de las administraciones locales en proporción al presupuesto aprobado originalmente,,,Lizartza,%,Lizartza,101.14,101.14
2021,Gasto liquidado de las administraciones locales en proporción al presupuesto aprobado originalmente,,,Lizartza,%,Lizartza,103.7,103.7
2011,Gasto liquidado de las administraciones locales en proporción al presupuesto aprobado originalmente,,,Lizartza,%,Lizartza,111.58,111.58
2010,Gasto liquidado de las administraciones locales en proporción al presupuesto aprobado originalmente,,,Lizartza,%,Lizartza,121.02,121.02
2020,Gasto liquidado de las administraciones locales en proporción al presupuesto aprobado originalmente,,,Lizartza,%,Lizartza,100.43,100.43
2014,Gasto liquidado de las administraciones locales en proporción al presupuesto aprobado originalmente,,,Lizartza,%,Lizartza,103.26,103.26
2018,Gasto liquidado de las administraciones locales en proporción al presupuesto aprobado originalmente,,,Loiu,%,Loiu,105.92,105.92
2011,Gasto liquidado de las administraciones locales en proporción al presupuesto aprobado originalmente,,,Loiu,%,Loiu,111.01,111.01
2023,Gasto liquidado de las administraciones locales en proporción al presupuesto aprobado originalmente,,,Loiu,%,Loiu,110.76,110.76
2012,Gasto liquidado de las administraciones locales en proporción al presupuesto aprobado originalmente,,,Loiu,%,Loiu,114.88,114.88
2017,Gasto liquidado de las administraciones locales en proporción al presupuesto aprobado originalmente,,,Loiu,%,Loiu,114.92,114.92
2013,Gasto liquidado de las administraciones locales en proporción al presupuesto aprobado originalmente,,,Loiu,%,Loiu,118.2,118.2
2019,Gasto liquidado de las administraciones locales en proporción al presupuesto aprobado originalmente,,,Loiu,%,Loiu,107.32,107.32
2014,Gasto liquidado de las administraciones locales en proporción al presupuesto aprobado originalmente,,,Loiu,%,Loiu,116.98,116.98
2016,Gasto liquidado de las administraciones locales en proporción al presupuesto aprobado originalmente,,,Loiu,%,Loiu,124.68,124.68
2020,Gasto liquidado de las administraciones locales en proporción al presupuesto aprobado originalmente,,,Loiu,%,Loiu,114.96,85.04
2022,Gasto liquidado de las administraciones locales en proporción al presupuesto aprobado originalmente,,,Loiu,%,Loiu,102.91,102.91
2015,Gasto liquidado de las administraciones locales en proporción al presupuesto aprobado originalmente,,,Loiu,%,Loiu,113.35,113.35
2021,Gasto liquidado de las administraciones locales en proporción al presupuesto aprobado originalmente,,,Loiu,%,Loiu,104.94,104.94
2010,Gasto liquidado de las administraciones locales en proporción al presupuesto aprobado originalmente,,,Loiu,%,Loiu,136.83,136.83
2013,Gasto liquidado de las administraciones locales en proporción al presupuesto aprobado originalmente,,,Mallabia,%,Mallabia,104.97,104.97
2017,Gasto liquidado de las administraciones locales en proporción al presupuesto aprobado originalmente,,,Mallabia,%,Mallabia,108.81,108.81
2014,Gasto liquidado de las administraciones locales en proporción al presupuesto aprobado originalmente,,,Mallabia,%,Mallabia,101.65,98.35
2015,Gasto liquidado de las administraciones locales en proporción al presupuesto aprobado originalmente,,,Mallabia,%,Mallabia,114.96,114.96
2011,Gasto liquidado de las administraciones locales en proporción al presupuesto aprobado originalmente,,,Mallabia,%,Mallabia,112.11,112.11
2021,Gasto liquidado de las administraciones locales en proporción al presupuesto aprobado originalmente,,,Mallabia,%,Mallabia,100.78,100.78
2019,Gasto liquidado de las administraciones locales en proporción al presupuesto aprobado originalmente,,,Mallabia,%,Mallabia,108.57,108.57
2023,Gasto liquidado de las administraciones locales en proporción al presupuesto aprobado originalmente,,,Mallabia,%,Mallabia,148.12,148.12
2010,Gasto liquidado de las administraciones locales en proporción al presupuesto aprobado originalmente,,,Mallabia,%,Mallabia,114.85,114.85
2012,Gasto liquidado de las administraciones locales en proporción al presupuesto aprobado originalmente,,,Mallabia,%,Mallabia,115.46,115.46
2016,Gasto liquidado de las administraciones locales en proporción al presupuesto aprobado originalmente,,,Mallabia,%,Mallabia,113.4,113.4
2018,Gasto liquidado de las administraciones locales en proporción al presupuesto aprobado originalmente,,,Mallabia,%,Mallabia,108.26,108.26
2020,Gasto liquidado de las administraciones locales en proporción al presupuesto aprobado originalmente,,,Mallabia,%,Mallabia,126.62,126.62
2022,Gasto liquidado de las administraciones locales en proporción al presupuesto aprobado originalmente,,,Mallabia,%,Mallabia,100.87,99.13
2019,Gasto liquidado de las administraciones locales en proporción al presupuesto aprobado originalmente,,,Mañaria,%,Mañaria,107.08,107.08
2015,Gasto liquidado de las administraciones locales en proporción al presupuesto aprobado originalmente,,,Mañaria,%,Mañaria,103.11,96.89
2010,Gasto liquidado de las administraciones locales en proporción al presupuesto aprobado originalmente,,,Mañaria,%,Mañaria,249.88,249.88
2011,Gasto liquidado de las administraciones locales en proporción al presupuesto aprobado originalmente,,,Mañaria,%,Mañaria,118.93,118.93
2018,Gasto liquidado de las administraciones locales en proporción al presupuesto aprobado originalmente,,,Mañaria,%,Mañaria,108.27,91.73
2021,Gasto liquidado de las administraciones locales en proporción al presupuesto aprobado originalmente,,,Mañaria,%,Mañaria,162.76,162.76
2013,Gasto liquidado de las administraciones locales en proporción al presupuesto aprobado originalmente,,,Mañaria,%,Mañaria,119.82,119.82
2023,Gasto liquidado de las administraciones locales en proporción al presupuesto aprobado originalmente,,,Mañaria,%,Mañaria,100.48,99.52
2017,Gasto liquidado de las administraciones locales en proporción al presupuesto aprobado originalmente,,,Mañaria,%,Mañaria,102.93,102.93
2012,Gasto liquidado de las administraciones locales en proporción al presupuesto aprobado originalmente,,,Mañaria,%,Mañaria,106.4,106.4
2014,Gasto liquidado de las administraciones locales en proporción al presupuesto aprobado originalmente,,,Mañaria,%,Mañaria,109.31,109.31
2016,Gasto liquidado de las administraciones locales en proporción al presupuesto aprobado originalmente,,,Mañaria,%,Mañaria,138.31,138.31
2020,Gasto liquidado de las administraciones locales en proporción al presupuesto aprobado originalmente,,,Mañaria,%,Mañaria,117.13,82.87
2022,Gasto liquidado de las administraciones locales en proporción al presupuesto aprobado originalmente,,,Mañaria,%,Mañaria,106.08,106.08
2014,Gasto liquidado de las administraciones locales en proporción al presupuesto aprobado originalmente,,,Markina-Xemein,%,Markina-Xemein,107.42,107.42
2013,Gasto liquidado de las administraciones locales en proporción al presupuesto aprobado originalmente,,,Markina-Xemein,%,Markina-Xemein,105.67,105.67
2023,Gasto liquidado de las administraciones locales en proporción al presupuesto aprobado originalmente,,,Markina-Xemein,%,Markina-Xemein,116.71,116.71
2011,Gasto liquidado de las administraciones locales en proporción al presupuesto aprobado originalmente,,,Markina-Xemein,%,Markina-Xemein,113.13,113.13
2017,Gasto liquidado de las administraciones locales en proporción al presupuesto aprobado originalmente,,,Markina-Xemein,%,Markina-Xemein,103.91,103.91
2015,Gasto liquidado de las administraciones locales en proporción al presupuesto aprobado originalmente,,,Markina-Xemein,%,Markina-Xemein,121.92,121.92
2021,Gasto liquidado de las administraciones locales en proporción al presupuesto aprobado originalmente,,,Markina-Xemein,%,Markina-Xemein,126.04,126.04
2010,Gasto liquidado de las administraciones locales en proporción al presupuesto aprobado originalmente,,,Markina-Xemein,%,Markina-Xemein,113.71,113.71
2012,Gasto liquidado de las administraciones locales en proporción al presupuesto aprobado originalmente,,,Markina-Xemein,%,Markina-Xemein,102.25,102.25
2016,Gasto liquidado de las administraciones locales en proporción al presupuesto aprobado originalmente,,,Markina-Xemein,%,Markina-Xemein,117.86,117.86
2018,Gasto liquidado de las administraciones locales en proporción al presupuesto aprobado originalmente,,,Markina-Xemein,%,Markina-Xemein,131.01,131.01
2020,Gasto liquidado de las administraciones locales en proporción al presupuesto aprobado originalmente,,,Markina-Xemein,%,Markina-Xemein,102.46,102.46
2022,Gasto liquidado de las administraciones locales en proporción al presupuesto aprobado originalmente,,,Markina-Xemein,%,Markina-Xemein,110.73,110.73
2019,Gasto liquidado de las administraciones locales en proporción al presupuesto aprobado originalmente,,,Markina-Xemein,%,Markina-Xemein,136.26,136.26
2019,Gasto liquidado de las administraciones locales en proporción al presupuesto aprobado originalmente,,,Maruri-Jatabe,%,Maruri-Jatabe,102.23,97.77
2013,Gasto liquidado de las administraciones locales en proporción al presupuesto aprobado originalmente,,,Maruri-Jatabe,%,Maruri-Jatabe,111.97,111.97
2015,Gasto liquidado de las administraciones locales en proporción al presupuesto aprobado originalmente,,,Maruri-Jatabe,%,Maruri-Jatabe,105.21,105.21
2010,Gasto liquidado de las administraciones locales en proporción al presupuesto aprobado originalmente,,,Maruri-Jatabe,%,Maruri-Jatabe,171.09,171.09
2014,Gasto liquidado de las administraciones locales en proporción al presupuesto aprobado originalmente,,,Maruri-Jatabe,%,Maruri-Jatabe,204.23,204.23
2018,Gasto liquidado de las administraciones locales en proporción al presupuesto aprobado originalmente,,,Maruri-Jatabe,%,Maruri-Jatabe,107.55,92.45
2022,Gasto liquidado de las administraciones locales en proporción al presupuesto aprobado originalmente,,,Maruri-Jatabe,%,Maruri-Jatabe,109.14,109.14
2011,Gasto liquidado de las administraciones locales en proporción al presupuesto aprobado originalmente,,,Maruri-Jatabe,%,Maruri-Jatabe,128.16,128.16
2016,Gasto liquidado de las administraciones locales en proporción al presupuesto aprobado originalmente,,,Maruri-Jatabe,%,Maruri-Jatabe,100.17,100.17
2017,Gasto liquidado de las administraciones locales en proporción al presupuesto aprobado originalmente,,,Maruri-Jatabe,%,Maruri-Jatabe,103.49,103.49
2012,Gasto liquidado de las administraciones locales en proporción al presupuesto aprobado originalmente,,,Maruri-Jatabe,%,Maruri-Jatabe,120.63,120.63
2021,Gasto liquidado de las administraciones locales en proporción al presupuesto aprobado originalmente,,,Maruri-Jatabe,%,Maruri-Jatabe,106.43,106.43
2020,Gasto liquidado de las administraciones locales en proporción al presupuesto aprobado originalmente,,,Maruri-Jatabe,%,Maruri-Jatabe,113.28,86.72
2023,Gasto liquidado de las administraciones locales en proporción al presupuesto aprobado originalmente,,,Mendaro,%,Mendaro,148.09,148.09
2017,Gasto liquidado de las administraciones locales en proporción al presupuesto aprobado originalmente,,,Mendaro,%,Mendaro,109.39,90.61
2011,Gasto liquidado de las administraciones locales en proporción al presupuesto aprobado originalmente,,,Mendaro,%,Mendaro,101.85,98.15
2019,Gasto liquidado de las administraciones locales en proporción al presupuesto aprobado originalmente,,,Mendaro,%,Mendaro,101.76,98.24
2015,Gasto liquidado de las administraciones locales en proporción al presupuesto aprobado originalmente,,,Mendaro,%,Mendaro,110.6,89.4
2013,Gasto liquidado de las administraciones locales en proporción al presupuesto aprobado originalmente,,,Mendaro,%,Mendaro,105.46,94.54
2012,Gasto liquidado de las administraciones locales en proporción al presupuesto aprobado originalmente,,,Mendaro,%,Mendaro,116.86,116.86
2021,Gasto liquidado de las administraciones locales en proporción al presupuesto aprobado originalmente,,,Mendaro,%,Mendaro,101.35,101.35
2010,Gasto liquidado de las administraciones locales en proporción al presupuesto aprobado originalmente,,,Mendaro,%,Mendaro,102.66,102.66
2014,Gasto liquidado de las administraciones locales en proporción al presupuesto aprobado originalmente,,,Mendaro,%,Mendaro,101.53,101.53
2016,Gasto liquidado de las administraciones locales en proporción al presupuesto aprobado originalmente,,,Mendaro,%,Mendaro,107.5,92.5
2018,Gasto liquidado de las administraciones locales en proporción al presupuesto aprobado originalmente,,,Mendaro,%,Mendaro,109.52,109.52
2020,Gasto liquidado de las administraciones locales en proporción al presupuesto aprobado originalmente,,,Mendaro,%,Mendaro,111.0,89.0
2022,Gasto liquidado de las administraciones locales en proporción al presupuesto aprobado originalmente,,,Mendaro,%,Mendaro,115.87,115.87
2016,Gasto liquidado de las administraciones locales en proporción al presupuesto aprobado originalmente,,,Mendata,%,Mendata,105.35,94.65
2014,Gasto liquidado de las administraciones locales en proporción al presupuesto aprobado originalmente,,,Mendata,%,Mendata,102.85,102.85
2020,Gasto liquidado de las administraciones locales en proporción al presupuesto aprobado originalmente,,,Mendata,%,Mendata,117.1,82.9
2010,Gasto liquidado de las administraciones locales en proporción al presupuesto aprobado originalmente,,,Mendata,%,Mendata,115.75,115.75
2011,Gasto liquidado de las administraciones locales en proporción al presupuesto aprobado originalmente,,,Mendata,%,Mendata,100.86,100.86
2015,Gasto liquidado de las administraciones locales en proporción al presupuesto aprobado originalmente,,,Mendata,%,Mendata,107.1,107.1
2017,Gasto liquidado de las administraciones locales en proporción al presupuesto aprobado originalmente,,,Mendata,%,Mendata,103.99,103.99
2019,Gasto liquidado de las administraciones locales en proporción al presupuesto aprobado originalmente,,,Mendata,%,Mendata,121.33,78.67
2021,Gasto liquidado de las administraciones locales en proporción al presupuesto aprobado originalmente,,,Mendata,%,Mendata,120.87,79.13
2023,Gasto liquidado de las administraciones locales en proporción al presupuesto aprobado originalmente,,,Mendata,%,Mendata,122.74,77.26
2013,Gasto liquidado de las administraciones locales en proporción al presupuesto aprobado originalmente,,,Mendata,%,Mendata,129.72,129.72
2018,Gasto liquidado de las administraciones locales en proporción al presupuesto aprobado originalmente,,,Mendata,%,Mendata,114.98,85.02
2022,Gasto liquidado de las administraciones locales en proporción al presupuesto aprobado originalmente,,,Mendata,%,Mendata,116.33,83.67
2012,Gasto liquidado de las administraciones locales en proporción al presupuesto aprobado originalmente,,,Mendata,%,Mendata,103.77,96.23
2014,Gasto liquidado de las administraciones locales en proporción al presupuesto aprobado originalmente,,,Mendexa,%,Mendexa,103.35,96.65
2010,Gasto liquidado de las administraciones locales en proporción al presupuesto aprobado originalmente,,,Mendexa,%,Mendexa,110.29,89.71
2022,Gasto liquidado de las administraciones locales en proporción al presupuesto aprobado originalmente,,,Mendexa,%,Mendexa,103.23,96.77
2012,Gasto liquidado de las administraciones locales en proporción al presupuesto aprobado originalmente,,,Mendexa,%,Mendexa,104.2,104.2
2011,Gasto liquidado de las administraciones locales en proporción al presupuesto aprobado originalmente,,,Mendexa,%,Mendexa,124.24,124.24
2013,Gasto liquidado de las administraciones locales en proporción al presupuesto aprobado originalmente,,,Mendexa,%,Mendexa,109.27,109.27
2015,Gasto liquidado de las administraciones locales en proporción al presupuesto aprobado originalmente,,,Mendexa,%,Mendexa,141.41,141.41
2019,Gasto liquidado de las administraciones locales en proporción al presupuesto aprobado originalmente,,,Mendexa,%,Mendexa,100.95,100.95
2023,Gasto liquidado de las administraciones locales en proporción al presupuesto aprobado originalmente,,,Mendexa,%,Mendexa,127.66,127.66
2021,Gasto liquidado de las administraciones locales en proporción al presupuesto aprobado originalmente,,,Mendexa,%,Mendexa,107.88,92.12
2020,Gasto liquidado de las administraciones locales en proporción al presupuesto aprobado originalmente,,,Mendexa,%,Mendexa,112.55,87.45
2018,Gasto liquidado de las administraciones locales en proporción al presupuesto aprobado originalmente,,,Mendexa,%,Mendexa,101.18,98.82
2016,Gasto liquidado de las administraciones locales en proporción al presupuesto aprobado originalmente,,,Mendexa,%,Mendexa,110.37,110.37
2017,Gasto liquidado de las administraciones locales en proporción al presupuesto aprobado originalmente,,,Mendexa,%,Mendexa,101.79,101.79
2013,Gasto liquidado de las administraciones locales en proporción al presupuesto aprobado originalmente,,,Meñaka,%,Meñaka,105.43,94.57
2018,Gasto liquidado de las administraciones locales en proporción al presupuesto aprobado originalmente,,,Meñaka,%,Meñaka,109.42,109.42
2010,Gasto liquidado de las administraciones locales en proporción al presupuesto aprobado originalmente,,,Meñaka,%,Meñaka,130.8,69.2
2020,Gasto liquidado de las administraciones locales en proporción al presupuesto aprobado originalmente,,,Meñaka,%,Meñaka,110.77,110.77
2016,Gasto liquidado de las administraciones locales en proporción al presupuesto aprobado originalmente,,,Meñaka,%,Meñaka,106.72,93.28
2014,Gasto liquidado de las administraciones locales en proporción al presupuesto aprobado originalmente,,,Meñaka,%,Meñaka,107.92,92.08
2022,Gasto liquidado de las administraciones locales en proporción al presupuesto aprobado originalmente,,,Meñaka,%,Meñaka,115.65,84.35
2011,Gasto liquidado de las administraciones locales en proporción al presupuesto aprobado originalmente,,,Meñaka,%,Meñaka,147.82,52.18
2015,Gasto liquidado de las administraciones locales en proporción al presupuesto aprobado originalmente,,,Meñaka,%,Meñaka,115.21,115.21
2017,Gasto liquidado de las administraciones locales en proporción al presupuesto aprobado originalmente,,,Meñaka,%,Meñaka,103.81,96.19
2019,Gasto liquidado de las administraciones locales en proporción al presupuesto aprobado originalmente,,,Meñaka,%,Meñaka,114.08,85.92
2021,Gasto liquidado de las administraciones locales en proporción al presupuesto aprobado originalmente,,,Meñaka,%,Meñaka,103.78,96.22
2023,Gasto liquidado de las administraciones locales en proporción al presupuesto aprobado originalmente,,,Meñaka,%,Meñaka,103.79,103.79
2012,Gasto liquidado de las administraciones locales en proporción al presupuesto aprobado originalmente,,,Meñaka,%,Meñaka,102.08,97.92
2022,Gasto liquidado de las administraciones locales en proporción al presupuesto aprobado originalmente,,,Moreda de Álava/Moreda Araba,%,Moreda de Álava/Moreda Araba,146.43,53.57
2018,Gasto liquidado de las administraciones locales en proporción al presupuesto aprobado originalmente,,,Moreda de Álava/Moreda Araba,%,Moreda de Álava/Moreda Araba,170.17000000000002,29.83
2016,Gasto liquidado de las administraciones locales en proporción al presupuesto aprobado originalmente,,,Moreda de Álava/Moreda Araba,%,Moreda de Álava/Moreda Araba,201.95,201.95
2011,Gasto liquidado de las administraciones locales en proporción al presupuesto aprobado originalmente,,,Moreda de Álava/Moreda Araba,%,Moreda de Álava/Moreda Araba,403.34,403.34
2013,Gasto liquidado de las administraciones locales en proporción al presupuesto aprobado originalmente,,,Moreda de Álava/Moreda Araba,%,Moreda de Álava/Moreda Araba,122.77,122.77
2017,Gasto liquidado de las administraciones locales en proporción al presupuesto aprobado originalmente,,,Moreda de Álava/Moreda Araba,%,Moreda de Álava/Moreda Araba,108.68,91.32
2010,Gasto liquidado de las administraciones locales en proporción al presupuesto aprobado originalmente,,,Moreda de Álava/Moreda Araba,%,Moreda de Álava/Moreda Araba,280.92,280.92
2012,Gasto liquidado de las administraciones locales en proporción al presupuesto aprobado originalmente,,,Moreda de Álava/Moreda Araba,%,Moreda de Álava/Moreda Araba,214.79,214.79
2014,Gasto liquidado de las administraciones locales en proporción al presupuesto aprobado originalmente,,,Moreda de Álava/Moreda Araba,%,Moreda de Álava/Moreda Araba,185.07,185.07
2015,Gasto liquidado de las administraciones locales en proporción al presupuesto aprobado originalmente,,,Moreda de Álava/Moreda Araba,%,Moreda de Álava/Moreda Araba,106.65,93.35
2019,Gasto liquidado de las administraciones locales en proporción al presupuesto aprobado originalmente,,,Moreda de Álava/Moreda Araba,%,Moreda de Álava/Moreda Araba,104.59,95.41
2023,Gasto liquidado de las administraciones locales en proporción al presupuesto aprobado originalmente,,,Moreda de Álava/Moreda Araba,%,Moreda de Álava/Moreda Araba,108.65,91.35
2021,Gasto liquidado de las administraciones locales en proporción al presupuesto aprobado originalmente,,,Moreda de Álava/Moreda Araba,%,Moreda de Álava/Moreda Araba,172.26999999999998,27.73
2020,Gasto liquidado de las administraciones locales en proporción al presupuesto aprobado originalmente,,,Moreda de Álava/Moreda Araba,%,Moreda de Álava/Moreda Araba,112.42,87.58
2016,Gasto liquidado de las administraciones locales en proporción al presupuesto aprobado originalmente,,,Morga,%,Morga,112.04,87.96
2014,Gasto liquidado de las administraciones locales en proporción al presupuesto aprobado originalmente,,,Morga,%,Morga,108.93,91.07
2020,Gasto liquidado de las administraciones locales en proporción al presupuesto aprobado originalmente,,,Morga,%,Morga,124.25,75.75
2012,Gasto liquidado de las administraciones locales en proporción al presupuesto aprobado originalmente,,,Morga,%,Morga,108.38,91.62
2010,Gasto liquidado de las administraciones locales en proporción al presupuesto aprobado originalmente,,,Morga,%,Morga,107.11,107.11
2018,Gasto liquidado de las administraciones locales en proporción al presupuesto aprobado originalmente,,,Morga,%,Morga,109.67,90.33
2011,Gasto liquidado de las administraciones locales en proporción al presupuesto aprobado originalmente,,,Morga,%,Morga,103.91,103.91
2015,Gasto liquidado de las administraciones locales en proporción al presupuesto aprobado originalmente,,,Morga,%,Morga,121.72,121.72
2017,Gasto liquidado de las administraciones locales en proporción al presupuesto aprobado originalmente,,,Morga,%,Morga,109.54,109.54
2019,Gasto liquidado de las administraciones locales en proporción al presupuesto aprobado originalmente,,,Morga,%,Morga,109.31,109.31
2023,Gasto liquidado de las administraciones locales en proporción al presupuesto aprobado originalmente,,,Morga,%,Morga,167.5,167.5
2013,Gasto liquidado de las administraciones locales en proporción al presupuesto aprobado originalmente,,,Morga,%,Morga,113.34,86.66
2022,Gasto liquidado de las administraciones locales en proporción al presupuesto aprobado originalmente,,,Morga,%,Morga,118.2,118.2
2021,Gasto liquidado de las administraciones locales en proporción al presupuesto aprobado originalmente,,,Morga,%,Morga,136.47,136.47
2021,Gasto liquidado de las administraciones locales en proporción al presupuesto aprobado originalmente,,,Mundaka,%,Mundaka,117.49,82.51
2013,Gasto liquidado de las administraciones locales en proporción al presupuesto aprobado originalmente,,,Mundaka,%,Mundaka,127.96,127.96
2012,Gasto liquidado de las administraciones locales en proporción al presupuesto aprobado originalmente,,,Mundaka,%,Mundaka,116.34,116.34
2020,Gasto liquidado de las administraciones locales en proporción al presupuesto aprobado originalmente,,,Mundaka,%,Mundaka,121.23,78.77
2010,Gasto liquidado de las administraciones locales en proporción al presupuesto aprobado originalmente,,,Mundaka,%,Mundaka,144.9,144.9
2018,Gasto liquidado de las administraciones locales en proporción al presupuesto aprobado originalmente,,,Mundaka,%,Mundaka,120.1,79.9
2016,Gasto liquidado de las administraciones locales en proporción al presupuesto aprobado originalmente,,,Mundaka,%,Mundaka,115.07,84.93
2014,Gasto liquidado de las administraciones locales en proporción al presupuesto aprobado originalmente,,,Mundaka,%,Mundaka,103.62,103.62
2022,Gasto liquidado de las administraciones locales en proporción al presupuesto aprobado originalmente,,,Mundaka,%,Mundaka,118.17,81.83
2011,Gasto liquidado de las administraciones locales en proporción al presupuesto aprobado originalmente,,,Mundaka,%,Mundaka,121.0,121.0
2015,Gasto liquidado de las administraciones locales en proporción al presupuesto aprobado originalmente,,,Mundaka,%,Mundaka,102.88,102.88
2017,Gasto liquidado de las administraciones locales en proporción al presupuesto aprobado originalmente,,,Mundaka,%,Mundaka,114.37,85.63
2019,Gasto liquidado de las administraciones locales en proporción al presupuesto aprobado originalmente,,,Mundaka,%,Mundaka,117.01,82.99
2023,Gasto liquidado de las administraciones locales en proporción al presupuesto aprobado originalmente,,,Mundaka,%,Mundaka,116.02,83.98
2016,Gasto liquidado de las administraciones locales en proporción al presupuesto aprobado originalmente,,,Mungia,%,Mungia,105.09,105.09
2010,Gasto liquidado de las administraciones locales en proporción al presupuesto aprobado originalmente,,,Mungia,%,Mungia,111.8,111.8
2022,Gasto liquidado de las administraciones locales en proporción al presupuesto aprobado originalmente,,,Mungia,%,Mungia,121.48,121.48
2014,Gasto liquidado de las administraciones locales en proporción al presupuesto aprobado originalmente,,,Mungia,%,Mungia,115.5,115.5
2018,Gasto liquidado de las administraciones locales en proporción al presupuesto aprobado originalmente,,,Mungia,%,Mungia,101.23,98.77
2012,Gasto liquidado de las administraciones locales en proporción al presupuesto aprobado originalmente,,,Mungia,%,Mungia,103.33,103.33
2020,Gasto liquidado de las administraciones locales en proporción al presupuesto aprobado originalmente,,,Mungia,%,Mungia,108.71,91.29
2011,Gasto liquidado de las administraciones locales en proporción al presupuesto aprobado originalmente,,,Mungia,%,Mungia,102.67,102.67
2013,Gasto liquidado de las administraciones locales en proporción al presupuesto aprobado originalmente,,,Mungia,%,Mungia,108.18,108.18
2015,Gasto liquidado de las administraciones locales en proporción al presupuesto aprobado originalmente,,,Mungia,%,Mungia,108.78,108.78
2017,Gasto liquidado de las administraciones locales en proporción al presupuesto aprobado originalmente,,,Mungia,%,Mungia,109.86,109.86
2019,Gasto liquidado de las administraciones locales en proporción al presupuesto aprobado originalmente,,,Mungia,%,Mungia,109.89,90.11
2021,Gasto liquidado de las administraciones locales en proporción al presupuesto aprobado originalmente,,,Mungia,%,Mungia,101.52,101.52
2023,Gasto liquidado de las administraciones locales en proporción al presupuesto aprobado originalmente,,,Mungia,%,Mungia,100.18,99.82
2013,Gasto liquidado de las administraciones locales en proporción al presupuesto aprobado originalmente,,,Munitibar-Arbatzegi Gerrikaitz,%,Munitibar-Arbatzegi Gerrikaitz,105.59,94.41
2011,Gasto liquidado de las administraciones locales en proporción al presupuesto aprobado originalmente,,,Munitibar-Arbatzegi Gerrikaitz,%,Munitibar-Arbatzegi Gerrikaitz,117.9,82.1
2021,Gasto liquidado de las administraciones locales en proporción al presupuesto aprobado originalmente,,,Munitibar-Arbatzegi Gerrikaitz,%,Munitibar-Arbatzegi Gerrikaitz,119.18,80.82
2015,Gasto liquidado de las administraciones locales en proporción al presupuesto aprobado originalmente,,,Munitibar-Arbatzegi Gerrikaitz,%,Munitibar-Arbatzegi Gerrikaitz,109.03,90.97
2023,Gasto liquidado de las administraciones locales en proporción al presupuesto aprobado originalmente,,,Munitibar-Arbatzegi Gerrikaitz,%,Munitibar-Arbatzegi Gerrikaitz,113.47,113.47
2010,Gasto liquidado de las administraciones locales en proporción al presupuesto aprobado originalmente,,,Munitibar-Arbatzegi Gerrikaitz,%,Munitibar-Arbatzegi Gerrikaitz,105.97,105.97
2012,Gasto liquidado de las administraciones locales en proporción al presupuesto aprobado originalmente,,,Munitibar-Arbatzegi Gerrikaitz,%,Munitibar-Arbatzegi Gerrikaitz,101.81,98.19
2014,Gasto liquidado de las administraciones locales en proporción al presupuesto aprobado originalmente,,,Munitibar-Arbatzegi Gerrikaitz,%,Munitibar-Arbatzegi Gerrikaitz,117.24,82.76
2016,Gasto liquidado de las administraciones locales en proporción al presupuesto aprobado originalmente,,,Munitibar-Arbatzegi Gerrikaitz,%,Munitibar-Arbatzegi Gerrikaitz,110.45,89.55
2018,Gasto liquidado de las administraciones locales en proporción al presupuesto aprobado originalmente,,,Munitibar-Arbatzegi Gerrikaitz,%,Munitibar-Arbatzegi Gerrikaitz,115.74,84.26
2020,Gasto liquidado de las administraciones locales en proporción al presupuesto aprobado originalmente,,,Munitibar-Arbatzegi Gerrikaitz,%,Munitibar-Arbatzegi Gerrikaitz,128.68,71.32
2022,Gasto liquidado de las administraciones locales en proporción al presupuesto aprobado originalmente,,,Munitibar-Arbatzegi Gerrikaitz,%,Munitibar-Arbatzegi Gerrikaitz,117.82,82.18
2019,Gasto liquidado de las administraciones locales en proporción al presupuesto aprobado originalmente,,,Munitibar-Arbatzegi Gerrikaitz,%,Munitibar-Arbatzegi Gerrikaitz,146.66,53.34
2017,Gasto liquidado de las administraciones locales en proporción al presupuesto aprobado originalmente,,,Munitibar-Arbatzegi Gerrikaitz,%,Munitibar-Arbatzegi Gerrikaitz,106.49,93.51
2023,Gasto liquidado de las administraciones locales en proporción al presupuesto aprobado originalmente,,,Murueta,%,Murueta,102.01,97.99
2014,Gasto liquidado de las administraciones locales en proporción al presupuesto aprobado originalmente,,,Murueta,%,Murueta,100.2,100.2
2019,Gasto liquidado de las administraciones locales en proporción al presupuesto aprobado originalmente,,,Murueta,%,Murueta,110.9,110.9
2015,Gasto liquidado de las administraciones locales en proporción al presupuesto aprobado originalmente,,,Murueta,%,Murueta,117.75,82.25
2017,Gasto liquidado de las administraciones locales en proporción al presupuesto aprobado originalmente,,,Murueta,%,Murueta,106.42,93.58
2018,Gasto liquidado de las administraciones locales en proporción al presupuesto aprobado originalmente,,,Murueta,%,Murueta,104.37,104.37
2022,Gasto liquidado de las administraciones locales en proporción al presupuesto aprobado originalmente,,,Murueta,%,Murueta,122.19,122.19
2010,Gasto liquidado de las administraciones locales en proporción al presupuesto aprobado originalmente,,,Murueta,%,Murueta,125.86,125.86
2013,Gasto liquidado de las administraciones locales en proporción al presupuesto aprobado originalmente,,,Murueta,%,Murueta,135.62,135.62
2016,Gasto liquidado de las administraciones locales en proporción al presupuesto aprobado originalmente,,,Murueta,%,Murueta,101.42,98.58
2012,Gasto liquidado de las administraciones locales en proporción al presupuesto aprobado originalmente,,,Murueta,%,Murueta,120.33,79.67
2020,Gasto liquidado de las administraciones locales en proporción al presupuesto aprobado originalmente,,,Murueta,%,Murueta,121.04,78.96
2011,Gasto liquidado de las administraciones locales en proporción al presupuesto aprobado originalmente,,,Murueta,%,Murueta,139.47,139.47
2021,Gasto liquidado de las administraciones locales en proporción al presupuesto aprobado originalmente,,,Murueta,%,Murueta,102.04,97.96
2016,Gasto liquidado de las administraciones locales en proporción al presupuesto aprobado originalmente,,,Muskiz,%,Muskiz,110.47,110.47
2018,Gasto liquidado de las administraciones locales en proporción al presupuesto aprobado originalmente,,,Muskiz,%,Muskiz,105.56,105.56
2010,Gasto liquidado de las administraciones locales en proporción al presupuesto aprobado originalmente,,,Muskiz,%,Muskiz,105.04,105.04
2020,Gasto liquidado de las administraciones locales en proporción al presupuesto aprobado originalmente,,,Muskiz,%,Muskiz,101.27,98.73
2014,Gasto liquidado de las administraciones locales en proporción al presupuesto aprobado originalmente,,,Muskiz,%,Muskiz,129.22,129.22
2011,Gasto liquidado de las administraciones locales en proporción al presupuesto aprobado originalmente,,,Muskiz,%,Muskiz,101.38,101.38
2013,Gasto liquidado de las administraciones locales en proporción al presupuesto aprobado originalmente,,,Muskiz,%,Muskiz,125.92,125.92
2015,Gasto liquidado de las administraciones locales en proporción al presupuesto aprobado originalmente,,,Muskiz,%,Muskiz,125.79,125.79
2019,Gasto liquidado de las administraciones locales en proporción al presupuesto aprobado originalmente,,,Muskiz,%,Muskiz,125.92,125.92
2021,Gasto liquidado de las administraciones locales en proporción al presupuesto aprobado originalmente,,,Muskiz,%,Muskiz,101.02,98.98
2023,Gasto liquidado de las administraciones locales en proporción al presupuesto aprobado originalmente,,,Muskiz,%,Muskiz,103.03,103.03
2017,Gasto liquidado de las administraciones locales en proporción al presupuesto aprobado originalmente,,,Muskiz,%,Muskiz,107.43,107.43
2022,Gasto liquidado de las administraciones locales en proporción al presupuesto aprobado originalmente,,,Muskiz,%,Muskiz,112.33,87.67
2012,Gasto liquidado de las administraciones locales en proporción al presupuesto aprobado originalmente,,,Muskiz,%,Muskiz,109.71,109.71
2019,Gasto liquidado de las administraciones locales en proporción al presupuesto aprobado originalmente,,,Mutiloa,%,Mutiloa,267.52,267.52
2016,Gasto liquidado de las administraciones locales en proporción al presupuesto aprobado originalmente,,,Mutiloa,%,Mutiloa,108.59,108.59
2018,Gasto liquidado de las administraciones locales en proporción al presupuesto aprobado originalmente,,,Mutiloa,%,Mutiloa,125.07,125.07
2022,Gasto liquidado de las administraciones locales en proporción al presupuesto aprobado originalmente,,,Mutiloa,%,Mutiloa,106.6,106.6
2017,Gasto liquidado de las administraciones locales en proporción al presupuesto aprobado originalmente,,,Mutiloa,%,Mutiloa,120.09,120.09
2020,Gasto liquidado de las administraciones locales en proporción al presupuesto aprobado originalmente,,,Mutiloa,%,Mutiloa,122.85,77.15
2021,Gasto liquidado de las administraciones locales en proporción al presupuesto aprobado originalmente,,,Mutiloa,%,Mutiloa,129.57,129.57
2010,Gasto liquidado de las administraciones locales en proporción al presupuesto aprobado originalmente,,,Mutiloa,%,Mutiloa,141.76,141.76
2011,Gasto liquidado de las administraciones locales en proporción al presupuesto aprobado originalmente,,,Mutiloa,%,Mutiloa,110.69,110.69
2013,Gasto liquidado de las administraciones locales en proporción al presupuesto aprobado originalmente,,,Mutiloa,%,Mutiloa,110.82,89.18
2014,Gasto liquidado de las administraciones locales en proporción al presupuesto aprobado originalmente,,,Mutiloa,%,Mutiloa,100.14,100.14
2015,Gasto liquidado de las administraciones locales en proporción al presupuesto aprobado originalmente,,,Mutiloa,%,Mutiloa,103.16,96.84
2012,Gasto liquidado de las administraciones locales en proporción al presupuesto aprobado originalmente,,,Mutiloa,%,Mutiloa,100.37,100.37
2023,Gasto liquidado de las administraciones locales en proporción al presupuesto aprobado originalmente,,,Mutiloa,%,Mutiloa,130.89,69.11
2012,Gasto liquidado de las administraciones locales en proporción al presupuesto aprobado originalmente,,,Mutriku,%,Mutriku,104.56,95.44
2019,Gasto liquidado de las administraciones locales en proporción al presupuesto aprobado originalmente,,,Mutriku,%,Mutriku,112.97,87.03
2016,Gasto liquidado de las administraciones locales en proporción al presupuesto aprobado originalmente,,,Mutriku,%,Mutriku,104.98,95.02
2017,Gasto liquidado de las administraciones locales en proporción al presupuesto aprobado originalmente,,,Mutriku,%,Mutriku,102.95,97.05
2020,Gasto liquidado de las administraciones locales en proporción al presupuesto aprobado originalmente,,,Mutriku,%,Mutriku,104.8,95.2
2013,Gasto liquidado de las administraciones locales en proporción al presupuesto aprobado originalmente,,,Mutriku,%,Mutriku,100.07,100.07
2010,Gasto liquidado de las administraciones locales en proporción al presupuesto aprobado originalmente,,,Mutriku,%,Mutriku,111.52,88.48
2011,Gasto liquidado de las administraciones locales en proporción al presupuesto aprobado originalmente,,,Mutriku,%,Mutriku,101.87,101.87
2021,Gasto liquidado de las administraciones locales en proporción al presupuesto aprobado originalmente,,,Mutriku,%,Mutriku,100.78,100.78
2014,Gasto liquidado de las administraciones locales en proporción al presupuesto aprobado originalmente,,,Mutriku,%,Mutriku,103.65,96.35
2015,Gasto liquidado de las administraciones locales en proporción al presupuesto aprobado originalmente,,,Mutriku,%,Mutriku,102.9,97.1
2018,Gasto liquidado de las administraciones locales en proporción al presupuesto aprobado originalmente,,,Mutriku,%,Mutriku,105.14,94.86
2022,Gasto liquidado de las administraciones locales en proporción al presupuesto aprobado originalmente,,,Mutriku,%,Mutriku,108.96,91.04
2023,Gasto liquidado de las administraciones locales en proporción al presupuesto aprobado originalmente,,,Mutriku,%,Mutriku,122.33,122.33
2017,Gasto liquidado de las administraciones locales en proporción al presupuesto aprobado originalmente,,,Muxika,%,Muxika,114.47,114.47
2020,Gasto liquidado de las administraciones locales en proporción al presupuesto aprobado originalmente,,,Muxika,%,Muxika,112.1,87.9
2010,Gasto liquidado de las administraciones locales en proporción al presupuesto aprobado originalmente,,,Muxika,%,Muxika,105.26,105.26
2022,Gasto liquidado de las administraciones locales en proporción al presupuesto aprobado originalmente,,,Muxika,%,Muxika,118.2,118.2
2018,Gasto liquidado de las administraciones locales en proporción al presupuesto aprobado originalmente,,,Muxika,%,Muxika,102.65,102.65
2016,Gasto liquidado de las administraciones locales en proporción al presupuesto aprobado originalmente,,,Muxika,%,Muxika,103.48,96.52
2014,Gasto liquidado de las administraciones locales en proporción al presupuesto aprobado originalmente,,,Muxika,%,Muxika,135.3,135.3
2012,Gasto liquidado de las administraciones locales en proporción al presupuesto aprobado originalmente,,,Muxika,%,Muxika,104.77,104.77
2011,Gasto liquidado de las administraciones locales en proporción al presupuesto aprobado originalmente,,,Muxika,%,Muxika,131.83,131.83
2013,Gasto liquidado de las administraciones locales en proporción al presupuesto aprobado originalmente,,,Muxika,%,Muxika,126.86,126.86
2015,Gasto liquidado de las administraciones locales en proporción al presupuesto aprobado originalmente,,,Muxika,%,Muxika,106.42,106.42
2019,Gasto liquidado de las administraciones locales en proporción al presupuesto aprobado originalmente,,,Muxika,%,Muxika,111.37,111.37
2021,Gasto liquidado de las administraciones locales en proporción al presupuesto aprobado originalmente,,,Muxika,%,Muxika,116.99,116.99
2023,Gasto liquidado de las administraciones locales en proporción al presupuesto aprobado originalmente,,,Muxika,%,Muxika,145.66,145.66
2011,Gasto liquidado de las administraciones locales en proporción al presupuesto aprobado originalmente,,,Nabarniz,%,Nabarniz,109.49,109.49
2016,Gasto liquidado de las administraciones locales en proporción al presupuesto aprobado originalmente,,,Nabarniz,%,Nabarniz,103.46,96.54
2021,Gasto liquidado de las administraciones locales en proporción al presupuesto aprobado originalmente,,,Nabarniz,%,Nabarniz,110.37,110.37
2019,Gasto liquidado de las administraciones locales en proporción al presupuesto aprobado originalmente,,,Nabarniz,%,Nabarniz,121.77,121.77
2022,Gasto liquidado de las administraciones locales en proporción al presupuesto aprobado originalmente,,,Nabarniz,%,Nabarniz,110.21,110.21
2018,Gasto liquidado de las administraciones locales en proporción al presupuesto aprobado originalmente,,,Nabarniz,%,Nabarniz,104.12,95.88
2020,Gasto liquidado de las administraciones locales en proporción al presupuesto aprobado originalmente,,,Nabarniz,%,Nabarniz,112.11,87.89
2017,Gasto liquidado de las administraciones locales en proporción al presupuesto aprobado originalmente,,,Nabarniz,%,Nabarniz,106.89,106.89
2014,Gasto liquidado de las administraciones locales en proporción al presupuesto aprobado originalmente,,,Nabarniz,%,Nabarniz,102.53,97.47
2012,Gasto liquidado de las administraciones locales en proporción al presupuesto aprobado originalmente,,,Nabarniz,%,Nabarniz,110.93,110.93
2010,Gasto liquidado de las administraciones locales en proporción al presupuesto aprobado originalmente,,,Nabarniz,%,Nabarniz,117.15,82.85
2013,Gasto liquidado de las administraciones locales en proporción al presupuesto aprobado originalmente,,,Nabarniz,%,Nabarniz,114.39,85.61
2015,Gasto liquidado de las administraciones locales en proporción al presupuesto aprobado originalmente,,,Nabarniz,%,Nabarniz,112.52,112.52
2023,Gasto liquidado de las administraciones locales en proporción al presupuesto aprobado originalmente,,,Nabarniz,%,Nabarniz,110.54,110.54
2012,Gasto liquidado de las administraciones locales en proporción al presupuesto aprobado originalmente,,,Navaridas,%,Navaridas,111.8,88.2
2010,Gasto liquidado de las administraciones locales en proporción al presupuesto aprobado originalmente,,,Navaridas,%,Navaridas,154.63,154.63
2015,Gasto liquidado de las administraciones locales en proporción al presupuesto aprobado originalmente,,,Navaridas,%,Navaridas,172.93,172.93
2019,Gasto liquidado de las administraciones locales en proporción al presupuesto aprobado originalmente,,,Navaridas,%,Navaridas,138.56,61.44
2022,Gasto liquidado de las administraciones locales en proporción al presupuesto aprobado originalmente,,,Navaridas,%,Navaridas,123.13,76.87
2013,Gasto liquidado de las administraciones locales en proporción al presupuesto aprobado originalmente,,,Navaridas,%,Navaridas,122.45,122.45
2014,Gasto liquidado de las administraciones locales en proporción al presupuesto aprobado originalmente,,,Navaridas,%,Navaridas,158.98,158.98
2023,Gasto liquidado de las administraciones locales en proporción al presupuesto aprobado originalmente,,,Navaridas,%,Navaridas,114.7,114.7
2021,Gasto liquidado de las administraciones locales en proporción al presupuesto aprobado originalmente,,,Navaridas,%,Navaridas,119.9,80.1
2017,Gasto liquidado de las administraciones locales en proporción al presupuesto aprobado originalmente,,,Navaridas,%,Navaridas,218.51,218.51
2011,Gasto liquidado de las administraciones locales en proporción al presupuesto aprobado originalmente,,,Navaridas,%,Navaridas,432.2,432.2
2016,Gasto liquidado de las administraciones locales en proporción al presupuesto aprobado originalmente,,,Navaridas,%,Navaridas,116.58,83.42
2018,Gasto liquidado de las administraciones locales en proporción al presupuesto aprobado originalmente,,,Navaridas,%,Navaridas,102.45,102.45
2020,Gasto liquidado de las administraciones locales en proporción al presupuesto aprobado originalmente,,,Navaridas,%,Navaridas,102.75,97.25
2010,Gasto liquidado de las administraciones locales en proporción al presupuesto aprobado originalmente,,,Oiartzun,%,Oiartzun,101.57,101.57
2013,Gasto liquidado de las administraciones locales en proporción al presupuesto aprobado originalmente,,,Oiartzun,%,Oiartzun,102.09,97.91
2017,Gasto liquidado de las administraciones locales en proporción al presupuesto aprobado originalmente,,,Oiartzun,%,Oiartzun,101.57,101.57
2018,Gasto liquidado de las administraciones locales en proporción al presupuesto aprobado originalmente,,,Oiartzun,%,Oiartzun,106.29,106.29
2021,Gasto liquidado de las administraciones locales en proporción al presupuesto aprobado originalmente,,,Oiartzun,%,Oiartzun,105.24,105.24
2014,Gasto liquidado de las administraciones locales en proporción al presupuesto aprobado originalmente,,,Oiartzun,%,Oiartzun,108.55,91.45
2011,Gasto liquidado de las administraciones locales en proporción al presupuesto aprobado originalmente,,,Oiartzun,%,Oiartzun,110.42,110.42
2012,Gasto liquidado de las administraciones locales en proporción al presupuesto aprobado originalmente,,,Oiartzun,%,Oiartzun,104.97,95.03
2022,Gasto liquidado de las administraciones locales en proporción al presupuesto aprobado originalmente,,,Oiartzun,%,Oiartzun,131.99,131.99
2015,Gasto liquidado de las administraciones locales en proporción al presupuesto aprobado originalmente,,,Oiartzun,%,Oiartzun,101.07,98.93
2016,Gasto liquidado de las administraciones locales en proporción al presupuesto aprobado originalmente,,,Oiartzun,%,Oiartzun,102.03,97.97
2019,Gasto liquidado de las administraciones locales en proporción al presupuesto aprobado originalmente,,,Oiartzun,%,Oiartzun,100.59,99.41
2020,Gasto liquidado de las administraciones locales en proporción al presupuesto aprobado originalmente,,,Oiartzun,%,Oiartzun,100.84,99.16
2023,Gasto liquidado de las administraciones locales en proporción al presupuesto aprobado originalmente,,,Oiartzun,%,Oiartzun,116.66,116.66
2023,Gasto liquidado de las administraciones locales en proporción al presupuesto aprobado originalmente,,,Okondo,%,Okondo,142.78,142.78
2012,Gasto liquidado de las administraciones locales en proporción al presupuesto aprobado originalmente,,,Okondo,%,Okondo,138.38,138.38
2011,Gasto liquidado de las administraciones locales en proporción al presupuesto aprobado originalmente,,,Okondo,%,Okondo,116.03,116.03
2015,Gasto liquidado de las administraciones locales en proporción al presupuesto aprobado originalmente,,,Okondo,%,Okondo,108.98,91.02
2016,Gasto liquidado de las administraciones locales en proporción al presupuesto aprobado originalmente,,,Okondo,%,Okondo,109.9,90.1
2020,Gasto liquidado de las administraciones locales en proporción al presupuesto aprobado originalmente,,,Okondo,%,Okondo,120.74,79.26
2017,Gasto liquidado de las administraciones locales en proporción al presupuesto aprobado originalmente,,,Okondo,%,Okondo,157.94,157.94
2010,Gasto liquidado de las administraciones locales en proporción al presupuesto aprobado originalmente,,,Okondo,%,Okondo,133.65,133.65
2013,Gasto liquidado de las administraciones locales en proporción al presupuesto aprobado originalmente,,,Okondo,%,Okondo,105.79,105.79
2014,Gasto liquidado de las administraciones locales en proporción al presupuesto aprobado originalmente,,,Okondo,%,Okondo,110.23,110.23
2019,Gasto liquidado de las administraciones locales en proporción al presupuesto aprobado originalmente,,,Okondo,%,Okondo,144.51,144.51
2018,Gasto liquidado de las administraciones locales en proporción al presupuesto aprobado originalmente,,,Okondo,%,Okondo,104.83,95.17
2021,Gasto liquidado de las administraciones locales en proporción al presupuesto aprobado originalmente,,,Okondo,%,Okondo,108.05,108.05
2022,Gasto liquidado de las administraciones locales en proporción al presupuesto aprobado originalmente,,,Okondo,%,Okondo,106.71,106.71
2012,Gasto liquidado de las administraciones locales en proporción al presupuesto aprobado originalmente,,,Olaberria,%,Olaberria,114.34,85.66
2013,Gasto liquidado de las administraciones locales en proporción al presupuesto aprobado originalmente,,,Olaberria,%,Olaberria,121.94,121.94
2016,Gasto liquidado de las administraciones locales en proporción al presupuesto aprobado originalmente,,,Olaberria,%,Olaberria,139.96,139.96
2020,Gasto liquidado de las administraciones locales en proporción al presupuesto aprobado originalmente,,,Olaberria,%,Olaberria,103.68,103.68
2021,Gasto liquidado de las administraciones locales en proporción al presupuesto aprobado originalmente,,,Olaberria,%,Olaberria,103.37,96.63
2017,Gasto liquidado de las administraciones locales en proporción al presupuesto aprobado originalmente,,,Olaberria,%,Olaberria,113.76,113.76
2010,Gasto liquidado de las administraciones locales en proporción al presupuesto aprobado originalmente,,,Olaberria,%,Olaberria,114.29,114.29
2011,Gasto liquidado de las administraciones locales en proporción al presupuesto aprobado originalmente,,,Olaberria,%,Olaberria,109.46,109.46
2014,Gasto liquidado de las administraciones locales en proporción al presupuesto aprobado originalmente,,,Olaberria,%,Olaberria,112.06,112.06
2015,Gasto liquidado de las administraciones locales en proporción al presupuesto aprobado originalmente,,,Olaberria,%,Olaberria,102.24,102.24
2018,Gasto liquidado de las administraciones locales en proporción al presupuesto aprobado originalmente,,,Olaberria,%,Olaberria,110.36,110.36
2019,Gasto liquidado de las administraciones locales en proporción al presupuesto aprobado originalmente,,,Olaberria,%,Olaberria,139.39,139.39
2022,Gasto liquidado de las administraciones locales en proporción al presupuesto aprobado originalmente,,,Olaberria,%,Olaberria,102.23,102.23
2023,Gasto liquidado de las administraciones locales en proporción al presupuesto aprobado originalmente,,,Olaberria,%,Olaberria,104.22,104.22
2013,Gasto liquidado de las administraciones locales en proporción al presupuesto aprobado originalmente,,,Ondarroa,%,Ondarroa,103.8,96.2
2018,Gasto liquidado de las administraciones locales en proporción al presupuesto aprobado originalmente,,,Ondarroa,%,Ondarroa,100.51,99.49
2017,Gasto liquidado de las administraciones locales en proporción al presupuesto aprobado originalmente,,,Ondarroa,%,Ondarroa,104.79,104.79
2022,Gasto liquidado de las administraciones locales en proporción al presupuesto aprobado originalmente,,,Ondarroa,%,Ondarroa,105.3,94.7
2020,Gasto liquidado de las administraciones locales en proporción al presupuesto aprobado originalmente,,,Ondarroa,%,Ondarroa,122.94,77.06
2012,Gasto liquidado de las administraciones locales en proporción al presupuesto aprobado originalmente,,,Ondarroa,%,Ondarroa,103.23,96.77
2014,Gasto liquidado de las administraciones locales en proporción al presupuesto aprobado originalmente,,,Ondarroa,%,Ondarroa,107.84,92.16
2010,Gasto liquidado de las administraciones locales en proporción al presupuesto aprobado originalmente,,,Ondarroa,%,Ondarroa,105.75,105.75
2011,Gasto liquidado de las administraciones locales en proporción al presupuesto aprobado originalmente,,,Ondarroa,%,Ondarroa,103.47,103.47
2015,Gasto liquidado de las administraciones locales en proporción al presupuesto aprobado originalmente,,,Ondarroa,%,Ondarroa,107.5,92.5
2019,Gasto liquidado de las administraciones locales en proporción al presupuesto aprobado originalmente,,,Ondarroa,%,Ondarroa,118.61,118.61
2021,Gasto liquidado de las administraciones locales en proporción al presupuesto aprobado originalmente,,,Ondarroa,%,Ondarroa,104.93,95.07
2023,Gasto liquidado de las administraciones locales en proporción al presupuesto aprobado originalmente,,,Ondarroa,%,Ondarroa,110.03,110.03
2016,Gasto liquidado de las administraciones locales en proporción al presupuesto aprobado originalmente,,,Ondarroa,%,Ondarroa,139.25,139.25
2015,Gasto liquidado de las administraciones locales en proporción al presupuesto aprobado originalmente,,,Oñati,%,Oñati,100.23,100.23
2018,Gasto liquidado de las administraciones locales en proporción al presupuesto aprobado originalmente,,,Oñati,%,Oñati,109.69,90.31
2014,Gasto liquidado de las administraciones locales en proporción al presupuesto aprobado originalmente,,,Oñati,%,Oñati,104.06,104.06
2010,Gasto liquidado de las administraciones locales en proporción al presupuesto aprobado originalmente,,,Oñati,%,Oñati,127.39,127.39
2022,Gasto liquidado de las administraciones locales en proporción al presupuesto aprobado originalmente,,,Oñati,%,Oñati,105.75,105.75
2023,Gasto liquidado de las administraciones locales en proporción al presupuesto aprobado originalmente,,,Oñati,%,Oñati,106.61,106.61
2011,Gasto liquidado de las administraciones locales en proporción al presupuesto aprobado originalmente,,,Oñati,%,Oñati,104.44,104.44
2019,Gasto liquidado de las administraciones locales en proporción al presupuesto aprobado originalmente,,,Oñati,%,Oñati,114.15,85.85
2012,Gasto liquidado de las administraciones locales en proporción al presupuesto aprobado originalmente,,,Oñati,%,Oñati,100.62,99.38
2013,Gasto liquidado de las administraciones locales en proporción al presupuesto aprobado originalmente,,,Oñati,%,Oñati,104.49,95.51
2016,Gasto liquidado de las administraciones locales en proporción al presupuesto aprobado originalmente,,,Oñati,%,Oñati,115.7,84.3
2017,Gasto liquidado de las administraciones locales en proporción al presupuesto aprobado originalmente,,,Oñati,%,Oñati,104.69,95.31
2020,Gasto liquidado de las administraciones locales en proporción al presupuesto aprobado originalmente,,,Oñati,%,Oñati,124.94,124.94
2021,Gasto liquidado de las administraciones locales en proporción al presupuesto aprobado originalmente,,,Oñati,%,Oñati,122.28,122.28
2013,Gasto liquidado de las administraciones locales en proporción al presupuesto aprobado originalmente,,,Ordizia,%,Ordizia,103.33,103.33
2021,Gasto liquidado de las administraciones locales en proporción al presupuesto aprobado originalmente,,,Ordizia,%,Ordizia,107.42,92.58
2016,Gasto liquidado de las administraciones locales en proporción al presupuesto aprobado originalmente,,,Ordizia,%,Ordizia,102.68,102.68
2012,Gasto liquidado de las administraciones locales en proporción al presupuesto aprobado originalmente,,,Ordizia,%,Ordizia,101.21,101.21
2017,Gasto liquidado de las administraciones locales en proporción al presupuesto aprobado originalmente,,,Ordizia,%,Ordizia,105.11,105.11
2020,Gasto liquidado de las administraciones locales en proporción al presupuesto aprobado originalmente,,,Ordizia,%,Ordizia,100.85,99.15
2014,Gasto liquidado de las administraciones locales en proporción al presupuesto aprobado originalmente,,,Ordizia,%,Ordizia,103.01,103.01
2010,Gasto liquidado de las administraciones locales en proporción al presupuesto aprobado originalmente,,,Ordizia,%,Ordizia,121.58,121.58
2011,Gasto liquidado de las administraciones locales en proporción al presupuesto aprobado originalmente,,,Ordizia,%,Ordizia,110.24,110.24
2022,Gasto liquidado de las administraciones locales en proporción al presupuesto aprobado originalmente,,,Ordizia,%,Ordizia,108.42,91.58
2015,Gasto liquidado de las administraciones locales en proporción al presupuesto aprobado originalmente,,,Ordizia,%,Ordizia,102.95,97.05
2018,Gasto liquidado de las administraciones locales en proporción al presupuesto aprobado originalmente,,,Ordizia,%,Ordizia,112.33,87.67
2019,Gasto liquidado de las administraciones locales en proporción al presupuesto aprobado originalmente,,,Ordizia,%,Ordizia,102.19,102.19
2023,Gasto liquidado de las administraciones locales en proporción al presupuesto aprobado originalmente,,,Ordizia,%,Ordizia,104.35,95.65
2011,Gasto liquidado de las administraciones locales en proporción al presupuesto aprobado originalmente,,,Orendain,%,Orendain,108.22,108.22
2019,Gasto liquidado de las administraciones locales en proporción al presupuesto aprobado originalmente,,,Orendain,%,Orendain,110.08,110.08
2010,Gasto liquidado de las administraciones locales en proporción al presupuesto aprobado originalmente,,,Orendain,%,Orendain,123.77,76.23
2012,Gasto liquidado de las administraciones locales en proporción al presupuesto aprobado originalmente,,,Orendain,%,Orendain,144.25,144.25
2014,Gasto liquidado de las administraciones locales en proporción al presupuesto aprobado originalmente,,,Orendain,%,Orendain,148.03,148.03
2016,Gasto liquidado de las administraciones locales en proporción al presupuesto aprobado originalmente,,,Orendain,%,Orendain,120.53,120.53
2018,Gasto liquidado de las administraciones locales en proporción al presupuesto aprobado originalmente,,,Orendain,%,Orendain,100.64,99.36
2020,Gasto liquidado de las administraciones locales en proporción al presupuesto aprobado originalmente,,,Orendain,%,Orendain,101.29,98.71
2022,Gasto liquidado de las administraciones locales en proporción al presupuesto aprobado originalmente,,,Orendain,%,Orendain,104.46,95.54
2017,Gasto liquidado de las administraciones locales en proporción al presupuesto aprobado originalmente,,,Orendain,%,Orendain,114.01,114.01
2013,Gasto liquidado de las administraciones locales en proporción al presupuesto aprobado originalmente,,,Orendain,%,Orendain,104.78,104.78
2021,Gasto liquidado de las administraciones locales en proporción al presupuesto aprobado originalmente,,,Orendain,%,Orendain,172.67,172.67
2015,Gasto liquidado de las administraciones locales en proporción al presupuesto aprobado originalmente,,,Orendain,%,Orendain,137.01,137.01
2023,Gasto liquidado de las administraciones locales en proporción al presupuesto aprobado originalmente,,,Orendain,%,Orendain,147.57,147.57
2019,Gasto liquidado de las administraciones locales en proporción al presupuesto aprobado originalmente,,,Orexa,%,Orexa,122.13,122.13
2022,Gasto liquidado de las administraciones locales en proporción al presupuesto aprobado originalmente,,,Orexa,%,Orexa,126.12,73.88
2018,Gasto liquidado de las administraciones locales en proporción al presupuesto aprobado originalmente,,,Orexa,%,Orexa,162.55,162.55
2010,Gasto liquidado de las administraciones locales en proporción al presupuesto aprobado originalmente,,,Orexa,%,Orexa,141.48,141.48
2011,Gasto liquidado de las administraciones locales en proporción al presupuesto aprobado originalmente,,,Orexa,%,Orexa,146.1,146.1
2014,Gasto liquidado de las administraciones locales en proporción al presupuesto aprobado originalmente,,,Orexa,%,Orexa,165.77,165.77
2015,Gasto liquidado de las administraciones locales en proporción al presupuesto aprobado originalmente,,,Orexa,%,Orexa,183.97,183.97
2012,Gasto liquidado de las administraciones locales en proporción al presupuesto aprobado originalmente,,,Orexa,%,Orexa,136.05,136.05
2013,Gasto liquidado de las administraciones locales en proporción al presupuesto aprobado originalmente,,,Orexa,%,Orexa,109.19,109.19
2016,Gasto liquidado de las administraciones locales en proporción al presupuesto aprobado originalmente,,,Orexa,%,Orexa,127.32,127.32
2017,Gasto liquidado de las administraciones locales en proporción al presupuesto aprobado originalmente,,,Orexa,%,Orexa,335.89,335.89
2020,Gasto liquidado de las administraciones locales en proporción al presupuesto aprobado originalmente,,,Orexa,%,Orexa,118.64,118.64
2021,Gasto liquidado de las administraciones locales en proporción al presupuesto aprobado originalmente,,,Orexa,%,Orexa,132.61,132.61
2013,Gasto liquidado de las administraciones locales en proporción al presupuesto aprobado originalmente,,,Orio,%,Orio,105.23,105.23
2014,Gasto liquidado de las administraciones locales en proporción al presupuesto aprobado originalmente,,,Orio,%,Orio,103.25,103.25
2010,Gasto liquidado de las administraciones locales en proporción al presupuesto aprobado originalmente,,,Orio,%,Orio,131.28,68.72
2018,Gasto liquidado de las administraciones locales en proporción al presupuesto aprobado originalmente,,,Orio,%,Orio,104.93,95.07
2011,Gasto liquidado de las administraciones locales en proporción al presupuesto aprobado originalmente,,,Orio,%,Orio,110.13,110.13
2012,Gasto liquidado de las administraciones locales en proporción al presupuesto aprobado originalmente,,,Orio,%,Orio,105.18,105.18
2015,Gasto liquidado de las administraciones locales en proporción al presupuesto aprobado originalmente,,,Orio,%,Orio,114.02,114.02
2016,Gasto liquidado de las administraciones locales en proporción al presupuesto aprobado originalmente,,,Orio,%,Orio,100.31,99.69
2019,Gasto liquidado de las administraciones locales en proporción al presupuesto aprobado originalmente,,,Orio,%,Orio,108.04,108.04
2020,Gasto liquidado de las administraciones locales en proporción al presupuesto aprobado originalmente,,,Orio,%,Orio,104.89,104.89
2023,Gasto liquidado de las administraciones locales en proporción al presupuesto aprobado originalmente,,,Orio,%,Orio,125.14,125.14
2017,Gasto liquidado de las administraciones locales en proporción al presupuesto aprobado originalmente,,,Orio,%,Orio,106.26,106.26
2021,Gasto liquidado de las administraciones locales en proporción al presupuesto aprobado originalmente,,,Orio,%,Orio,102.07,102.07
2022,Gasto liquidado de las administraciones locales en proporción al presupuesto aprobado originalmente,,,Orio,%,Orio,126.17,126.17
2016,Gasto liquidado de las administraciones locales en proporción al presupuesto aprobado originalmente,,,Ormaiztegi,%,Ormaiztegi,103.95,96.05
2019,Gasto liquidado de las administraciones locales en proporción al presupuesto aprobado originalmente,,,Ormaiztegi,%,Ormaiztegi,111.58,88.42
2012,Gasto liquidado de las administraciones locales en proporción al presupuesto aprobado originalmente,,,Ormaiztegi,%,Ormaiztegi,106.01,93.99
2010,Gasto liquidado de las administraciones locales en proporción al presupuesto aprobado originalmente,,,Ormaiztegi,%,Ormaiztegi,110.09,89.91
2020,Gasto liquidado de las administraciones locales en proporción al presupuesto aprobado originalmente,,,Ormaiztegi,%,Ormaiztegi,114.99,114.99
2013,Gasto liquidado de las administraciones locales en proporción al presupuesto aprobado originalmente,,,Ormaiztegi,%,Ormaiztegi,107.13,92.87
2014,Gasto liquidado de las administraciones locales en proporción al presupuesto aprobado originalmente,,,Ormaiztegi,%,Ormaiztegi,116.33,83.67
2017,Gasto liquidado de las administraciones locales en proporción al presupuesto aprobado originalmente,,,Ormaiztegi,%,Ormaiztegi,114.25,114.25
2018,Gasto liquidado de las administraciones locales en proporción al presupuesto aprobado originalmente,,,Ormaiztegi,%,Ormaiztegi,146.79,146.79
2021,Gasto liquidado de las administraciones locales en proporción al presupuesto aprobado originalmente,,,Ormaiztegi,%,Ormaiztegi,114.25,114.25
2015,Gasto liquidado de las administraciones locales en proporción al presupuesto aprobado originalmente,,,Ormaiztegi,%,Ormaiztegi,103.56,103.56
2023,Gasto liquidado de las administraciones locales en proporción al presupuesto aprobado originalmente,,,Ormaiztegi,%,Ormaiztegi,128.48,128.48
2022,Gasto liquidado de las administraciones locales en proporción al presupuesto aprobado originalmente,,,Ormaiztegi,%,Ormaiztegi,112.23,112.23
2011,Gasto liquidado de las administraciones locales en proporción al presupuesto aprobado originalmente,,,Ormaiztegi,%,Ormaiztegi,111.68,88.32
2017,Gasto liquidado de las administraciones locales en proporción al presupuesto aprobado originalmente,,,Orozko,%,Orozko,141.11,141.11
2018,Gasto liquidado de las administraciones locales en proporción al presupuesto aprobado originalmente,,,Orozko,%,Orozko,116.83,116.83
2020,Gasto liquidado de las administraciones locales en proporción al presupuesto aprobado originalmente,,,Orozko,%,Orozko,107.64,92.36
2022,Gasto liquidado de las administraciones locales en proporción al presupuesto aprobado originalmente,,,Orozko,%,Orozko,112.09,112.09
2021,Gasto liquidado de las administraciones locales en proporción al presupuesto aprobado originalmente,,,Orozko,%,Orozko,107.96,92.04
2010,Gasto liquidado de las administraciones locales en proporción al presupuesto aprobado originalmente,,,Orozko,%,Orozko,130.95,130.95
2016,Gasto liquidado de las administraciones locales en proporción al presupuesto aprobado originalmente,,,Orozko,%,Orozko,105.26,105.26
2014,Gasto liquidado de las administraciones locales en proporción al presupuesto aprobado originalmente,,,Orozko,%,Orozko,100.57,99.43
2011,Gasto liquidado de las administraciones locales en proporción al presupuesto aprobado originalmente,,,Orozko,%,Orozko,111.3,88.7
2013,Gasto liquidado de las administraciones locales en proporción al presupuesto aprobado originalmente,,,Orozko,%,Orozko,101.44,101.44
2015,Gasto liquidado de las administraciones locales en proporción al presupuesto aprobado originalmente,,,Orozko,%,Orozko,113.09,113.09
2019,Gasto liquidado de las administraciones locales en proporción al presupuesto aprobado originalmente,,,Orozko,%,Orozko,107.3,107.3
2023,Gasto liquidado de las administraciones locales en proporción al presupuesto aprobado originalmente,,,Orozko,%,Orozko,103.1,96.9
2012,Gasto liquidado de las administraciones locales en proporción al presupuesto aprobado originalmente,,,Orozko,%,Orozko,100.2,99.8
2013,Gasto liquidado de las administraciones locales en proporción al presupuesto aprobado originalmente,,,Ortuella,%,Ortuella,103.09,96.91
2018,Gasto liquidado de las administraciones locales en proporción al presupuesto aprobado originalmente,,,Ortuella,%,Ortuella,111.37,88.63
2021,Gasto liquidado de las administraciones locales en proporción al presupuesto aprobado originalmente,,,Ortuella,%,Ortuella,101.39,101.39
2022,Gasto liquidado de las administraciones locales en proporción al presupuesto aprobado originalmente,,,Ortuella,%,Ortuella,122.32,77.68
2010,Gasto liquidado de las administraciones locales en proporción al presupuesto aprobado originalmente,,,Ortuella,%,Ortuella,152.29,152.29
2020,Gasto liquidado de las administraciones locales en proporción al presupuesto aprobado originalmente,,,Ortuella,%,Ortuella,100.16,100.16
2014,Gasto liquidado de las administraciones locales en proporción al presupuesto aprobado originalmente,,,Ortuella,%,Ortuella,102.09,102.09
2016,Gasto liquidado de las administraciones locales en proporción al presupuesto aprobado originalmente,,,Ortuella,%,Ortuella,108.13,91.87
2011,Gasto liquidado de las administraciones locales en proporción al presupuesto aprobado originalmente,,,Ortuella,%,Ortuella,135.28,135.28
2015,Gasto liquidado de las administraciones locales en proporción al presupuesto aprobado originalmente,,,Ortuella,%,Ortuella,105.3,105.3
2017,Gasto liquidado de las administraciones locales en proporción al presupuesto aprobado originalmente,,,Ortuella,%,Ortuella,102.72,97.28
2019,Gasto liquidado de las administraciones locales en proporción al presupuesto aprobado originalmente,,,Ortuella,%,Ortuella,104.38,95.62
2023,Gasto liquidado de las administraciones locales en proporción al presupuesto aprobado originalmente,,,Ortuella,%,Ortuella,123.92,76.08
2012,Gasto liquidado de las administraciones locales en proporción al presupuesto aprobado originalmente,,,Ortuella,%,Ortuella,100.31,99.69
2013,Gasto liquidado de las administraciones locales en proporción al presupuesto aprobado originalmente,,,Otxandio,%,Otxandio,105.85,94.15
2020,Gasto liquidado de las administraciones locales en proporción al presupuesto aprobado originalmente,,,Otxandio,%,Otxandio,124.32,75.68
2014,Gasto liquidado de las administraciones locales en proporción al presupuesto aprobado originalmente,,,Otxandio,%,Otxandio,111.11,111.11
2012,Gasto liquidado de las administraciones locales en proporción al presupuesto aprobado originalmente,,,Otxandio,%,Otxandio,136.74,63.26
2022,Gasto liquidado de las administraciones locales en proporción al presupuesto aprobado originalmente,,,Otxandio,%,Otxandio,120.14,79.86
2018,Gasto liquidado de las administraciones locales en proporción al presupuesto aprobado originalmente,,,Otxandio,%,Otxandio,104.5,104.5
2010,Gasto liquidado de las administraciones locales en proporción al presupuesto aprobado originalmente,,,Otxandio,%,Otxandio,102.63,102.63
2016,Gasto liquidado de las administraciones locales en proporción al presupuesto aprobado originalmente,,,Otxandio,%,Otxandio,100.73,99.27
2011,Gasto liquidado de las administraciones locales en proporción al presupuesto aprobado originalmente,,,Otxandio,%,Otxandio,126.79,73.21
2015,Gasto liquidado de las administraciones locales en proporción al presupuesto aprobado originalmente,,,Otxandio,%,Otxandio,118.11,81.89
2017,Gasto liquidado de las administraciones locales en proporción al presupuesto aprobado originalmente,,,Otxandio,%,Otxandio,124.16,75.84
2019,Gasto liquidado de las administraciones locales en proporción al presupuesto aprobado originalmente,,,Otxandio,%,Otxandio,116.23,83.77
2021,Gasto liquidado de las administraciones locales en proporción al presupuesto aprobado originalmente,,,Otxandio,%,Otxandio,127.13,72.87
2023,Gasto liquidado de las administraciones locales en proporción al presupuesto aprobado originalmente,,,Otxandio,%,Otxandio,126.11,73.89
2012,Gasto liquidado de las administraciones locales en proporción al presupuesto aprobado originalmente,,,Oyón-Oion,%,Oyón-Oion,125.8,74.2
2011,Gasto liquidado de las administraciones locales en proporción al presupuesto aprobado originalmente,,,Oyón-Oion,%,Oyón-Oion,113.91,113.91
2022,Gasto liquidado de las administraciones locales en proporción al presupuesto aprobado originalmente,,,Oyón-Oion,%,Oyón-Oion,101.4,101.4
2020,Gasto liquidado de las administraciones locales en proporción al presupuesto aprobado originalmente,,,Oyón-Oion,%,Oyón-Oion,112.51,112.51
2017,Gasto liquidado de las administraciones locales en proporción al presupuesto aprobado originalmente,,,Oyón-Oion,%,Oyón-Oion,111.95,111.95
2015,Gasto liquidado de las administraciones locales en proporción al presupuesto aprobado originalmente,,,Oyón-Oion,%,Oyón-Oion,115.85,115.85
2018,Gasto liquidado de las administraciones locales en proporción al presupuesto aprobado originalmente,,,Oyón-Oion,%,Oyón-Oion,103.25,103.25
2013,Gasto liquidado de las administraciones locales en proporción al presupuesto aprobado originalmente,,,Oyón-Oion,%,Oyón-Oion,170.36,170.36
2010,Gasto liquidado de las administraciones locales en proporción al presupuesto aprobado originalmente,,,Oyón-Oion,%,Oyón-Oion,133.09,133.09
2021,Gasto liquidado de las administraciones locales en proporción al presupuesto aprobado originalmente,,,Oyón-Oion,%,Oyón-Oion,101.33,101.33
2014,Gasto liquidado de las administraciones locales en proporción al presupuesto aprobado originalmente,,,Oyón-Oion,%,Oyón-Oion,154.28,154.28
2016,Gasto liquidado de las administraciones locales en proporción al presupuesto aprobado originalmente,,,Oyón-Oion,%,Oyón-Oion,108.38,91.62
2023,Gasto liquidado de las administraciones locales en proporción al presupuesto aprobado originalmente,,,Oyón-Oion,%,Oyón-Oion,100.95,100.95
2019,Gasto liquidado de las administraciones locales en proporción al presupuesto aprobado originalmente,,,Oyón-Oion,%,Oyón-Oion,104.96,104.96
2011,Gasto liquidado de las administraciones locales en proporción al presupuesto aprobado originalmente,,,Pasaia,%,Pasaia,106.98,93.02
2012,Gasto liquidado de las administraciones locales en proporción al presupuesto aprobado originalmente,,,Pasaia,%,Pasaia,111.08,111.08
2015,Gasto liquidado de las administraciones locales en proporción al presupuesto aprobado originalmente,,,Pasaia,%,Pasaia,103.9,103.9
2019,Gasto liquidado de las administraciones locales en proporción al presupuesto aprobado originalmente,,,Pasaia,%,Pasaia,102.51,102.51
2020,Gasto liquidado de las administraciones locales en proporción al presupuesto aprobado originalmente,,,Pasaia,%,Pasaia,106.64,93.36
2023,Gasto liquidado de las administraciones locales en proporción al presupuesto aprobado originalmente,,,Pasaia,%,Pasaia,104.86,104.86
2016,Gasto liquidado de las administraciones locales en proporción al presupuesto aprobado originalmente,,,Pasaia,%,Pasaia,114.1,114.1
2010,Gasto liquidado de las administraciones locales en proporción al presupuesto aprobado originalmente,,,Pasaia,%,Pasaia,104.11,95.89
2013,Gasto liquidado de las administraciones locales en proporción al presupuesto aprobado originalmente,,,Pasaia,%,Pasaia,103.15,103.15
2014,Gasto liquidado de las administraciones locales en proporción al presupuesto aprobado originalmente,,,Pasaia,%,Pasaia,108.47,108.47
2017,Gasto liquidado de las administraciones locales en proporción al presupuesto aprobado originalmente,,,Pasaia,%,Pasaia,105.86,105.86
2018,Gasto liquidado de las administraciones locales en proporción al presupuesto aprobado originalmente,,,Pasaia,%,Pasaia,101.85,98.15
2021,Gasto liquidado de las administraciones locales en proporción al presupuesto aprobado originalmente,,,Pasaia,%,Pasaia,102.39,102.39
2022,Gasto liquidado de las administraciones locales en proporción al presupuesto aprobado originalmente,,,Pasaia,%,Pasaia,104.25,104.25
2017,Gasto liquidado de las administraciones locales en proporción al presupuesto aprobado originalmente,,,Peñacerrada-Urizaharra,%,Peñacerrada-Urizaharra,144.37,144.37
2021,Gasto liquidado de las administraciones locales en proporción al presupuesto aprobado originalmente,,,Peñacerrada-Urizaharra,%,Peñacerrada-Urizaharra,106.48,93.52
2014,Gasto liquidado de las administraciones locales en proporción al presupuesto aprobado originalmente,,,Peñacerrada-Urizaharra,%,Peñacerrada-Urizaharra,122.94,122.94
2016,Gasto liquidado de las administraciones locales en proporción al presupuesto aprobado originalmente,,,Peñacerrada-Urizaharra,%,Peñacerrada-Urizaharra,126.27,126.27
2022,Gasto liquidado de las administraciones locales en proporción al presupuesto aprobado originalmente,,,Peñacerrada-Urizaharra,%,Peñacerrada-Urizaharra,123.95,123.95
2020,Gasto liquidado de las administraciones locales en proporción al presupuesto aprobado originalmente,,,Peñacerrada-Urizaharra,%,Peñacerrada-Urizaharra,104.25,95.75
2023,Gasto liquidado de las administraciones locales en proporción al presupuesto aprobado originalmente,,,Peñacerrada-Urizaharra,%,Peñacerrada-Urizaharra,145.09,145.09
2018,Gasto liquidado de las administraciones locales en proporción al presupuesto aprobado originalmente,,,Peñacerrada-Urizaharra,%,Peñacerrada-Urizaharra,129.18,70.82
2019,Gasto liquidado de las administraciones locales en proporción al presupuesto aprobado originalmente,,,Peñacerrada-Urizaharra,%,Peñacerrada-Urizaharra,108.98,91.02
2012,Gasto liquidado de las administraciones locales en proporción al presupuesto aprobado originalmente,,,Peñacerrada-Urizaharra,%,Peñacerrada-Urizaharra,155.36,155.36
2011,Gasto liquidado de las administraciones locales en proporción al presupuesto aprobado originalmente,,,Peñacerrada-Urizaharra,%,Peñacerrada-Urizaharra,128.6,71.4
2015,Gasto liquidado de las administraciones locales en proporción al presupuesto aprobado originalmente,,,Peñacerrada-Urizaharra,%,Peñacerrada-Urizaharra,103.17,103.17
2013,Gasto liquidado de las administraciones locales en proporción al presupuesto aprobado originalmente,,,Peñacerrada-Urizaharra,%,Peñacerrada-Urizaharra,141.77,58.23
2010,Gasto liquidado de las administraciones locales en proporción al presupuesto aprobado originalmente,,,Peñacerrada-Urizaharra,%,Peñacerrada-Urizaharra,101.44,98.56
2012,Gasto liquidado de las administraciones locales en proporción al presupuesto aprobado originalmente,,,Plentzia,%,Plentzia,103.43,103.43
2020,Gasto liquidado de las administraciones locales en proporción al presupuesto aprobado originalmente,,,Plentzia,%,Plentzia,120.25,79.75
2016,Gasto liquidado de las administraciones locales en proporción al presupuesto aprobado originalmente,,,Plentzia,%,Plentzia,102.29,102.29
2022,Gasto liquidado de las administraciones locales en proporción al presupuesto aprobado originalmente,,,Plentzia,%,Plentzia,113.12,86.88
2018,Gasto liquidado de las administraciones locales en proporción al presupuesto aprobado originalmente,,,Plentzia,%,Plentzia,106.79,93.21
2011,Gasto liquidado de las administraciones locales en proporción al presupuesto aprobado originalmente,,,Plentzia,%,Plentzia,105.07,105.07
2013,Gasto liquidado de las administraciones locales en proporción al presupuesto aprobado originalmente,,,Plentzia,%,Plentzia,102.21,102.21
2015,Gasto liquidado de las administraciones locales en proporción al presupuesto aprobado originalmente,,,Plentzia,%,Plentzia,103.83,103.83
2019,Gasto liquidado de las administraciones locales en proporción al presupuesto aprobado originalmente,,,Plentzia,%,Plentzia,103.33,103.33
2021,Gasto liquidado de las administraciones locales en proporción al presupuesto aprobado originalmente,,,Plentzia,%,Plentzia,104.15,104.15
2023,Gasto liquidado de las administraciones locales en proporción al presupuesto aprobado originalmente,,,Plentzia,%,Plentzia,109.17,109.17
2010,Gasto liquidado de las administraciones locales en proporción al presupuesto aprobado originalmente,,,Plentzia,%,Plentzia,117.12,117.12
2014,Gasto liquidado de las administraciones locales en proporción al presupuesto aprobado originalmente,,,Plentzia,%,Plentzia,102.58,102.58
2017,Gasto liquidado de las administraciones locales en proporción al presupuesto aprobado originalmente,,,Plentzia,%,Plentzia,103.1,103.1
2016,Gasto liquidado de las administraciones locales en proporción al presupuesto aprobado originalmente,,,Portugalete,%,Portugalete,103.89,103.89
2014,Gasto liquidado de las administraciones locales en proporción al presupuesto aprobado originalmente,,,Portugalete,%,Portugalete,117.18,117.18
2010,Gasto liquidado de las administraciones locales en proporción al presupuesto aprobado originalmente,,,Portugalete,%,Portugalete,120.83,120.83
2022,Gasto liquidado de las administraciones locales en proporción al presupuesto aprobado originalmente,,,Portugalete,%,Portugalete,102.66,102.66
2012,Gasto liquidado de las administraciones locales en proporción al presupuesto aprobado originalmente,,,Portugalete,%,Portugalete,134.87,134.87
2020,Gasto liquidado de las administraciones locales en proporción al presupuesto aprobado originalmente,,,Portugalete,%,Portugalete,102.37,97.63
2013,Gasto liquidado de las administraciones locales en proporción al presupuesto aprobado originalmente,,,Portugalete,%,Portugalete,160.81,160.81
2015,Gasto liquidado de las administraciones locales en proporción al presupuesto aprobado originalmente,,,Portugalete,%,Portugalete,101.89,101.89
2017,Gasto liquidado de las administraciones locales en proporción al presupuesto aprobado originalmente,,,Portugalete,%,Portugalete,106.58,106.58
2019,Gasto liquidado de las administraciones locales en proporción al presupuesto aprobado originalmente,,,Portugalete,%,Portugalete,106.7,106.7
2021,Gasto liquidado de las administraciones locales en proporción al presupuesto aprobado originalmente,,,Portugalete,%,Portugalete,102.14,102.14
2018,Gasto liquidado de las administraciones locales en proporción al presupuesto aprobado originalmente,,,Portugalete,%,Portugalete,102.19,97.81
2011,Gasto liquidado de las administraciones locales en proporción al presupuesto aprobado originalmente,,,Portugalete,%,Portugalete,123.78,123.78
2019,Gasto liquidado de las administraciones locales en proporción al presupuesto aprobado originalmente,,,Ribera Baja/Erriberabeitia,%,Ribera Baja/Erriberabeitia,115.36,84.64
2014,Gasto liquidado de las administraciones locales en proporción al presupuesto aprobado originalmente,,,Ribera Baja/Erriberabeitia,%,Ribera Baja/Erriberabeitia,101.42,101.42
2022,Gasto liquidado de las administraciones locales en proporción al presupuesto aprobado originalmente,,,Ribera Baja/Erriberabeitia,%,Ribera Baja/Erriberabeitia,130.36,69.64
2015,Gasto liquidado de las administraciones locales en proporción al presupuesto aprobado originalmente,,,Ribera Baja/Erriberabeitia,%,Ribera Baja/Erriberabeitia,100.92,100.92
2016,Gasto liquidado de las administraciones locales en proporción al presupuesto aprobado originalmente,,,Ribera Baja/Erriberabeitia,%,Ribera Baja/Erriberabeitia,112.69,87.31
2013,Gasto liquidado de las administraciones locales en proporción al presupuesto aprobado originalmente,,,Ribera Baja/Erriberabeitia,%,Ribera Baja/Erriberabeitia,118.88,118.88
2017,Gasto liquidado de las administraciones locales en proporción al presupuesto aprobado originalmente,,,Ribera Baja/Erriberabeitia,%,Ribera Baja/Erriberabeitia,103.57,96.43
2021,Gasto liquidado de las administraciones locales en proporción al presupuesto aprobado originalmente,,,Ribera Baja/Erriberabeitia,%,Ribera Baja/Erriberabeitia,107.67,92.33
2020,Gasto liquidado de las administraciones locales en proporción al presupuesto aprobado originalmente,,,Ribera Baja/Erriberabeitia,%,Ribera Baja/Erriberabeitia,104.61,95.39
2010,Gasto liquidado de las administraciones locales en proporción al presupuesto aprobado originalmente,,,Ribera Baja/Erriberabeitia,%,Ribera Baja/Erriberabeitia,132.23,132.23
2018,Gasto liquidado de las administraciones locales en proporción al presupuesto aprobado originalmente,,,Ribera Baja/Erriberabeitia,%,Ribera Baja/Erriberabeitia,139.02,60.98
2011,Gasto liquidado de las administraciones locales en proporción al presupuesto aprobado originalmente,,,Ribera Baja/Erriberabeitia,%,Ribera Baja/Erriberabeitia,106.74,93.26
2023,Gasto liquidado de las administraciones locales en proporción al presupuesto aprobado originalmente,,,Ribera Baja/Erriberabeitia,%,Ribera Baja/Erriberabeitia,112.27,87.73
2012,Gasto liquidado de las administraciones locales en proporción al presupuesto aprobado originalmente,,,Ribera Baja/Erriberabeitia,%,Ribera Baja/Erriberabeitia,109.69,109.69
2011,Gasto liquidado de las administraciones locales en proporción al presupuesto aprobado originalmente,,,Samaniego,%,Samaniego,164.57,35.43
2016,Gasto liquidado de las administraciones locales en proporción al presupuesto aprobado originalmente,,,Samaniego,%,Samaniego,146.23,53.77
2022,Gasto liquidado de las administraciones locales en proporción al presupuesto aprobado originalmente,,,Samaniego,%,Samaniego,179.13,179.13
2023,Gasto liquidado de las administraciones locales en proporción al presupuesto aprobado originalmente,,,Samaniego,%,Samaniego,141.31,141.31
2015,Gasto liquidado de las administraciones locales en proporción al presupuesto aprobado originalmente,,,Samaniego,%,Samaniego,131.54000000000002,68.46
2018,Gasto liquidado de las administraciones locales en proporción al presupuesto aprobado originalmente,,,Samaniego,%,Samaniego,156.44,43.56
2012,Gasto liquidado de las administraciones locales en proporción al presupuesto aprobado originalmente,,,Samaniego,%,Samaniego,158.9,41.1
2020,Gasto liquidado de las administraciones locales en proporción al presupuesto aprobado originalmente,,,Samaniego,%,Samaniego,178.66,178.66
2013,Gasto liquidado de las administraciones locales en proporción al presupuesto aprobado originalmente,,,Samaniego,%,Samaniego,157.5,42.5
2017,Gasto liquidado de las administraciones locales en proporción al presupuesto aprobado originalmente,,,Samaniego,%,Samaniego,132.63,67.37
2014,Gasto liquidado de las administraciones locales en proporción al presupuesto aprobado originalmente,,,Samaniego,%,Samaniego,143.24,56.76
2021,Gasto liquidado de las administraciones locales en proporción al presupuesto aprobado originalmente,,,Samaniego,%,Samaniego,162.36,162.36
2019,Gasto liquidado de las administraciones locales en proporción al presupuesto aprobado originalmente,,,Samaniego,%,Samaniego,163.59,36.41
2010,Gasto liquidado de las administraciones locales en proporción al presupuesto aprobado originalmente,,,Samaniego,%,Samaniego,141.73,58.27
2011,Gasto liquidado de las administraciones locales en proporción al presupuesto aprobado originalmente,,,San Millán/Donemiliaga,%,San Millán/Donemiliaga,127.1,72.9
2022,Gasto liquidado de las administraciones locales en proporción al presupuesto aprobado originalmente,,,San Millán/Donemiliaga,%,San Millán/Donemiliaga,152.41,47.59
2020,Gasto liquidado de las administraciones locales en proporción al presupuesto aprobado originalmente,,,San Millán/Donemiliaga,%,San Millán/Donemiliaga,103.72,96.28
2016,Gasto liquidado de las administraciones locales en proporción al presupuesto aprobado originalmente,,,San Millán/Donemiliaga,%,San Millán/Donemiliaga,102.64,102.64
2012,Gasto liquidado de las administraciones locales en proporción al presupuesto aprobado originalmente,,,San Millán/Donemiliaga,%,San Millán/Donemiliaga,145.79,145.79
2014,Gasto liquidado de las administraciones locales en proporción al presupuesto aprobado originalmente,,,San Millán/Donemiliaga,%,San Millán/Donemiliaga,111.27,88.73
2017,Gasto liquidado de las administraciones locales en proporción al presupuesto aprobado originalmente,,,San Millán/Donemiliaga,%,San Millán/Donemiliaga,105.03,94.97
2010,Gasto liquidado de las administraciones locales en proporción al presupuesto aprobado originalmente,,,San Millán/Donemiliaga,%,San Millán/Donemiliaga,143.11,143.11
2018,Gasto liquidado de las administraciones locales en proporción al presupuesto aprobado originalmente,,,San Millán/Donemiliaga,%,San Millán/Donemiliaga,135.85,64.15
2015,Gasto liquidado de las administraciones locales en proporción al presupuesto aprobado originalmente,,,San Millán/Donemiliaga,%,San Millán/Donemiliaga,134.24,134.24
2021,Gasto liquidado de las administraciones locales en proporción al presupuesto aprobado originalmente,,,San Millán/Donemiliaga,%,San Millán/Donemiliaga,120.33,120.33
2019,Gasto liquidado de las administraciones locales en proporción al presupuesto aprobado originalmente,,,San Millán/Donemiliaga,%,San Millán/Donemiliaga,132.94,67.06
2023,Gasto liquidado de las administraciones locales en proporción al presupuesto aprobado originalmente,,,San Millán/Donemiliaga,%,San Millán/Donemiliaga,128.48000000000002,71.52
2013,Gasto liquidado de las administraciones locales en proporción al presupuesto aprobado originalmente,,,San Millán/Donemiliaga,%,San Millán/Donemiliaga,112.99,87.01
2012,Gasto liquidado de las administraciones locales en proporción al presupuesto aprobado originalmente,,,Santurtzi,%,Santurtzi,110.64,110.64
2020,Gasto liquidado de las administraciones locales en proporción al presupuesto aprobado originalmente,,,Santurtzi,%,Santurtzi,107.5,92.5
2010,Gasto liquidado de las administraciones locales en proporción al presupuesto aprobado originalmente,,,Santurtzi,%,Santurtzi,113.1,113.1
2018,Gasto liquidado de las administraciones locales en proporción al presupuesto aprobado originalmente,,,Santurtzi,%,Santurtzi,103.82,96.18
2014,Gasto liquidado de las administraciones locales en proporción al presupuesto aprobado originalmente,,,Santurtzi,%,Santurtzi,102.74,97.26
2022,Gasto liquidado de las administraciones locales en proporción al presupuesto aprobado originalmente,,,Santurtzi,%,Santurtzi,103.59,103.59
2011,Gasto liquidado de las administraciones locales en proporción al presupuesto aprobado originalmente,,,Santurtzi,%,Santurtzi,128.96,128.96
2013,Gasto liquidado de las administraciones locales en proporción al presupuesto aprobado originalmente,,,Santurtzi,%,Santurtzi,101.12,101.12
2015,Gasto liquidado de las administraciones locales en proporción al presupuesto aprobado originalmente,,,Santurtzi,%,Santurtzi,100.84,100.84
2017,Gasto liquidado de las administraciones locales en proporción al presupuesto aprobado originalmente,,,Santurtzi,%,Santurtzi,103.58,96.42
2019,Gasto liquidado de las administraciones locales en proporción al presupuesto aprobado originalmente,,,Santurtzi,%,Santurtzi,108.6,108.6
2021,Gasto liquidado de las administraciones locales en proporción al presupuesto aprobado originalmente,,,Santurtzi,%,Santurtzi,113.49,86.51
2023,Gasto liquidado de las administraciones locales en proporción al presupuesto aprobado originalmente,,,Santurtzi,%,Santurtzi,115.57,115.57
2016,Gasto liquidado de las administraciones locales en proporción al presupuesto aprobado originalmente,,,Santurtzi,%,Santurtzi,102.53,102.53
2013,Gasto liquidado de las administraciones locales en proporción al presupuesto aprobado originalmente,,,Segura,%,Segura,102.05,102.05
2016,Gasto liquidado de las administraciones locales en proporción al presupuesto aprobado originalmente,,,Segura,%,Segura,102.48,97.52
2010,Gasto liquidado de las administraciones locales en proporción al presupuesto aprobado originalmente,,,Segura,%,Segura,110.97,89.03
2017,Gasto liquidado de las administraciones locales en proporción al presupuesto aprobado originalmente,,,Segura,%,Segura,103.41,96.59
2021,Gasto liquidado de las administraciones locales en proporción al presupuesto aprobado originalmente,,,Segura,%,Segura,105.57,105.57
2018,Gasto liquidado de las administraciones locales en proporción al presupuesto aprobado originalmente,,,Segura,%,Segura,102.57,102.57
2014,Gasto liquidado de las administraciones locales en proporción al presupuesto aprobado originalmente,,,Segura,%,Segura,100.2,99.8
2011,Gasto liquidado de las administraciones locales en proporción al presupuesto aprobado originalmente,,,Segura,%,Segura,108.04,91.96
2012,Gasto liquidado de las administraciones locales en proporción al presupuesto aprobado originalmente,,,Segura,%,Segura,104.17,104.17
2022,Gasto liquidado de las administraciones locales en proporción al presupuesto aprobado originalmente,,,Segura,%,Segura,101.37,98.63
2015,Gasto liquidado de las administraciones locales en proporción al presupuesto aprobado originalmente,,,Segura,%,Segura,104.61,104.61
2019,Gasto liquidado de las administraciones locales en proporción al presupuesto aprobado originalmente,,,Segura,%,Segura,151.14,151.14
2020,Gasto liquidado de las administraciones locales en proporción al presupuesto aprobado originalmente,,,Segura,%,Segura,125.55,74.45
2023,Gasto liquidado de las administraciones locales en proporción al presupuesto aprobado originalmente,,,Segura,%,Segura,119.08,80.92
2012,Gasto liquidado de las administraciones locales en proporción al presupuesto aprobado originalmente,,,Sestao,%,Sestao,113.68,86.32
2016,Gasto liquidado de las administraciones locales en proporción al presupuesto aprobado originalmente,,,Sestao,%,Sestao,104.79,95.21
2014,Gasto liquidado de las administraciones locales en proporción al presupuesto aprobado originalmente,,,Sestao,%,Sestao,105.51,105.51
2022,Gasto liquidado de las administraciones locales en proporción al presupuesto aprobado originalmente,,,Sestao,%,Sestao,114.28,85.72
2010,Gasto liquidado de las administraciones locales en proporción al presupuesto aprobado originalmente,,,Sestao,%,Sestao,141.31,141.31
2011,Gasto liquidado de las administraciones locales en proporción al presupuesto aprobado originalmente,,,Sestao,%,Sestao,112.0,112.0
2013,Gasto liquidado de las administraciones locales en proporción al presupuesto aprobado originalmente,,,Sestao,%,Sestao,109.74,109.74
2015,Gasto liquidado de las administraciones locales en proporción al presupuesto aprobado originalmente,,,Sestao,%,Sestao,103.79,96.21
2017,Gasto liquidado de las administraciones locales en proporción al presupuesto aprobado originalmente,,,Sestao,%,Sestao,106.99,93.01
2019,Gasto liquidado de las administraciones locales en proporción al presupuesto aprobado originalmente,,,Sestao,%,Sestao,101.51,101.51
2021,Gasto liquidado de las administraciones locales en proporción al presupuesto aprobado originalmente,,,Sestao,%,Sestao,116.19,83.81
2023,Gasto liquidado de las administraciones locales en proporción al presupuesto aprobado originalmente,,,Sestao,%,Sestao,106.74,93.26
2018,Gasto liquidado de las administraciones locales en proporción al presupuesto aprobado originalmente,,,Sestao,%,Sestao,102.14,102.14
2020,Gasto liquidado de las administraciones locales en proporción al presupuesto aprobado originalmente,,,Sestao,%,Sestao,114.37,85.63
2013,Gasto liquidado de las administraciones locales en proporción al presupuesto aprobado originalmente,,,Sondika,%,Sondika,116.79,116.79
2023,Gasto liquidado de las administraciones locales en proporción al presupuesto aprobado originalmente,,,Sondika,%,Sondika,119.93,119.93
2021,Gasto liquidado de las administraciones locales en proporción al presupuesto aprobado originalmente,,,Sondika,%,Sondika,104.7,95.3
2019,Gasto liquidado de las administraciones locales en proporción al presupuesto aprobado originalmente,,,Sondika,%,Sondika,101.67,101.67
2015,Gasto liquidado de las administraciones locales en proporción al presupuesto aprobado originalmente,,,Sondika,%,Sondika,103.79,96.21
2020,Gasto liquidado de las administraciones locales en proporción al presupuesto aprobado originalmente,,,Sondika,%,Sondika,109.81,90.19
2016,Gasto liquidado de las administraciones locales en proporción al presupuesto aprobado originalmente,,,Sondika,%,Sondika,105.89,94.11
2010,Gasto liquidado de las administraciones locales en proporción al presupuesto aprobado originalmente,,,Sondika,%,Sondika,136.73,136.73
2022,Gasto liquidado de las administraciones locales en proporción al presupuesto aprobado originalmente,,,Sondika,%,Sondika,110.23,110.23
2012,Gasto liquidado de las administraciones locales en proporción al presupuesto aprobado originalmente,,,Sondika,%,Sondika,103.33,103.33
2018,Gasto liquidado de las administraciones locales en proporción al presupuesto aprobado originalmente,,,Sondika,%,Sondika,106.79,93.21
2014,Gasto liquidado de las administraciones locales en proporción al presupuesto aprobado originalmente,,,Sondika,%,Sondika,122.19,122.19
2017,Gasto liquidado de las administraciones locales en proporción al presupuesto aprobado originalmente,,,Sondika,%,Sondika,114.86,85.14
2011,Gasto liquidado de las administraciones locales en proporción al presupuesto aprobado originalmente,,,Sondika,%,Sondika,107.15,107.15
2013,Gasto liquidado de las administraciones locales en proporción al presupuesto aprobado originalmente,,,Sopela,%,Sopela,115.83,115.83
2018,Gasto liquidado de las administraciones locales en proporción al presupuesto aprobado originalmente,,,Sopela,%,Sopela,112.81,87.19
2016,Gasto liquidado de las administraciones locales en proporción al presupuesto aprobado originalmente,,,Sopela,%,Sopela,115.27,84.73
2010,Gasto liquidado de las administraciones locales en proporción al presupuesto aprobado originalmente,,,Sopela,%,Sopela,115.98,84.02
2022,Gasto liquidado de las administraciones locales en proporción al presupuesto aprobado originalmente,,,Sopela,%,Sopela,109.61,109.61
2012,Gasto liquidado de las administraciones locales en proporción al presupuesto aprobado originalmente,,,Sopela,%,Sopela,111.87,88.13
2020,Gasto liquidado de las administraciones locales en proporción al presupuesto aprobado originalmente,,,Sopela,%,Sopela,108.33,91.67
2011,Gasto liquidado de las administraciones locales en proporción al presupuesto aprobado originalmente,,,Sopela,%,Sopela,105.93,105.93
2015,Gasto liquidado de las administraciones locales en proporción al presupuesto aprobado originalmente,,,Sopela,%,Sopela,100.5,100.5
2017,Gasto liquidado de las administraciones locales en proporción al presupuesto aprobado originalmente,,,Sopela,%,Sopela,102.77,97.23
2019,Gasto liquidado de las administraciones locales en proporción al presupuesto aprobado originalmente,,,Sopela,%,Sopela,101.83,101.83
2021,Gasto liquidado de las administraciones locales en proporción al presupuesto aprobado originalmente,,,Sopela,%,Sopela,110.66,110.66
2023,Gasto liquidado de las administraciones locales en proporción al presupuesto aprobado originalmente,,,Sopela,%,Sopela,122.36,122.36
2014,Gasto liquidado de las administraciones locales en proporción al presupuesto aprobado originalmente,,,Sopela,%,Sopela,110.79,110.79
2012,Gasto liquidado de las administraciones locales en proporción al presupuesto aprobado originalmente,,,Sopuerta,%,Sopuerta,104.55,95.45
2010,Gasto liquidado de las administraciones locales en proporción al presupuesto aprobado originalmente,,,Sopuerta,%,Sopuerta,107.81,107.81
2020,Gasto liquidado de las administraciones locales en proporción al presupuesto aprobado originalmente,,,Sopuerta,%,Sopuerta,114.07,85.93
2018,Gasto liquidado de las administraciones locales en proporción al presupuesto aprobado originalmente,,,Sopuerta,%,Sopuerta,102.43,97.57
2014,Gasto liquidado de las administraciones locales en proporción al presupuesto aprobado originalmente,,,Sopuerta,%,Sopuerta,100.96,99.04
2011,Gasto liquidado de las administraciones locales en proporción al presupuesto aprobado originalmente,,,Sopuerta,%,Sopuerta,106.8,93.2
2013,Gasto liquidado de las administraciones locales en proporción al presupuesto aprobado originalmente,,,Sopuerta,%,Sopuerta,101.73,98.27
2015,Gasto liquidado de las administraciones locales en proporción al presupuesto aprobado originalmente,,,Sopuerta,%,Sopuerta,115.48,115.48
2017,Gasto liquidado de las administraciones locales en proporción al presupuesto aprobado originalmente,,,Sopuerta,%,Sopuerta,100.11,99.89
2019,Gasto liquidado de las administraciones locales en proporción al presupuesto aprobado originalmente,,,Sopuerta,%,Sopuerta,111.38,88.62
2021,Gasto liquidado de las administraciones locales en proporción al presupuesto aprobado originalmente,,,Sopuerta,%,Sopuerta,125.9,125.9
2023,Gasto liquidado de las administraciones locales en proporción al presupuesto aprobado originalmente,,,Sopuerta,%,Sopuerta,104.94,95.06
2022,Gasto liquidado de las administraciones locales en proporción al presupuesto aprobado originalmente,,,Sopuerta,%,Sopuerta,110.35,110.35
2016,Gasto liquidado de las administraciones locales en proporción al presupuesto aprobado originalmente,,,Sopuerta,%,Sopuerta,104.03,95.97
2014,Gasto liquidado de las administraciones locales en proporción al presupuesto aprobado originalmente,,,Soraluze-Placencia de las Armas,%,Soraluze-Placencia de las Armas,100.97,99.03
2017,Gasto liquidado de las administraciones locales en proporción al presupuesto aprobado originalmente,,,Soraluze-Placencia de las Armas,%,Soraluze-Placencia de las Armas,101.23,101.23
2013,Gasto liquidado de las administraciones locales en proporción al presupuesto aprobado originalmente,,,Soraluze-Placencia de las Armas,%,Soraluze-Placencia de las Armas,108.1,108.1
2021,Gasto liquidado de las administraciones locales en proporción al presupuesto aprobado originalmente,,,Soraluze-Placencia de las Armas,%,Soraluze-Placencia de las Armas,103.42,103.42
2022,Gasto liquidado de las administraciones locales en proporción al presupuesto aprobado originalmente,,,Soraluze-Placencia de las Armas,%,Soraluze-Placencia de las Armas,101.74,101.74
2010,Gasto liquidado de las administraciones locales en proporción al presupuesto aprobado originalmente,,,Soraluze-Placencia de las Armas,%,Soraluze-Placencia de las Armas,147.18,147.18
2018,Gasto liquidado de las administraciones locales en proporción al presupuesto aprobado originalmente,,,Soraluze-Placencia de las Armas,%,Soraluze-Placencia de las Armas,105.87,94.13
2011,Gasto liquidado de las administraciones locales en proporción al presupuesto aprobado originalmente,,,Soraluze-Placencia de las Armas,%,Soraluze-Placencia de las Armas,108.21,108.21
2012,Gasto liquidado de las administraciones locales en proporción al presupuesto aprobado originalmente,,,Soraluze-Placencia de las Armas,%,Soraluze-Placencia de las Armas,104.48,104.48
2015,Gasto liquidado de las administraciones locales en proporción al presupuesto aprobado originalmente,,,Soraluze-Placencia de las Armas,%,Soraluze-Placencia de las Armas,102.92,102.92
2016,Gasto liquidado de las administraciones locales en proporción al presupuesto aprobado originalmente,,,Soraluze-Placencia de las Armas,%,Soraluze-Placencia de las Armas,102.92,97.08
2019,Gasto liquidado de las administraciones locales en proporción al presupuesto aprobado originalmente,,,Soraluze-Placencia de las Armas,%,Soraluze-Placencia de las Armas,115.6,115.6
2020,Gasto liquidado de las administraciones locales en proporción al presupuesto aprobado originalmente,,,Soraluze-Placencia de las Armas,%,Soraluze-Placencia de las Armas,100.05,100.05
2023,Gasto liquidado de las administraciones locales en proporción al presupuesto aprobado originalmente,,,Soraluze-Placencia de las Armas,%,Soraluze-Placencia de las Armas,131.56,131.56
2010,Gasto liquidado de las administraciones locales en proporción al presupuesto aprobado originalmente,,,Sukarrieta,%,Sukarrieta,133.11,133.11
2012,Gasto liquidado de las administraciones locales en proporción al presupuesto aprobado originalmente,,,Sukarrieta,%,Sukarrieta,134.91,134.91
2020,Gasto liquidado de las administraciones locales en proporción al presupuesto aprobado originalmente,,,Sukarrieta,%,Sukarrieta,102.42,97.58
2018,Gasto liquidado de las administraciones locales en proporción al presupuesto aprobado originalmente,,,Sukarrieta,%,Sukarrieta,140.62,59.38
2014,Gasto liquidado de las administraciones locales en proporción al presupuesto aprobado originalmente,,,Sukarrieta,%,Sukarrieta,111.23,88.77
2016,Gasto liquidado de las administraciones locales en proporción al presupuesto aprobado originalmente,,,Sukarrieta,%,Sukarrieta,110.12,89.88
2011,Gasto liquidado de las administraciones locales en proporción al presupuesto aprobado originalmente,,,Sukarrieta,%,Sukarrieta,134.52,134.52
2013,Gasto liquidado de las administraciones locales en proporción al presupuesto aprobado originalmente,,,Sukarrieta,%,Sukarrieta,106.98,106.98
2015,Gasto liquidado de las administraciones locales en proporción al presupuesto aprobado originalmente,,,Sukarrieta,%,Sukarrieta,116.78,83.22
2017,Gasto liquidado de las administraciones locales en proporción al presupuesto aprobado originalmente,,,Sukarrieta,%,Sukarrieta,106.3,93.7
2019,Gasto liquidado de las administraciones locales en proporción al presupuesto aprobado originalmente,,,Sukarrieta,%,Sukarrieta,122.39,77.61
2021,Gasto liquidado de las administraciones locales en proporción al presupuesto aprobado originalmente,,,Sukarrieta,%,Sukarrieta,122.1,122.1
2023,Gasto liquidado de las administraciones locales en proporción al presupuesto aprobado originalmente,,,Sukarrieta,%,Sukarrieta,103.82,103.82
2022,Gasto liquidado de las administraciones locales en proporción al presupuesto aprobado originalmente,,,Sukarrieta,%,Sukarrieta,125.45,74.55
2023,Gasto liquidado de las administraciones locales en proporción al presupuesto aprobado originalmente,,,Tolosa,%,Tolosa,104.37,95.63
2019,Gasto liquidado de las administraciones locales en proporción al presupuesto aprobado originalmente,,,Tolosa,%,Tolosa,102.32,97.68
2020,Gasto liquidado de las administraciones locales en proporción al presupuesto aprobado originalmente,,,Tolosa,%,Tolosa,115.64,84.36
2010,Gasto liquidado de las administraciones locales en proporción al presupuesto aprobado originalmente,,,Tolosa,%,Tolosa,131.37,131.37
2016,Gasto liquidado de las administraciones locales en proporción al presupuesto aprobado originalmente,,,Tolosa,%,Tolosa,103.25,103.25
2013,Gasto liquidado de las administraciones locales en proporción al presupuesto aprobado originalmente,,,Tolosa,%,Tolosa,110.66,89.34
2014,Gasto liquidado de las administraciones locales en proporción al presupuesto aprobado originalmente,,,Tolosa,%,Tolosa,102.53,102.53
2017,Gasto liquidado de las administraciones locales en proporción al presupuesto aprobado originalmente,,,Tolosa,%,Tolosa,102.04,97.96
2018,Gasto liquidado de las administraciones locales en proporción al presupuesto aprobado originalmente,,,Tolosa,%,Tolosa,104.17,95.83
2021,Gasto liquidado de las administraciones locales en proporción al presupuesto aprobado originalmente,,,Tolosa,%,Tolosa,104.32,95.68
2022,Gasto liquidado de las administraciones locales en proporción al presupuesto aprobado originalmente,,,Tolosa,%,Tolosa,112.93,87.07
2015,Gasto liquidado de las administraciones locales en proporción al presupuesto aprobado originalmente,,,Tolosa,%,Tolosa,100.43,100.43
2012,Gasto liquidado de las administraciones locales en proporción al presupuesto aprobado originalmente,,,Tolosa,%,Tolosa,101.7,98.3
2011,Gasto liquidado de las administraciones locales en proporción al presupuesto aprobado originalmente,,,Tolosa,%,Tolosa,134.07,134.07
2013,Gasto liquidado de las administraciones locales en proporción al presupuesto aprobado originalmente,,,Trucios-Turtzioz,%,Trucios-Turtzioz,125.86,74.14
2018,Gasto liquidado de las administraciones locales en proporción al presupuesto aprobado originalmente,,,Trucios-Turtzioz,%,Trucios-Turtzioz,128.96,128.96
2014,Gasto liquidado de las administraciones locales en proporción al presupuesto aprobado originalmente,,,Trucios-Turtzioz,%,Trucios-Turtzioz,108.03,91.97
2010,Gasto liquidado de las administraciones locales en proporción al presupuesto aprobado originalmente,,,Trucios-Turtzioz,%,Trucios-Turtzioz,231.54,231.54
2012,Gasto liquidado de las administraciones locales en proporción al presupuesto aprobado originalmente,,,Trucios-Turtzioz,%,Trucios-Turtzioz,107.66,107.66
2016,Gasto liquidado de las administraciones locales en proporción al presupuesto aprobado originalmente,,,Trucios-Turtzioz,%,Trucios-Turtzioz,104.92,104.92
2011,Gasto liquidado de las administraciones locales en proporción al presupuesto aprobado originalmente,,,Trucios-Turtzioz,%,Trucios-Turtzioz,100.38,99.62
2015,Gasto liquidado de las administraciones locales en proporción al presupuesto aprobado originalmente,,,Trucios-Turtzioz,%,Trucios-Turtzioz,115.58,84.42
2017,Gasto liquidado de las administraciones locales en proporción al presupuesto aprobado originalmente,,,Trucios-Turtzioz,%,Trucios-Turtzioz,112.78,112.78
2019,Gasto liquidado de las administraciones locales en proporción al presupuesto aprobado originalmente,,,Trucios-Turtzioz,%,Trucios-Turtzioz,100.73,100.73
2021,Gasto liquidado de las administraciones locales en proporción al presupuesto aprobado originalmente,,,Trucios-Turtzioz,%,Trucios-Turtzioz,106.03,106.03
2023,Gasto liquidado de las administraciones locales en proporción al presupuesto aprobado originalmente,,,Trucios-Turtzioz,%,Trucios-Turtzioz,138.29,61.71
2022,Gasto liquidado de las administraciones locales en proporción al presupuesto aprobado originalmente,,,Trucios-Turtzioz,%,Trucios-Turtzioz,118.24,81.76
2020,Gasto liquidado de las administraciones locales en proporción al presupuesto aprobado originalmente,,,Trucios-Turtzioz,%,Trucios-Turtzioz,112.72,87.28
2016,Gasto liquidado de las administraciones locales en proporción al presupuesto aprobado originalmente,,,Ubide,%,Ubide,129.77,129.77
2014,Gasto liquidado de las administraciones locales en proporción al presupuesto aprobado originalmente,,,Ubide,%,Ubide,104.4,104.4
2012,Gasto liquidado de las administraciones locales en proporción al presupuesto aprobado originalmente,,,Ubide,%,Ubide,126.31,126.31
2022,Gasto liquidado de las administraciones locales en proporción al presupuesto aprobado originalmente,,,Ubide,%,Ubide,134.67,134.67
2010,Gasto liquidado de las administraciones locales en proporción al presupuesto aprobado originalmente,,,Ubide,%,Ubide,126.97,73.03
2011,Gasto liquidado de las administraciones locales en proporción al presupuesto aprobado originalmente,,,Ubide,%,Ubide,140.25,59.75
2013,Gasto liquidado de las administraciones locales en proporción al presupuesto aprobado originalmente,,,Ubide,%,Ubide,110.53,89.47
2015,Gasto liquidado de las administraciones locales en proporción al presupuesto aprobado originalmente,,,Ubide,%,Ubide,109.99,90.01
2017,Gasto liquidado de las administraciones locales en proporción al presupuesto aprobado originalmente,,,Ubide,%,Ubide,140.01,140.01
2019,Gasto liquidado de las administraciones locales en proporción al presupuesto aprobado originalmente,,,Ubide,%,Ubide,137.82,137.82
2021,Gasto liquidado de las administraciones locales en proporción al presupuesto aprobado originalmente,,,Ubide,%,Ubide,108.31,91.69
2023,Gasto liquidado de las administraciones locales en proporción al presupuesto aprobado originalmente,,,Ubide,%,Ubide,162.76,162.76
2018,Gasto liquidado de las administraciones locales en proporción al presupuesto aprobado originalmente,,,Ubide,%,Ubide,115.94,115.94
2020,Gasto liquidado de las administraciones locales en proporción al presupuesto aprobado originalmente,,,Ubide,%,Ubide,123.78,76.22
2016,Gasto liquidado de las administraciones locales en proporción al presupuesto aprobado originalmente,,,Ugao-Miraballes,%,Ugao-Miraballes,101.45,98.55
2018,Gasto liquidado de las administraciones locales en proporción al presupuesto aprobado originalmente,,,Ugao-Miraballes,%,Ugao-Miraballes,105.94,94.06
2020,Gasto liquidado de las administraciones locales en proporción al presupuesto aprobado originalmente,,,Ugao-Miraballes,%,Ugao-Miraballes,111.58,88.42
2010,Gasto liquidado de las administraciones locales en proporción al presupuesto aprobado originalmente,,,Ugao-Miraballes,%,Ugao-Miraballes,101.62,98.38
2012,Gasto liquidado de las administraciones locales en proporción al presupuesto aprobado originalmente,,,Ugao-Miraballes,%,Ugao-Miraballes,100.12,100.12
2022,Gasto liquidado de las administraciones locales en proporción al presupuesto aprobado originalmente,,,Ugao-Miraballes,%,Ugao-Miraballes,101.07,101.07
2011,Gasto liquidado de las administraciones locales en proporción al presupuesto aprobado originalmente,,,Ugao-Miraballes,%,Ugao-Miraballes,106.98,93.02
2013,Gasto liquidado de las administraciones locales en proporción al presupuesto aprobado originalmente,,,Ugao-Miraballes,%,Ugao-Miraballes,116.61,116.61
2015,Gasto liquidado de las administraciones locales en proporción al presupuesto aprobado originalmente,,,Ugao-Miraballes,%,Ugao-Miraballes,107.4,92.6
2017,Gasto liquidado de las administraciones locales en proporción al presupuesto aprobado originalmente,,,Ugao-Miraballes,%,Ugao-Miraballes,100.5,100.5
2019,Gasto liquidado de las administraciones locales en proporción al presupuesto aprobado originalmente,,,Ugao-Miraballes,%,Ugao-Miraballes,104.54,95.46
2021,Gasto liquidado de las administraciones locales en proporción al presupuesto aprobado originalmente,,,Ugao-Miraballes,%,Ugao-Miraballes,100.34,100.34
2023,Gasto liquidado de las administraciones locales en proporción al presupuesto aprobado originalmente,,,Ugao-Miraballes,%,Ugao-Miraballes,117.03,117.03
2014,Gasto liquidado de las administraciones locales en proporción al presupuesto aprobado originalmente,,,Ugao-Miraballes,%,Ugao-Miraballes,113.04,86.96
2018,Gasto liquidado de las administraciones locales en proporción al presupuesto aprobado originalmente,,,Urduliz,%,Urduliz,148.45,51.55
2010,Gasto liquidado de las administraciones locales en proporción al presupuesto aprobado originalmente,,,Urduliz,%,Urduliz,105.07,94.93
2014,Gasto liquidado de las administraciones locales en proporción al presupuesto aprobado originalmente,,,Urduliz,%,Urduliz,117.77,117.77
2012,Gasto liquidado de las administraciones locales en proporción al presupuesto aprobado originalmente,,,Urduliz,%,Urduliz,141.27,58.73
2020,Gasto liquidado de las administraciones locales en proporción al presupuesto aprobado originalmente,,,Urduliz,%,Urduliz,183.82,183.82
2011,Gasto liquidado de las administraciones locales en proporción al presupuesto aprobado originalmente,,,Urduliz,%,Urduliz,148.69,51.31
2013,Gasto liquidado de las administraciones locales en proporción al presupuesto aprobado originalmente,,,Urduliz,%,Urduliz,112.57,112.57
2015,Gasto liquidado de las administraciones locales en proporción al presupuesto aprobado originalmente,,,Urduliz,%,Urduliz,115.42,115.42
2017,Gasto liquidado de las administraciones locales en proporción al presupuesto aprobado originalmente,,,Urduliz,%,Urduliz,128.13,71.87
2019,Gasto liquidado de las administraciones locales en proporción al presupuesto aprobado originalmente,,,Urduliz,%,Urduliz,142.22,142.22
2021,Gasto liquidado de las administraciones locales en proporción al presupuesto aprobado originalmente,,,Urduliz,%,Urduliz,141.13,141.13
2023,Gasto liquidado de las administraciones locales en proporción al presupuesto aprobado originalmente,,,Urduliz,%,Urduliz,128.65,128.65
2016,Gasto liquidado de las administraciones locales en proporción al presupuesto aprobado originalmente,,,Urduliz,%,Urduliz,114.81,85.19
2022,Gasto liquidado de las administraciones locales en proporción al presupuesto aprobado originalmente,,,Urduliz,%,Urduliz,140.2,140.2
2016,Gasto liquidado de las administraciones locales en proporción al presupuesto aprobado originalmente,,,Urduña/Orduña,%,Urduña/Orduña,112.37,112.37
2018,Gasto liquidado de las administraciones locales en proporción al presupuesto aprobado originalmente,,,Urduña/Orduña,%,Urduña/Orduña,106.28,106.28
2022,Gasto liquidado de las administraciones locales en proporción al presupuesto aprobado originalmente,,,Urduña/Orduña,%,Urduña/Orduña,106.08,106.08
2014,Gasto liquidado de las administraciones locales en proporción al presupuesto aprobado originalmente,,,Urduña/Orduña,%,Urduña/Orduña,109.54,90.46
2010,Gasto liquidado de las administraciones locales en proporción al presupuesto aprobado originalmente,,,Urduña/Orduña,%,Urduña/Orduña,107.23,92.77
2012,Gasto liquidado de las administraciones locales en proporción al presupuesto aprobado originalmente,,,Urduña/Orduña,%,Urduña/Orduña,100.03,100.03
2020,Gasto liquidado de las administraciones locales en proporción al presupuesto aprobado originalmente,,,Urduña/Orduña,%,Urduña/Orduña,102.08,97.92
2011,Gasto liquidado de las administraciones locales en proporción al presupuesto aprobado originalmente,,,Urduña/Orduña,%,Urduña/Orduña,114.55,114.55
2013,Gasto liquidado de las administraciones locales en proporción al presupuesto aprobado originalmente,,,Urduña/Orduña,%,Urduña/Orduña,115.18,115.18
2015,Gasto liquidado de las administraciones locales en proporción al presupuesto aprobado originalmente,,,Urduña/Orduña,%,Urduña/Orduña,105.96,105.96
2017,Gasto liquidado de las administraciones locales en proporción al presupuesto aprobado originalmente,,,Urduña/Orduña,%,Urduña/Orduña,111.88,111.88
2019,Gasto liquidado de las administraciones locales en proporción al presupuesto aprobado originalmente,,,Urduña/Orduña,%,Urduña/Orduña,115.55,115.55
2021,Gasto liquidado de las administraciones locales en proporción al presupuesto aprobado originalmente,,,Urduña/Orduña,%,Urduña/Orduña,109.82,109.82
2023,Gasto liquidado de las administraciones locales en proporción al presupuesto aprobado originalmente,,,Urduña/Orduña,%,Urduña/Orduña,106.92,106.92
2014,Gasto liquidado de las administraciones locales en proporción al presupuesto aprobado originalmente,,,Urkabustaiz,%,Urkabustaiz,103.81,96.19
2018,Gasto liquidado de las administraciones locales en proporción al presupuesto aprobado originalmente,,,Urkabustaiz,%,Urkabustaiz,112.11,87.89
2011,Gasto liquidado de las administraciones locales en proporción al presupuesto aprobado originalmente,,,Urkabustaiz,%,Urkabustaiz,139.82,60.18
2012,Gasto liquidado de las administraciones locales en proporción al presupuesto aprobado originalmente,,,Urkabustaiz,%,Urkabustaiz,124.74,124.74
2016,Gasto liquidado de las administraciones locales en proporción al presupuesto aprobado originalmente,,,Urkabustaiz,%,Urkabustaiz,121.68,121.68
2020,Gasto liquidado de las administraciones locales en proporción al presupuesto aprobado originalmente,,,Urkabustaiz,%,Urkabustaiz,123.24,123.24
2015,Gasto liquidado de las administraciones locales en proporción al presupuesto aprobado originalmente,,,Urkabustaiz,%,Urkabustaiz,105.82,94.18
2013,Gasto liquidado de las administraciones locales en proporción al presupuesto aprobado originalmente,,,Urkabustaiz,%,Urkabustaiz,102.4,97.6
2017,Gasto liquidado de las administraciones locales en proporción al presupuesto aprobado originalmente,,,Urkabustaiz,%,Urkabustaiz,103.4,96.6
2023,Gasto liquidado de las administraciones locales en proporción al presupuesto aprobado originalmente,,,Urkabustaiz,%,Urkabustaiz,112.03,112.03
2021,Gasto liquidado de las administraciones locales en proporción al presupuesto aprobado originalmente,,,Urkabustaiz,%,Urkabustaiz,103.49,103.49
2022,Gasto liquidado de las administraciones locales en proporción al presupuesto aprobado originalmente,,,Urkabustaiz,%,Urkabustaiz,126.04,126.04
2019,Gasto liquidado de las administraciones locales en proporción al presupuesto aprobado originalmente,,,Urkabustaiz,%,Urkabustaiz,119.34,80.66
2010,Gasto liquidado de las administraciones locales en proporción al presupuesto aprobado originalmente,,,Urkabustaiz,%,Urkabustaiz,134.39,134.39
2016,Gasto liquidado de las administraciones locales en proporción al presupuesto aprobado originalmente,,,Urnieta,%,Urnieta,107.16,92.84
2018,Gasto liquidado de las administraciones locales en proporción al presupuesto aprobado originalmente,,,Urnieta,%,Urnieta,101.06,101.06
2022,Gasto liquidado de las administraciones locales en proporción al presupuesto aprobado originalmente,,,Urnieta,%,Urnieta,106.77,93.23
2017,Gasto liquidado de las administraciones locales en proporción al presupuesto aprobado originalmente,,,Urnieta,%,Urnieta,102.05,97.95
2019,Gasto liquidado de las administraciones locales en proporción al presupuesto aprobado originalmente,,,Urnieta,%,Urnieta,102.85,102.85
2013,Gasto liquidado de las administraciones locales en proporción al presupuesto aprobado originalmente,,,Urnieta,%,Urnieta,101.4,98.6
2015,Gasto liquidado de las administraciones locales en proporción al presupuesto aprobado originalmente,,,Urnieta,%,Urnieta,100.06,99.94
2011,Gasto liquidado de las administraciones locales en proporción al presupuesto aprobado originalmente,,,Urnieta,%,Urnieta,107.84,107.84
2021,Gasto liquidado de las administraciones locales en proporción al presupuesto aprobado originalmente,,,Urnieta,%,Urnieta,135.98,135.98
2014,Gasto liquidado de las administraciones locales en proporción al presupuesto aprobado originalmente,,,Urnieta,%,Urnieta,101.89,98.11
2023,Gasto liquidado de las administraciones locales en proporción al presupuesto aprobado originalmente,,,Urnieta,%,Urnieta,100.56,100.56
2020,Gasto liquidado de las administraciones locales en proporción al presupuesto aprobado originalmente,,,Urnieta,%,Urnieta,117.54,117.54
2010,Gasto liquidado de las administraciones locales en proporción al presupuesto aprobado originalmente,,,Urnieta,%,Urnieta,103.36,96.64
2012,Gasto liquidado de las administraciones locales en proporción al presupuesto aprobado originalmente,,,Urnieta,%,Urnieta,114.47,85.53
2010,Gasto liquidado de las administraciones locales en proporción al presupuesto aprobado originalmente,,,Urretxu,%,Urretxu,126.6,126.6
2015,Gasto liquidado de las administraciones locales en proporción al presupuesto aprobado originalmente,,,Urretxu,%,Urretxu,102.32,97.68
2023,Gasto liquidado de las administraciones locales en proporción al presupuesto aprobado originalmente,,,Urretxu,%,Urretxu,103.03,96.97
2018,Gasto liquidado de las administraciones locales en proporción al presupuesto aprobado originalmente,,,Urretxu,%,Urretxu,103.11,103.11
2011,Gasto liquidado de las administraciones locales en proporción al presupuesto aprobado originalmente,,,Urretxu,%,Urretxu,102.5,97.5
2019,Gasto liquidado de las administraciones locales en proporción al presupuesto aprobado originalmente,,,Urretxu,%,Urretxu,101.19,98.81
2014,Gasto liquidado de las administraciones locales en proporción al presupuesto aprobado originalmente,,,Urretxu,%,Urretxu,100.27,100.27
2022,Gasto liquidado de las administraciones locales en proporción al presupuesto aprobado originalmente,,,Urretxu,%,Urretxu,106.65,93.35
2012,Gasto liquidado de las administraciones locales en proporción al presupuesto aprobado originalmente,,,Urretxu,%,Urretxu,105.25,94.75
2013,Gasto liquidado de las administraciones locales en proporción al presupuesto aprobado originalmente,,,Urretxu,%,Urretxu,100.46,99.54
2016,Gasto liquidado de las administraciones locales en proporción al presupuesto aprobado originalmente,,,Urretxu,%,Urretxu,109.57,90.43
2017,Gasto liquidado de las administraciones locales en proporción al presupuesto aprobado originalmente,,,Urretxu,%,Urretxu,104.38,95.62
2020,Gasto liquidado de las administraciones locales en proporción al presupuesto aprobado originalmente,,,Urretxu,%,Urretxu,106.31,93.69
2021,Gasto liquidado de las administraciones locales en proporción al presupuesto aprobado originalmente,,,Urretxu,%,Urretxu,111.34,111.34
2019,Gasto liquidado de las administraciones locales en proporción al presupuesto aprobado originalmente,,,Usurbil,%,Usurbil,106.66,93.34
2011,Gasto liquidado de las administraciones locales en proporción al presupuesto aprobado originalmente,,,Usurbil,%,Usurbil,105.19,94.81
2022,Gasto liquidado de las administraciones locales en proporción al presupuesto aprobado originalmente,,,Usurbil,%,Usurbil,100.45,99.55
2013,Gasto liquidado de las administraciones locales en proporción al presupuesto aprobado originalmente,,,Usurbil,%,Usurbil,101.25,98.75
2021,Gasto liquidado de las administraciones locales en proporción al presupuesto aprobado originalmente,,,Usurbil,%,Usurbil,114.11,85.89
2020,Gasto liquidado de las administraciones locales en proporción al presupuesto aprobado originalmente,,,Usurbil,%,Usurbil,102.26,97.74
2012,Gasto liquidado de las administraciones locales en proporción al presupuesto aprobado originalmente,,,Usurbil,%,Usurbil,114.11,85.89
2016,Gasto liquidado de las administraciones locales en proporción al presupuesto aprobado originalmente,,,Usurbil,%,Usurbil,108.47,91.53
2017,Gasto liquidado de las administraciones locales en proporción al presupuesto aprobado originalmente,,,Usurbil,%,Usurbil,107.11,92.89
2010,Gasto liquidado de las administraciones locales en proporción al presupuesto aprobado originalmente,,,Usurbil,%,Usurbil,106.03,93.97
2018,Gasto liquidado de las administraciones locales en proporción al presupuesto aprobado originalmente,,,Usurbil,%,Usurbil,108.55,91.45
2015,Gasto liquidado de las administraciones locales en proporción al presupuesto aprobado originalmente,,,Usurbil,%,Usurbil,108.25,91.75
2023,Gasto liquidado de las administraciones locales en proporción al presupuesto aprobado originalmente,,,Usurbil,%,Usurbil,102.22,102.22
2014,Gasto liquidado de las administraciones locales en proporción al presupuesto aprobado originalmente,,,Usurbil,%,Usurbil,104.96,95.04
2013,Gasto liquidado de las administraciones locales en proporción al presupuesto aprobado originalmente,,,Valdegovía/Gaubea,%,Valdegovía/Gaubea,102.11,102.11
2014,Gasto liquidado de las administraciones locales en proporción al presupuesto aprobado originalmente,,,Valdegovía/Gaubea,%,Valdegovía/Gaubea,115.61,84.39
2016,Gasto liquidado de las administraciones locales en proporción al presupuesto aprobado originalmente,,,Valdegovía/Gaubea,%,Valdegovía/Gaubea,128.9,71.1
2017,Gasto liquidado de las administraciones locales en proporción al presupuesto aprobado originalmente,,,Valdegovía/Gaubea,%,Valdegovía/Gaubea,112.37,112.37
2021,Gasto liquidado de las administraciones locales en proporción al presupuesto aprobado originalmente,,,Valdegovía/Gaubea,%,Valdegovía/Gaubea,100.81,99.19
2023,Gasto liquidado de las administraciones locales en proporción al presupuesto aprobado originalmente,,,Valdegovía/Gaubea,%,Valdegovía/Gaubea,127.07,127.07
2012,Gasto liquidado de las administraciones locales en proporción al presupuesto aprobado originalmente,,,Valdegovía/Gaubea,%,Valdegovía/Gaubea,112.17,112.17
2020,Gasto liquidado de las administraciones locales en proporción al presupuesto aprobado originalmente,,,Valdegovía/Gaubea,%,Valdegovía/Gaubea,106.57,106.57
2010,Gasto liquidado de las administraciones locales en proporción al presupuesto aprobado originalmente,,,Valdegovía/Gaubea,%,Valdegovía/Gaubea,156.87,156.87
2022,Gasto liquidado de las administraciones locales en proporción al presupuesto aprobado originalmente,,,Valdegovía/Gaubea,%,Valdegovía/Gaubea,104.91,95.09
2011,Gasto liquidado de las administraciones locales en proporción al presupuesto aprobado originalmente,,,Valdegovía/Gaubea,%,Valdegovía/Gaubea,111.2,111.2
2019,Gasto liquidado de las administraciones locales en proporción al presupuesto aprobado originalmente,,,Valdegovía/Gaubea,%,Valdegovía/Gaubea,100.97,99.03
2018,Gasto liquidado de las administraciones locales en proporción al presupuesto aprobado originalmente,,,Valdegovía/Gaubea,%,Valdegovía/Gaubea,108.89,108.89
2015,Gasto liquidado de las administraciones locales en proporción al presupuesto aprobado originalmente,,,Valdegovía/Gaubea,%,Valdegovía/Gaubea,126.37,126.37
2019,Gasto liquidado de las administraciones locales en proporción al presupuesto aprobado originalmente,,,Valle de Trápaga-Trapagaran,%,Valle de Trápaga-Trapagaran,118.37,118.37
2015,Gasto liquidado de las administraciones locales en proporción al presupuesto aprobado originalmente,,,Valle de Trápaga-Trapagaran,%,Valle de Trápaga-Trapagaran,104.99,104.99
2011,Gasto liquidado de las administraciones locales en proporción al presupuesto aprobado originalmente,,,Valle de Trápaga-Trapagaran,%,Valle de Trápaga-Trapagaran,116.71,116.71
2013,Gasto liquidado de las administraciones locales en proporción al presupuesto aprobado originalmente,,,Valle de Trápaga-Trapagaran,%,Valle de Trápaga-Trapagaran,114.78,114.78
2017,Gasto liquidado de las administraciones locales en proporción al presupuesto aprobado originalmente,,,Valle de Trápaga-Trapagaran,%,Valle de Trápaga-Trapagaran,116.07,116.07
2010,Gasto liquidado de las administraciones locales en proporción al presupuesto aprobado originalmente,,,Valle de Trápaga-Trapagaran,%,Valle de Trápaga-Trapagaran,109.59,109.59
2012,Gasto liquidado de las administraciones locales en proporción al presupuesto aprobado originalmente,,,Valle de Trápaga-Trapagaran,%,Valle de Trápaga-Trapagaran,104.16,95.84
2014,Gasto liquidado de las administraciones locales en proporción al presupuesto aprobado originalmente,,,Valle de Trápaga-Trapagaran,%,Valle de Trápaga-Trapagaran,115.47,115.47
2016,Gasto liquidado de las administraciones locales en proporción al presupuesto aprobado originalmente,,,Valle de Trápaga-Trapagaran,%,Valle de Trápaga-Trapagaran,100.53,99.47
2018,Gasto liquidado de las administraciones locales en proporción al presupuesto aprobado originalmente,,,Valle de Trápaga-Trapagaran,%,Valle de Trápaga-Trapagaran,100.17,100.17
2020,Gasto liquidado de las administraciones locales en proporción al presupuesto aprobado originalmente,,,Valle de Trápaga-Trapagaran,%,Valle de Trápaga-Trapagaran,101.07,101.07
2022,Gasto liquidado de las administraciones locales en proporción al presupuesto aprobado originalmente,,,Valle de Trápaga-Trapagaran,%,Valle de Trápaga-Trapagaran,105.19,94.81
2021,Gasto liquidado de las administraciones locales en proporción al presupuesto aprobado originalmente,,,Valle de Trápaga-Trapagaran,%,Valle de Trápaga-Trapagaran,100.15,100.15
2019,Gasto liquidado de las administraciones locales en proporción al presupuesto aprobado originalmente,,,Villabona,%,Villabona,105.71,105.71
2022,Gasto liquidado de las administraciones locales en proporción al presupuesto aprobado originalmente,,,Villabona,%,Villabona,105.23,94.77
2015,Gasto liquidado de las administraciones locales en proporción al presupuesto aprobado originalmente,,,Villabona,%,Villabona,109.96,90.04
2018,Gasto liquidado de las administraciones locales en proporción al presupuesto aprobado originalmente,,,Villabona,%,Villabona,106.39,93.61
2014,Gasto liquidado de las administraciones locales en proporción al presupuesto aprobado originalmente,,,Villabona,%,Villabona,105.71,105.71
2011,Gasto liquidado de las administraciones locales en proporción al presupuesto aprobado originalmente,,,Villabona,%,Villabona,103.35,96.65
2023,Gasto liquidado de las administraciones locales en proporción al presupuesto aprobado originalmente,,,Villabona,%,Villabona,109.24,109.24
2010,Gasto liquidado de las administraciones locales en proporción al presupuesto aprobado originalmente,,,Villabona,%,Villabona,123.19,123.19
2012,Gasto liquidado de las administraciones locales en proporción al presupuesto aprobado originalmente,,,Villabona,%,Villabona,106.47,93.53
2020,Gasto liquidado de las administraciones locales en proporción al presupuesto aprobado originalmente,,,Villabona,%,Villabona,111.24,88.76
2013,Gasto liquidado de las administraciones locales en proporción al presupuesto aprobado originalmente,,,Villabona,%,Villabona,106.26,106.26
2016,Gasto liquidado de las administraciones locales en proporción al presupuesto aprobado originalmente,,,Villabona,%,Villabona,103.6,103.6
2017,Gasto liquidado de las administraciones locales en proporción al presupuesto aprobado originalmente,,,Villabona,%,Villabona,103.73,96.27
2021,Gasto liquidado de las administraciones locales en proporción al presupuesto aprobado originalmente,,,Villabona,%,Villabona,102.87,97.13
2012,Gasto liquidado de las administraciones locales en proporción al presupuesto aprobado originalmente,,,Villabuena de Álava/Eskuernaga,%,Villabuena de Álava/Eskuernaga,161.73,38.27
2013,Gasto liquidado de las administraciones locales en proporción al presupuesto aprobado originalmente,,,Villabuena de Álava/Eskuernaga,%,Villabuena de Álava/Eskuernaga,153.38,46.62
2017,Gasto liquidado de las administraciones locales en proporción al presupuesto aprobado originalmente,,,Villabuena de Álava/Eskuernaga,%,Villabuena de Álava/Eskuernaga,151.18,48.82
2020,Gasto liquidado de las administraciones locales en proporción al presupuesto aprobado originalmente,,,Villabuena de Álava/Eskuernaga,%,Villabuena de Álava/Eskuernaga,111.97,111.97
2021,Gasto liquidado de las administraciones locales en proporción al presupuesto aprobado originalmente,,,Villabuena de Álava/Eskuernaga,%,Villabuena de Álava/Eskuernaga,114.59,114.59
2016,Gasto liquidado de las administraciones locales en proporción al presupuesto aprobado originalmente,,,Villabuena de Álava/Eskuernaga,%,Villabuena de Álava/Eskuernaga,171.07,28.93
2010,Gasto liquidado de las administraciones locales en proporción al presupuesto aprobado originalmente,,,Villabuena de Álava/Eskuernaga,%,Villabuena de Álava/Eskuernaga,174.01,25.99
2022,Gasto liquidado de las administraciones locales en proporción al presupuesto aprobado originalmente,,,Villabuena de Álava/Eskuernaga,%,Villabuena de Álava/Eskuernaga,369.72,369.72
2014,Gasto liquidado de las administraciones locales en proporción al presupuesto aprobado originalmente,,,Villabuena de Álava/Eskuernaga,%,Villabuena de Álava/Eskuernaga,145.46,54.54
2018,Gasto liquidado de las administraciones locales en proporción al presupuesto aprobado originalmente,,,Villabuena de Álava/Eskuernaga,%,Villabuena de Álava/Eskuernaga,162.46,37.54
2011,Gasto liquidado de las administraciones locales en proporción al presupuesto aprobado originalmente,,,Villabuena de Álava/Eskuernaga,%,Villabuena de Álava/Eskuernaga,164.06,35.94
2015,Gasto liquidado de las administraciones locales en proporción al presupuesto aprobado originalmente,,,Villabuena de Álava/Eskuernaga,%,Villabuena de Álava/Eskuernaga,175.93,24.07
2019,Gasto liquidado de las administraciones locales en proporción al presupuesto aprobado originalmente,,,Villabuena de Álava/Eskuernaga,%,Villabuena de Álava/Eskuernaga,145.12,54.88
2023,Gasto liquidado de las administraciones locales en proporción al presupuesto aprobado originalmente,,,Villabuena de Álava/Eskuernaga,%,Villabuena de Álava/Eskuernaga,146.59,146.59
2013,Gasto liquidado de las administraciones locales en proporción al presupuesto aprobado originalmente,,,Vitoria-Gasteiz,%,Vitoria-Gasteiz,102.61,97.39
2021,Gasto liquidado de las administraciones locales en proporción al presupuesto aprobado originalmente,,,Vitoria-Gasteiz,%,Vitoria-Gasteiz,101.09,101.09
2023,Gasto liquidado de las administraciones locales en proporción al presupuesto aprobado originalmente,,,Vitoria-Gasteiz,%,Vitoria-Gasteiz,102.92,102.92
2012,Gasto liquidado de las administraciones locales en proporción al presupuesto aprobado originalmente,,,Vitoria-Gasteiz,%,Vitoria-Gasteiz,126.16,73.84
2017,Gasto liquidado de las administraciones locales en proporción al presupuesto aprobado originalmente,,,Vitoria-Gasteiz,%,Vitoria-Gasteiz,104.98,95.02
2018,Gasto liquidado de las administraciones locales en proporción al presupuesto aprobado originalmente,,,Vitoria-Gasteiz,%,Vitoria-Gasteiz,103.71,96.29
2020,Gasto liquidado de las administraciones locales en proporción al presupuesto aprobado originalmente,,,Vitoria-Gasteiz,%,Vitoria-Gasteiz,107.29,92.71
2010,Gasto liquidado de las administraciones locales en proporción al presupuesto aprobado originalmente,,,Vitoria-Gasteiz,%,Vitoria-Gasteiz,101.88,101.88
2014,Gasto liquidado de las administraciones locales en proporción al presupuesto aprobado originalmente,,,Vitoria-Gasteiz,%,Vitoria-Gasteiz,101.76,101.76
2022,Gasto liquidado de las administraciones locales en proporción al presupuesto aprobado originalmente,,,Vitoria-Gasteiz,%,Vitoria-Gasteiz,104.85,104.85
2011,Gasto liquidado de las administraciones locales en proporción al presupuesto aprobado originalmente,,,Vitoria-Gasteiz,%,Vitoria-Gasteiz,120.98,79.02
2015,Gasto liquidado de las administraciones locales en proporción al presupuesto aprobado originalmente,,,Vitoria-Gasteiz,%,Vitoria-Gasteiz,104.96,104.96
2019,Gasto liquidado de las administraciones locales en proporción al presupuesto aprobado originalmente,,,Vitoria-Gasteiz,%,Vitoria-Gasteiz,100.12,99.88
2016,Gasto liquidado de las administraciones locales en proporción al presupuesto aprobado originalmente,,,Vitoria-Gasteiz,%,Vitoria-Gasteiz,100.57,99.43
2020,Gasto liquidado de las administraciones locales en proporción al presupuesto aprobado originalmente,,,Yécora/Iekora,%,Yécora/Iekora,125.45,74.55
2017,Gasto liquidado de las administraciones locales en proporción al presupuesto aprobado originalmente,,,Yécora/Iekora,%,Yécora/Iekora,104.92,95.08
2023,Gasto liquidado de las administraciones locales en proporción al presupuesto aprobado originalmente,,,Yécora/Iekora,%,Yécora/Iekora,112.04,112.04
2012,Gasto liquidado de las administraciones locales en proporción al presupuesto aprobado originalmente,,,Yécora/Iekora,%,Yécora/Iekora,272.45,272.45
2013,Gasto liquidado de las administraciones locales en proporción al presupuesto aprobado originalmente,,,Yécora/Iekora,%,Yécora/Iekora,175.66,175.66
2021,Gasto liquidado de las administraciones locales en proporción al presupuesto aprobado originalmente,,,Yécora/Iekora,%,Yécora/Iekora,121.1,78.9
2010,Gasto liquidado de las administraciones locales en proporción al presupuesto aprobado originalmente,,,Yécora/Iekora,%,Yécora/Iekora,235.59,235.59
2016,Gasto liquidado de las administraciones locales en proporción al presupuesto aprobado originalmente,,,Yécora/Iekora,%,Yécora/Iekora,112.29,87.71
2018,Gasto liquidado de las administraciones locales en proporción al presupuesto aprobado originalmente,,,Yécora/Iekora,%,Yécora/Iekora,180.27,19.73
2014,Gasto liquidado de las administraciones locales en proporción al presupuesto aprobado originalmente,,,Yécora/Iekora,%,Yécora/Iekora,106.12,93.88
2011,Gasto liquidado de las administraciones locales en proporción al presupuesto aprobado originalmente,,,Yécora/Iekora,%,Yécora/Iekora,462.91,462.91
2022,Gasto liquidado de las administraciones locales en proporción al presupuesto aprobado originalmente,,,Yécora/Iekora,%,Yécora/Iekora,107.63,92.37
2015,Gasto liquidado de las administraciones locales en proporción al presupuesto aprobado originalmente,,,Yécora/Iekora,%,Yécora/Iekora,101.12,101.12
2019,Gasto liquidado de las administraciones locales en proporción al presupuesto aprobado originalmente,,,Yécora/Iekora,%,Yécora/Iekora,174.03,25.97
2012,Gasto liquidado de las administraciones locales en proporción al presupuesto aprobado originalmente,,,Zaldibar,%,Zaldibar,107.64,107.64
2018,Gasto liquidado de las administraciones locales en proporción al presupuesto aprobado originalmente,,,Zaldibar,%,Zaldibar,103.79,96.21
2022,Gasto liquidado de las administraciones locales en proporción al presupuesto aprobado originalmente,,,Zaldibar,%,Zaldibar,102.27,102.27
2020,Gasto liquidado de las administraciones locales en proporción al presupuesto aprobado originalmente,,,Zaldibar,%,Zaldibar,111.04,88.96
2016,Gasto liquidado de las administraciones locales en proporción al presupuesto aprobado originalmente,,,Zaldibar,%,Zaldibar,112.53,112.53
2011,Gasto liquidado de las administraciones locales en proporción al presupuesto aprobado originalmente,,,Zaldibar,%,Zaldibar,104.66,104.66
2015,Gasto liquidado de las administraciones locales en proporción al presupuesto aprobado originalmente,,,Zaldibar,%,Zaldibar,110.56,110.56
2017,Gasto liquidado de las administraciones locales en proporción al presupuesto aprobado originalmente,,,Zaldibar,%,Zaldibar,100.95,100.95
2019,Gasto liquidado de las administraciones locales en proporción al presupuesto aprobado originalmente,,,Zaldibar,%,Zaldibar,136.8,63.2
2021,Gasto liquidado de las administraciones locales en proporción al presupuesto aprobado originalmente,,,Zaldibar,%,Zaldibar,101.24,101.24
2023,Gasto liquidado de las administraciones locales en proporción al presupuesto aprobado originalmente,,,Zaldibar,%,Zaldibar,121.07,121.07
2013,Gasto liquidado de las administraciones locales en proporción al presupuesto aprobado originalmente,,,Zaldibar,%,Zaldibar,128.07,128.07
2010,Gasto liquidado de las administraciones locales en proporción al presupuesto aprobado originalmente,,,Zaldibar,%,Zaldibar,100.33,99.67
2014,Gasto liquidado de las administraciones locales en proporción al presupuesto aprobado originalmente,,,Zaldibar,%,Zaldibar,114.19,85.81
2020,Gasto liquidado de las administraciones locales en proporción al presupuesto aprobado originalmente,,,Zaldibia,%,Zaldibia,138.22,138.22
2012,Gasto liquidado de las administraciones locales en proporción al presupuesto aprobado originalmente,,,Zaldibia,%,Zaldibia,113.85,113.85
2013,Gasto liquidado de las administraciones locales en proporción al presupuesto aprobado originalmente,,,Zaldibia,%,Zaldibia,100.06,99.94
2017,Gasto liquidado de las administraciones locales en proporción al presupuesto aprobado originalmente,,,Zaldibia,%,Zaldibia,113.52,86.48
2016,Gasto liquidado de las administraciones locales en proporción al presupuesto aprobado originalmente,,,Zaldibia,%,Zaldibia,106.23,106.23
2021,Gasto liquidado de las administraciones locales en proporción al presupuesto aprobado originalmente,,,Zaldibia,%,Zaldibia,138.56,138.56
2010,Gasto liquidado de las administraciones locales en proporción al presupuesto aprobado originalmente,,,Zaldibia,%,Zaldibia,105.63,105.63
2018,Gasto liquidado de las administraciones locales en proporción al presupuesto aprobado originalmente,,,Zaldibia,%,Zaldibia,113.13,113.13
2011,Gasto liquidado de las administraciones locales en proporción al presupuesto aprobado originalmente,,,Zaldibia,%,Zaldibia,104.77,104.77
2014,Gasto liquidado de las administraciones locales en proporción al presupuesto aprobado originalmente,,,Zaldibia,%,Zaldibia,109.8,109.8
2015,Gasto liquidado de las administraciones locales en proporción al presupuesto aprobado originalmente,,,Zaldibia,%,Zaldibia,128.06,128.06
2019,Gasto liquidado de las administraciones locales en proporción al presupuesto aprobado originalmente,,,Zaldibia,%,Zaldibia,105.93,105.93
2022,Gasto liquidado de las administraciones locales en proporción al presupuesto aprobado originalmente,,,Zaldibia,%,Zaldibia,113.56,113.56
2023,Gasto liquidado de las administraciones locales en proporción al presupuesto aprobado originalmente,,,Zaldibia,%,Zaldibia,115.41,115.41
2022,Gasto liquidado de las administraciones locales en proporción al presupuesto aprobado originalmente,,,Zalduondo,%,Zalduondo,153.91,46.09
2015,Gasto liquidado de las administraciones locales en proporción al presupuesto aprobado originalmente,,,Zalduondo,%,Zalduondo,111.19,111.19
2014,Gasto liquidado de las administraciones locales en proporción al presupuesto aprobado originalmente,,,Zalduondo,%,Zalduondo,125.02,125.02
2012,Gasto liquidado de las administraciones locales en proporción al presupuesto aprobado originalmente,,,Zalduondo,%,Zalduondo,106.52,93.48
2019,Gasto liquidado de las administraciones locales en proporción al presupuesto aprobado originalmente,,,Zalduondo,%,Zalduondo,126.95,73.05
2010,Gasto liquidado de las administraciones locales en proporción al presupuesto aprobado originalmente,,,Zalduondo,%,Zalduondo,115.38,115.38
2023,Gasto liquidado de las administraciones locales en proporción al presupuesto aprobado originalmente,,,Zalduondo,%,Zalduondo,125.04,74.96
2011,Gasto liquidado de las administraciones locales en proporción al presupuesto aprobado originalmente,,,Zalduondo,%,Zalduondo,178.19,178.19
2018,Gasto liquidado de las administraciones locales en proporción al presupuesto aprobado originalmente,,,Zalduondo,%,Zalduondo,140.68,59.32
2016,Gasto liquidado de las administraciones locales en proporción al presupuesto aprobado originalmente,,,Zalduondo,%,Zalduondo,124.0,76.0
2020,Gasto liquidado de las administraciones locales en proporción al presupuesto aprobado originalmente,,,Zalduondo,%,Zalduondo,126.25,73.75
2013,Gasto liquidado de las administraciones locales en proporción al presupuesto aprobado originalmente,,,Zalduondo,%,Zalduondo,119.09,119.09
2017,Gasto liquidado de las administraciones locales en proporción al presupuesto aprobado originalmente,,,Zalduondo,%,Zalduondo,101.2,101.2
2021,Gasto liquidado de las administraciones locales en proporción al presupuesto aprobado originalmente,,,Zalduondo,%,Zalduondo,103.56,96.44
2022,Gasto liquidado de las administraciones locales en proporción al presupuesto aprobado originalmente,,,Zalla,%,Zalla,103.31,103.31
2020,Gasto liquidado de las administraciones locales en proporción al presupuesto aprobado originalmente,,,Zalla,%,Zalla,127.13,72.87
2012,Gasto liquidado de las administraciones locales en proporción al presupuesto aprobado originalmente,,,Zalla,%,Zalla,106.84,106.84
2014,Gasto liquidado de las administraciones locales en proporción al presupuesto aprobado originalmente,,,Zalla,%,Zalla,110.4,110.4
2010,Gasto liquidado de las administraciones locales en proporción al presupuesto aprobado originalmente,,,Zalla,%,Zalla,111.23,111.23
2011,Gasto liquidado de las administraciones locales en proporción al presupuesto aprobado originalmente,,,Zalla,%,Zalla,108.79,91.21
2013,Gasto liquidado de las administraciones locales en proporción al presupuesto aprobado originalmente,,,Zalla,%,Zalla,115.28,115.28
2015,Gasto liquidado de las administraciones locales en proporción al presupuesto aprobado originalmente,,,Zalla,%,Zalla,112.13,112.13
2021,Gasto liquidado de las administraciones locales en proporción al presupuesto aprobado originalmente,,,Zalla,%,Zalla,102.69,97.31
2017,Gasto liquidado de las administraciones locales en proporción al presupuesto aprobado originalmente,,,Zalla,%,Zalla,104.25,95.75
2019,Gasto liquidado de las administraciones locales en proporción al presupuesto aprobado originalmente,,,Zalla,%,Zalla,107.47,92.53
2018,Gasto liquidado de las administraciones locales en proporción al presupuesto aprobado originalmente,,,Zalla,%,Zalla,106.84,93.16
2016,Gasto liquidado de las administraciones locales en proporción al presupuesto aprobado originalmente,,,Zalla,%,Zalla,101.71,101.71
2023,Gasto liquidado de las administraciones locales en proporción al presupuesto aprobado originalmente,,,Zalla,%,Zalla,101.45,101.45
2016,Gasto liquidado de las administraciones locales en proporción al presupuesto aprobado originalmente,,,Zambrana,%,Zambrana,113.35,113.35
2013,Gasto liquidado de las administraciones locales en proporción al presupuesto aprobado originalmente,,,Zambrana,%,Zambrana,148.35,148.35
2010,Gasto liquidado de las administraciones locales en proporción al presupuesto aprobado originalmente,,,Zambrana,%,Zambrana,113.37,113.37
2018,Gasto liquidado de las administraciones locales en proporción al presupuesto aprobado originalmente,,,Zambrana,%,Zambrana,114.01,114.01
2012,Gasto liquidado de las administraciones locales en proporción al presupuesto aprobado originalmente,,,Zambrana,%,Zambrana,114.13,85.87
2019,Gasto liquidado de las administraciones locales en proporción al presupuesto aprobado originalmente,,,Zambrana,%,Zambrana,127.54,72.46
2020,Gasto liquidado de las administraciones locales en proporción al presupuesto aprobado originalmente,,,Zambrana,%,Zambrana,145.44,54.56
2014,Gasto liquidado de las administraciones locales en proporción al presupuesto aprobado originalmente,,,Zambrana,%,Zambrana,104.49,95.51
2022,Gasto liquidado de las administraciones locales en proporción al presupuesto aprobado originalmente,,,Zambrana,%,Zambrana,110.2,110.2
2011,Gasto liquidado de las administraciones locales en proporción al presupuesto aprobado originalmente,,,Zambrana,%,Zambrana,105.08,105.08
2017,Gasto liquidado de las administraciones locales en proporción al presupuesto aprobado originalmente,,,Zambrana,%,Zambrana,139.59,139.59
2015,Gasto liquidado de las administraciones locales en proporción al presupuesto aprobado originalmente,,,Zambrana,%,Zambrana,122.8,122.8
2023,Gasto liquidado de las administraciones locales en proporción al presupuesto aprobado originalmente,,,Zambrana,%,Zambrana,111.93,88.07
2021,Gasto liquidado de las administraciones locales en proporción al presupuesto aprobado originalmente,,,Zambrana,%,Zambrana,118.06,118.06
2019,Gasto liquidado de las administraciones locales en proporción al presupuesto aprobado originalmente,,,Zamudio,%,Zamudio,104.67,104.67
2014,Gasto liquidado de las administraciones locales en proporción al presupuesto aprobado originalmente,,,Zamudio,%,Zamudio,110.24,110.24
2011,Gasto liquidado de las administraciones locales en proporción al presupuesto aprobado originalmente,,,Zamudio,%,Zamudio,163.96,163.96
2022,Gasto liquidado de las administraciones locales en proporción al presupuesto aprobado originalmente,,,Zamudio,%,Zamudio,132.88,132.88
2012,Gasto liquidado de las administraciones locales en proporción al presupuesto aprobado originalmente,,,Zamudio,%,Zamudio,166.54,166.54
2016,Gasto liquidado de las administraciones locales en proporción al presupuesto aprobado originalmente,,,Zamudio,%,Zamudio,105.05,94.95
2010,Gasto liquidado de las administraciones locales en proporción al presupuesto aprobado originalmente,,,Zamudio,%,Zamudio,105.94,105.94
2020,Gasto liquidado de las administraciones locales en proporción al presupuesto aprobado originalmente,,,Zamudio,%,Zamudio,100.63,99.37
2015,Gasto liquidado de las administraciones locales en proporción al presupuesto aprobado originalmente,,,Zamudio,%,Zamudio,104.32,104.32
2023,Gasto liquidado de las administraciones locales en proporción al presupuesto aprobado originalmente,,,Zamudio,%,Zamudio,115.62,115.62
2017,Gasto liquidado de las administraciones locales en proporción al presupuesto aprobado originalmente,,,Zamudio,%,Zamudio,107.22,107.22
2018,Gasto liquidado de las administraciones locales en proporción al presupuesto aprobado originalmente,,,Zamudio,%,Zamudio,108.23,108.23
2013,Gasto liquidado de las administraciones locales en proporción al presupuesto aprobado originalmente,,,Zamudio,%,Zamudio,107.95,107.95
2021,Gasto liquidado de las administraciones locales en proporción al presupuesto aprobado originalmente,,,Zamudio,%,Zamudio,127.05,127.05
2018,Gasto liquidado de las administraciones locales en proporción al presupuesto aprobado originalmente,,,Zaratamo,%,Zaratamo,112.66,87.34
2022,Gasto liquidado de las administraciones locales en proporción al presupuesto aprobado originalmente,,,Zaratamo,%,Zaratamo,100.88,100.88
2016,Gasto liquidado de las administraciones locales en proporción al presupuesto aprobado originalmente,,,Zaratamo,%,Zaratamo,101.89,101.89
2010,Gasto liquidado de las administraciones locales en proporción al presupuesto aprobado originalmente,,,Zaratamo,%,Zaratamo,143.38,143.38
2012,Gasto liquidado de las administraciones locales en proporción al presupuesto aprobado originalmente,,,Zaratamo,%,Zaratamo,120.44,120.44
2013,Gasto liquidado de las administraciones locales en proporción al presupuesto aprobado originalmente,,,Zaratamo,%,Zaratamo,129.98,129.98
2011,Gasto liquidado de las administraciones locales en proporción al presupuesto aprobado originalmente,,,Zaratamo,%,Zaratamo,108.18,91.82
2023,Gasto liquidado de las administraciones locales en proporción al presupuesto aprobado originalmente,,,Zaratamo,%,Zaratamo,176.4,176.4
2021,Gasto liquidado de las administraciones locales en proporción al presupuesto aprobado originalmente,,,Zaratamo,%,Zaratamo,113.29,86.71
2019,Gasto liquidado de las administraciones locales en proporción al presupuesto aprobado originalmente,,,Zaratamo,%,Zaratamo,109.56,90.44
2017,Gasto liquidado de las administraciones locales en proporción al presupuesto aprobado originalmente,,,Zaratamo,%,Zaratamo,112.57,87.43
2015,Gasto liquidado de las administraciones locales en proporción al presupuesto aprobado originalmente,,,Zaratamo,%,Zaratamo,104.68,95.32
2014,Gasto liquidado de las administraciones locales en proporción al presupuesto aprobado originalmente,,,Zaratamo,%,Zaratamo,146.1,146.1
2020,Gasto liquidado de las administraciones locales en proporción al presupuesto aprobado originalmente,,,Zaratamo,%,Zaratamo,104.74,95.26
2015,Gasto liquidado de las administraciones locales en proporción al presupuesto aprobado originalmente,,,Zarautz,%,Zarautz,103.85,96.15
2022,Gasto liquidado de las administraciones locales en proporción al presupuesto aprobado originalmente,,,Zarautz,%,Zarautz,110.89,89.11
2011,Gasto liquidado de las administraciones locales en proporción al presupuesto aprobado originalmente,,,Zarautz,%,Zarautz,100.53,99.47
2010,Gasto liquidado de las administraciones locales en proporción al presupuesto aprobado originalmente,,,Zarautz,%,Zarautz,105.03,105.03
2014,Gasto liquidado de las administraciones locales en proporción al presupuesto aprobado originalmente,,,Zarautz,%,Zarautz,104.2,95.8
2019,Gasto liquidado de las administraciones locales en proporción al presupuesto aprobado originalmente,,,Zarautz,%,Zarautz,102.9,102.9
2018,Gasto liquidado de las administraciones locales en proporción al presupuesto aprobado originalmente,,,Zarautz,%,Zarautz,102.5,102.5
2023,Gasto liquidado de las administraciones locales en proporción al presupuesto aprobado originalmente,,,Zarautz,%,Zarautz,106.61,93.39
2012,Gasto liquidado de las administraciones locales en proporción al presupuesto aprobado originalmente,,,Zarautz,%,Zarautz,108.92,91.08
2013,Gasto liquidado de las administraciones locales en proporción al presupuesto aprobado originalmente,,,Zarautz,%,Zarautz,104.54,95.46
2016,Gasto liquidado de las administraciones locales en proporción al presupuesto aprobado originalmente,,,Zarautz,%,Zarautz,100.52,99.48
2017,Gasto liquidado de las administraciones locales en proporción al presupuesto aprobado originalmente,,,Zarautz,%,Zarautz,103.7,96.3
2020,Gasto liquidado de las administraciones locales en proporción al presupuesto aprobado originalmente,,,Zarautz,%,Zarautz,105.85,94.15
2021,Gasto liquidado de las administraciones locales en proporción al presupuesto aprobado originalmente,,,Zarautz,%,Zarautz,103.66,96.34
2019,Gasto liquidado de las administraciones locales en proporción al presupuesto aprobado originalmente,,,Zeanuri,%,Zeanuri,115.51,115.51
2023,Gasto liquidado de las administraciones locales en proporción al presupuesto aprobado originalmente,,,Zeanuri,%,Zeanuri,123.19,76.81
2017,Gasto liquidado de las administraciones locales en proporción al presupuesto aprobado originalmente,,,Zeanuri,%,Zeanuri,128.89,71.11
2015,Gasto liquidado de las administraciones locales en proporción al presupuesto aprobado originalmente,,,Zeanuri,%,Zeanuri,129.0,129.0
2011,Gasto liquidado de las administraciones locales en proporción al presupuesto aprobado originalmente,,,Zeanuri,%,Zeanuri,101.63,98.37
2013,Gasto liquidado de las administraciones locales en proporción al presupuesto aprobado originalmente,,,Zeanuri,%,Zeanuri,102.9,102.9
2021,Gasto liquidado de las administraciones locales en proporción al presupuesto aprobado originalmente,,,Zeanuri,%,Zeanuri,103.89,96.11
2010,Gasto liquidado de las administraciones locales en proporción al presupuesto aprobado originalmente,,,Zeanuri,%,Zeanuri,100.06,99.94
2012,Gasto liquidado de las administraciones locales en proporción al presupuesto aprobado originalmente,,,Zeanuri,%,Zeanuri,103.27,96.73
2014,Gasto liquidado de las administraciones locales en proporción al presupuesto aprobado originalmente,,,Zeanuri,%,Zeanuri,115.1,84.9
2016,Gasto liquidado de las administraciones locales en proporción al presupuesto aprobado originalmente,,,Zeanuri,%,Zeanuri,100.48,99.52
2018,Gasto liquidado de las administraciones locales en proporción al presupuesto aprobado originalmente,,,Zeanuri,%,Zeanuri,115.74,115.74
2020,Gasto liquidado de las administraciones locales en proporción al presupuesto aprobado originalmente,,,Zeanuri,%,Zeanuri,122.95,77.05
2022,Gasto liquidado de las administraciones locales en proporción al presupuesto aprobado originalmente,,,Zeanuri,%,Zeanuri,102.2,102.2
2021,Gasto liquidado de las administraciones locales en proporción al presupuesto aprobado originalmente,,,Zeberio,%,Zeberio,101.59,98.41
2013,Gasto liquidado de las administraciones locales en proporción al presupuesto aprobado originalmente,,,Zeberio,%,Zeberio,100.84,99.16
2017,Gasto liquidado de las administraciones locales en proporción al presupuesto aprobado originalmente,,,Zeberio,%,Zeberio,102.18,97.82
2011,Gasto liquidado de las administraciones locales en proporción al presupuesto aprobado originalmente,,,Zeberio,%,Zeberio,107.38,92.62
2019,Gasto liquidado de las administraciones locales en proporción al presupuesto aprobado originalmente,,,Zeberio,%,Zeberio,108.59,108.59
2015,Gasto liquidado de las administraciones locales en proporción al presupuesto aprobado originalmente,,,Zeberio,%,Zeberio,106.08,106.08
2023,Gasto liquidado de las administraciones locales en proporción al presupuesto aprobado originalmente,,,Zeberio,%,Zeberio,104.9,95.1
2010,Gasto liquidado de las administraciones locales en proporción al presupuesto aprobado originalmente,,,Zeberio,%,Zeberio,119.29,119.29
2012,Gasto liquidado de las administraciones locales en proporción al presupuesto aprobado originalmente,,,Zeberio,%,Zeberio,105.49,94.51
2014,Gasto liquidado de las administraciones locales en proporción al presupuesto aprobado originalmente,,,Zeberio,%,Zeberio,101.89,101.89
2016,Gasto liquidado de las administraciones locales en proporción al presupuesto aprobado originalmente,,,Zeberio,%,Zeberio,110.83,110.83
2018,Gasto liquidado de las administraciones locales en proporción al presupuesto aprobado originalmente,,,Zeberio,%,Zeberio,120.93,120.93
2020,Gasto liquidado de las administraciones locales en proporción al presupuesto aprobado originalmente,,,Zeberio,%,Zeberio,100.34,100.34
2022,Gasto liquidado de las administraciones locales en proporción al presupuesto aprobado originalmente,,,Zeberio,%,Zeberio,121.16,121.16
2023,Gasto liquidado de las administraciones locales en proporción al presupuesto aprobado originalmente,,,Zegama,%,Zegama,108.57,108.57
2020,Gasto liquidado de las administraciones locales en proporción al presupuesto aprobado originalmente,,,Zegama,%,Zegama,107.3,92.7
2019,Gasto liquidado de las administraciones locales en proporción al presupuesto aprobado originalmente,,,Zegama,%,Zegama,112.48,112.48
2011,Gasto liquidado de las administraciones locales en proporción al presupuesto aprobado originalmente,,,Zegama,%,Zegama,115.02,115.02
2012,Gasto liquidado de las administraciones locales en proporción al presupuesto aprobado originalmente,,,Zegama,%,Zegama,105.4,94.6
2015,Gasto liquidado de las administraciones locales en proporción al presupuesto aprobado originalmente,,,Zegama,%,Zegama,106.2,106.2
2016,Gasto liquidado de las administraciones locales en proporción al presupuesto aprobado originalmente,,,Zegama,%,Zegama,100.46,100.46
2010,Gasto liquidado de las administraciones locales en proporción al presupuesto aprobado originalmente,,,Zegama,%,Zegama,225.22,225.22
2013,Gasto liquidado de las administraciones locales en proporción al presupuesto aprobado originalmente,,,Zegama,%,Zegama,112.23,112.23
2014,Gasto liquidado de las administraciones locales en proporción al presupuesto aprobado originalmente,,,Zegama,%,Zegama,107.95,107.95
2017,Gasto liquidado de las administraciones locales en proporción al presupuesto aprobado originalmente,,,Zegama,%,Zegama,101.1,98.9
2018,Gasto liquidado de las administraciones locales en proporción al presupuesto aprobado originalmente,,,Zegama,%,Zegama,101.43,101.43
2021,Gasto liquidado de las administraciones locales en proporción al presupuesto aprobado originalmente,,,Zegama,%,Zegama,103.2,103.2
2022,Gasto liquidado de las administraciones locales en proporción al presupuesto aprobado originalmente,,,Zegama,%,Zegama,125.07,125.07
2022,Gasto liquidado de las administraciones locales en proporción al presupuesto aprobado originalmente,,,Zerain,%,Zerain,125.75,125.75
2013,Gasto liquidado de las administraciones locales en proporción al presupuesto aprobado originalmente,,,Zerain,%,Zerain,143.09,143.09
2014,Gasto liquidado de las administraciones locales en proporción al presupuesto aprobado originalmente,,,Zerain,%,Zerain,113.27,113.27
2017,Gasto liquidado de las administraciones locales en proporción al presupuesto aprobado originalmente,,,Zerain,%,Zerain,103.87,96.13
2010,Gasto liquidado de las administraciones locales en proporción al presupuesto aprobado originalmente,,,Zerain,%,Zerain,105.6,94.4
2018,Gasto liquidado de las administraciones locales en proporción al presupuesto aprobado originalmente,,,Zerain,%,Zerain,108.81,91.19
2011,Gasto liquidado de las administraciones locales en proporción al presupuesto aprobado originalmente,,,Zerain,%,Zerain,129.36,129.36
2012,Gasto liquidado de las administraciones locales en proporción al presupuesto aprobado originalmente,,,Zerain,%,Zerain,113.64,113.64
2015,Gasto liquidado de las administraciones locales en proporción al presupuesto aprobado originalmente,,,Zerain,%,Zerain,100.16,99.84
2016,Gasto liquidado de las administraciones locales en proporción al presupuesto aprobado originalmente,,,Zerain,%,Zerain,119.3,119.3
2019,Gasto liquidado de las administraciones locales en proporción al presupuesto aprobado originalmente,,,Zerain,%,Zerain,143.99,56.01
2020,Gasto liquidado de las administraciones locales en proporción al presupuesto aprobado originalmente,,,Zerain,%,Zerain,151.29,48.71
2023,Gasto liquidado de las administraciones locales en proporción al presupuesto aprobado originalmente,,,Zerain,%,Zerain,105.55,105.55
2021,Gasto liquidado de las administraciones locales en proporción al presupuesto aprobado originalmente,,,Zerain,%,Zerain,141.67,141.67
2023,Gasto liquidado de las administraciones locales en proporción al presupuesto aprobado originalmente,,,Zestoa,%,Zestoa,121.17,121.17
2011,Gasto liquidado de las administraciones locales en proporción al presupuesto aprobado originalmente,,,Zestoa,%,Zestoa,103.29,103.29
2015,Gasto liquidado de las administraciones locales en proporción al presupuesto aprobado originalmente,,,Zestoa,%,Zestoa,105.51,105.51
2012,Gasto liquidado de las administraciones locales en proporción al presupuesto aprobado originalmente,,,Zestoa,%,Zestoa,103.51,96.49
2016,Gasto liquidado de las administraciones locales en proporción al presupuesto aprobado originalmente,,,Zestoa,%,Zestoa,100.11,100.11
2019,Gasto liquidado de las administraciones locales en proporción al presupuesto aprobado originalmente,,,Zestoa,%,Zestoa,106.04,106.04
2010,Gasto liquidado de las administraciones locales en proporción al presupuesto aprobado originalmente,,,Zestoa,%,Zestoa,100.06,99.94
2013,Gasto liquidado de las administraciones locales en proporción al presupuesto aprobado originalmente,,,Zestoa,%,Zestoa,108.43,108.43
2014,Gasto liquidado de las administraciones locales en proporción al presupuesto aprobado originalmente,,,Zestoa,%,Zestoa,100.27,100.27
2017,Gasto liquidado de las administraciones locales en proporción al presupuesto aprobado originalmente,,,Zestoa,%,Zestoa,102.83,102.83
2018,Gasto liquidado de las administraciones locales en proporción al presupuesto aprobado originalmente,,,Zestoa,%,Zestoa,113.89,113.89
2021,Gasto liquidado de las administraciones locales en proporción al presupuesto aprobado originalmente,,,Zestoa,%,Zestoa,100.13,99.87
2020,Gasto liquidado de las administraciones locales en proporción al presupuesto aprobado originalmente,,,Zestoa,%,Zestoa,111.37,88.63
2022,Gasto liquidado de las administraciones locales en proporción al presupuesto aprobado originalmente,,,Zestoa,%,Zestoa,102.38,102.38
2014,Gasto liquidado de las administraciones locales en proporción al presupuesto aprobado originalmente,,,Zierbena,%,Zierbena,121.3,78.7
2010,Gasto liquidado de las administraciones locales en proporción al presupuesto aprobado originalmente,,,Zierbena,%,Zierbena,104.39,104.39
2012,Gasto liquidado de las administraciones locales en proporción al presupuesto aprobado originalmente,,,Zierbena,%,Zierbena,111.62,111.62
2022,Gasto liquidado de las administraciones locales en proporción al presupuesto aprobado originalmente,,,Zierbena,%,Zierbena,118.55,81.45
2020,Gasto liquidado de las administraciones locales en proporción al presupuesto aprobado originalmente,,,Zierbena,%,Zierbena,122.96,77.04
2021,Gasto liquidado de las administraciones locales en proporción al presupuesto aprobado originalmente,,,Zierbena,%,Zierbena,106.07,106.07
2015,Gasto liquidado de las administraciones locales en proporción al presupuesto aprobado originalmente,,,Zierbena,%,Zierbena,111.94,88.06
2017,Gasto liquidado de las administraciones locales en proporción al presupuesto aprobado originalmente,,,Zierbena,%,Zierbena,106.6,93.4
2013,Gasto liquidado de las administraciones locales en proporción al presupuesto aprobado originalmente,,,Zierbena,%,Zierbena,116.01,83.99
2011,Gasto liquidado de las administraciones locales en proporción al presupuesto aprobado originalmente,,,Zierbena,%,Zierbena,107.1,92.9
2023,Gasto liquidado de las administraciones locales en proporción al presupuesto aprobado originalmente,,,Zierbena,%,Zierbena,104.31,95.69
2019,Gasto liquidado de las administraciones locales en proporción al presupuesto aprobado originalmente,,,Zierbena,%,Zierbena,104.25,104.25
2018,Gasto liquidado de las administraciones locales en proporción al presupuesto aprobado originalmente,,,Zierbena,%,Zierbena,107.4,92.6
2016,Gasto liquidado de las administraciones locales en proporción al presupuesto aprobado originalmente,,,Zierbena,%,Zierbena,112.41,87.59
2022,Gasto liquidado de las administraciones locales en proporción al presupuesto aprobado originalmente,,,Zigoitia,%,Zigoitia,102.29,102.29
2018,Gasto liquidado de las administraciones locales en proporción al presupuesto aprobado originalmente,,,Zigoitia,%,Zigoitia,108.49,91.51
2013,Gasto liquidado de las administraciones locales en proporción al presupuesto aprobado originalmente,,,Zigoitia,%,Zigoitia,109.53,90.47
2017,Gasto liquidado de las administraciones locales en proporción al presupuesto aprobado originalmente,,,Zigoitia,%,Zigoitia,114.11,85.89
2015,Gasto liquidado de las administraciones locales en proporción al presupuesto aprobado originalmente,,,Zigoitia,%,Zigoitia,110.72,89.28
2010,Gasto liquidado de las administraciones locales en proporción al presupuesto aprobado originalmente,,,Zigoitia,%,Zigoitia,116.5,83.5
2019,Gasto liquidado de las administraciones locales en proporción al presupuesto aprobado originalmente,,,Zigoitia,%,Zigoitia,106.93,93.07
2011,Gasto liquidado de las administraciones locales en proporción al presupuesto aprobado originalmente,,,Zigoitia,%,Zigoitia,112.83,87.17
2023,Gasto liquidado de las administraciones locales en proporción al presupuesto aprobado originalmente,,,Zigoitia,%,Zigoitia,109.05,90.95
2012,Gasto liquidado de las administraciones locales en proporción al presupuesto aprobado originalmente,,,Zigoitia,%,Zigoitia,116.2,83.8
2020,Gasto liquidado de las administraciones locales en proporción al presupuesto aprobado originalmente,,,Zigoitia,%,Zigoitia,111.41,88.59
2021,Gasto liquidado de las administraciones locales en proporción al presupuesto aprobado originalmente,,,Zigoitia,%,Zigoitia,117.07,82.93
2016,Gasto liquidado de las administraciones locales en proporción al presupuesto aprobado originalmente,,,Zigoitia,%,Zigoitia,126.29,73.71
2014,Gasto liquidado de las administraciones locales en proporción al presupuesto aprobado originalmente,,,Zigoitia,%,Zigoitia,100.58,100.58
2015,Gasto liquidado de las administraciones locales en proporción al presupuesto aprobado originalmente,,,Ziortza-Bolibar,%,Ziortza-Bolibar,100.75,100.75
2012,Gasto liquidado de las administraciones locales en proporción al presupuesto aprobado originalmente,,,Ziortza-Bolibar,%,Ziortza-Bolibar,117.7,117.7
2023,Gasto liquidado de las administraciones locales en proporción al presupuesto aprobado originalmente,,,Ziortza-Bolibar,%,Ziortza-Bolibar,112.74,112.74
2014,Gasto liquidado de las administraciones locales en proporción al presupuesto aprobado originalmente,,,Ziortza-Bolibar,%,Ziortza-Bolibar,104.29,95.71
2010,Gasto liquidado de las administraciones locales en proporción al presupuesto aprobado originalmente,,,Ziortza-Bolibar,%,Ziortza-Bolibar,160.29,160.29
2021,Gasto liquidado de las administraciones locales en proporción al presupuesto aprobado originalmente,,,Ziortza-Bolibar,%,Ziortza-Bolibar,141.0,59.0
2018,Gasto liquidado de las administraciones locales en proporción al presupuesto aprobado originalmente,,,Ziortza-Bolibar,%,Ziortza-Bolibar,103.62,96.38
2020,Gasto liquidado de las administraciones locales en proporción al presupuesto aprobado originalmente,,,Ziortza-Bolibar,%,Ziortza-Bolibar,153.47,46.53
2013,Gasto liquidado de las administraciones locales en proporción al presupuesto aprobado originalmente,,,Ziortza-Bolibar,%,Ziortza-Bolibar,104.49,104.49
2022,Gasto liquidado de las administraciones locales en proporción al presupuesto aprobado originalmente,,,Ziortza-Bolibar,%,Ziortza-Bolibar,125.31,74.69
2019,Gasto liquidado de las administraciones locales en proporción al presupuesto aprobado originalmente,,,Ziortza-Bolibar,%,Ziortza-Bolibar,120.28,79.72
2017,Gasto liquidado de las administraciones locales en proporción al presupuesto aprobado originalmente,,,Ziortza-Bolibar,%,Ziortza-Bolibar,116.59,116.59
2016,Gasto liquidado de las administraciones locales en proporción al presupuesto aprobado originalmente,,,Ziortza-Bolibar,%,Ziortza-Bolibar,121.75,121.75
2011,Gasto liquidado de las administraciones locales en proporción al presupuesto aprobado originalmente,,,Ziortza-Bolibar,%,Ziortza-Bolibar,102.99,97.01
2013,Gasto liquidado de las administraciones locales en proporción al presupuesto aprobado originalmente,,,Zizurkil,%,Zizurkil,105.55,94.45
2010,Gasto liquidado de las administraciones locales en proporción al presupuesto aprobado originalmente,,,Zizurkil,%,Zizurkil,106.45,106.45
2017,Gasto liquidado de las administraciones locales en proporción al presupuesto aprobado originalmente,,,Zizurkil,%,Zizurkil,100.74,99.26
2021,Gasto liquidado de las administraciones locales en proporción al presupuesto aprobado originalmente,,,Zizurkil,%,Zizurkil,101.0,101.0
2018,Gasto liquidado de las administraciones locales en proporción al presupuesto aprobado originalmente,,,Zizurkil,%,Zizurkil,100.3,100.3
2014,Gasto liquidado de las administraciones locales en proporción al presupuesto aprobado originalmente,,,Zizurkil,%,Zizurkil,102.09,102.09
2011,Gasto liquidado de las administraciones locales en proporción al presupuesto aprobado originalmente,,,Zizurkil,%,Zizurkil,110.41,89.59
2022,Gasto liquidado de las administraciones locales en proporción al presupuesto aprobado originalmente,,,Zizurkil,%,Zizurkil,113.81,86.19
2015,Gasto liquidado de las administraciones locales en proporción al presupuesto aprobado originalmente,,,Zizurkil,%,Zizurkil,107.7,107.7
2016,Gasto liquidado de las administraciones locales en proporción al presupuesto aprobado originalmente,,,Zizurkil,%,Zizurkil,104.03,104.03
2012,Gasto liquidado de las administraciones locales en proporción al presupuesto aprobado originalmente,,,Zizurkil,%,Zizurkil,119.75,80.25
2019,Gasto liquidado de las administraciones locales en proporción al presupuesto aprobado originalmente,,,Zizurkil,%,Zizurkil,100.07,100.07
2020,Gasto liquidado de las administraciones locales en proporción al presupuesto aprobado originalmente,,,Zizurkil,%,Zizurkil,101.0,99.0
2023,Gasto liquidado de las administraciones locales en proporción al presupuesto aprobado originalmente,,,Zizurkil,%,Zizurkil,113.97,86.03
2022,Gasto liquidado de las administraciones locales en proporción al presupuesto aprobado originalmente,,,Zuia,%,Zuia,100.89,99.11
2016,Gasto liquidado de las administraciones locales en proporción al presupuesto aprobado originalmente,,,Zuia,%,Zuia,110.87,110.87
2011,Gasto liquidado de las administraciones locales en proporción al presupuesto aprobado originalmente,,,Zuia,%,Zuia,107.72,92.28
2020,Gasto liquidado de las administraciones locales en proporción al presupuesto aprobado originalmente,,,Zuia,%,Zuia,126.85,73.15
2013,Gasto liquidado de las administraciones locales en proporción al presupuesto aprobado originalmente,,,Zuia,%,Zuia,108.14,91.86
2017,Gasto liquidado de las administraciones locales en proporción al presupuesto aprobado originalmente,,,Zuia,%,Zuia,141.74,58.26
2021,Gasto liquidado de las administraciones locales en proporción al presupuesto aprobado originalmente,,,Zuia,%,Zuia,114.49,85.51
2010,Gasto liquidado de las administraciones locales en proporción al presupuesto aprobado originalmente,,,Zuia,%,Zuia,150.55,150.55
2019,Gasto liquidado de las administraciones locales en proporción al presupuesto aprobado originalmente,,,Zuia,%,Zuia,125.34,74.66
2015,Gasto liquidado de las administraciones locales en proporción al presupuesto aprobado originalmente,,,Zuia,%,Zuia,103.76,96.24
2018,Gasto liquidado de las administraciones locales en proporción al presupuesto aprobado originalmente,,,Zuia,%,Zuia,126.68,126.68
2012,Gasto liquidado de las administraciones locales en proporción al presupuesto aprobado originalmente,,,Zuia,%,Zuia,128.61,128.61
2023,Gasto liquidado de las administraciones locales en proporción al presupuesto aprobado originalmente,,,Zuia,%,Zuia,115.5,84.5
2014,Gasto liquidado de las administraciones locales en proporción al presupuesto aprobado originalmente,,,Zuia,%,Zuia,103.59,103.59
2015,Gasto liquidado de las administraciones locales en proporción al presupuesto aprobado originalmente,,,Zumaia,%,Zumaia,112.59,87.41
2023,Gasto liquidado de las administraciones locales en proporción al presupuesto aprobado originalmente,,,Zumaia,%,Zumaia,114.38,85.62
2010,Gasto liquidado de las administraciones locales en proporción al presupuesto aprobado originalmente,,,Zumaia,%,Zumaia,105.85,105.85
2022,Gasto liquidado de las administraciones locales en proporción al presupuesto aprobado originalmente,,,Zumaia,%,Zumaia,124.31,75.69
2021,Gasto liquidado de las administraciones locales en proporción al presupuesto aprobado originalmente,,,Zumaia,%,Zumaia,102.24,97.76
2014,Gasto liquidado de las administraciones locales en proporción al presupuesto aprobado originalmente,,,Zumaia,%,Zumaia,105.93,94.07
2011,Gasto liquidado de las administraciones locales en proporción al presupuesto aprobado originalmente,,,Zumaia,%,Zumaia,110.65,110.65
2017,Gasto liquidado de las administraciones locales en proporción al presupuesto aprobado originalmente,,,Zumaia,%,Zumaia,106.31,93.69
2019,Gasto liquidado de las administraciones locales en proporción al presupuesto aprobado originalmente,,,Zumaia,%,Zumaia,105.44,94.56
2018,Gasto liquidado de las administraciones locales en proporción al presupuesto aprobado originalmente,,,Zumaia,%,Zumaia,102.45,97.55
2012,Gasto liquidado de las administraciones locales en proporción al presupuesto aprobado originalmente,,,Zumaia,%,Zumaia,116.3,83.7
2013,Gasto liquidado de las administraciones locales en proporción al presupuesto aprobado originalmente,,,Zumaia,%,Zumaia,103.89,96.11
2016,Gasto liquidado de las administraciones locales en proporción al presupuesto aprobado originalmente,,,Zumaia,%,Zumaia,105.44,94.56
2020,Gasto liquidado de las administraciones locales en proporción al presupuesto aprobado originalmente,,,Zumaia,%,Zumaia,101.47,98.53
2013,Gasto liquidado de las administraciones locales en proporción al presupuesto aprobado originalmente,,,Zumarraga,%,Zumarraga,108.36,108.36
2016,Gasto liquidado de las administraciones locales en proporción al presupuesto aprobado originalmente,,,Zumarraga,%,Zumarraga,106.49,93.51
2017,Gasto liquidado de las administraciones locales en proporción al presupuesto aprobado originalmente,,,Zumarraga,%,Zumarraga,101.11,98.89
2021,Gasto liquidado de las administraciones locales en proporción al presupuesto aprobado originalmente,,,Zumarraga,%,Zumarraga,109.53,90.47
2020,Gasto liquidado de las administraciones locales en proporción al presupuesto aprobado originalmente,,,Zumarraga,%,Zumarraga,106.05,93.95
2012,Gasto liquidado de las administraciones locales en proporción al presupuesto aprobado originalmente,,,Zumarraga,%,Zumarraga,110.04,110.04
2010,Gasto liquidado de las administraciones locales en proporción al presupuesto aprobado originalmente,,,Zumarraga,%,Zumarraga,110.51,110.51
2011,Gasto liquidado de las administraciones locales en proporción al presupuesto aprobado originalmente,,,Zumarraga,%,Zumarraga,102.45,102.45
2014,Gasto liquidado de las administraciones locales en proporción al presupuesto aprobado originalmente,,,Zumarraga,%,Zumarraga,109.05,90.95
2015,Gasto liquidado de las administraciones locales en proporción al presupuesto aprobado originalmente,,,Zumarraga,%,Zumarraga,104.15,104.15
2018,Gasto liquidado de las administraciones locales en proporción al presupuesto aprobado originalmente,,,Zumarraga,%,Zumarraga,100.73,99.27
2019,Gasto liquidado de las administraciones locales en proporción al presupuesto aprobado originalmente,,,Zumarraga,%,Zumarraga,107.46,107.46
2022,Gasto liquidado de las administraciones locales en proporción al presupuesto aprobado originalmente,,,Zumarraga,%,Zumarraga,118.32,118.32
2023,Gasto liquidado de las administraciones locales en proporción al presupuesto aprobado originalmente,,,Zumarraga,%,Zumarraga,137.89,137.89
2011,Gasto liquidado de las administraciones locales en proporción al presupuesto aprobado originalmente,,Añana (comarca),,%,Añana (comarca),113.08,86.92
2017,Gasto liquidado de las administraciones locales en proporción al presupuesto aprobado originalmente,,Añana (comarca),,%,Añana (comarca),101.69,101.69
2015,Gasto liquidado de las administraciones locales en proporción al presupuesto aprobado originalmente,,Añana (comarca),,%,Añana (comarca),108.96,108.96
2012,Gasto liquidado de las administraciones locales en proporción al presupuesto aprobado originalmente,,Añana (comarca),,%,Añana (comarca),125.55,125.55
2013,Gasto liquidado de las administraciones locales en proporción al presupuesto aprobado originalmente,,Añana (comarca),,%,Añana (comarca),114.52,114.52
2023,Gasto liquidado de las administraciones locales en proporción al presupuesto aprobado originalmente,,Añana (comarca),,%,Añana (comarca),100.87,100.87
2019,Gasto liquidado de las administraciones locales en proporción al presupuesto aprobado originalmente,,Añana (comarca),,%,Añana (comarca),113.8,86.2
2010,Gasto liquidado de las administraciones locales en proporción al presupuesto aprobado originalmente,,Añana (comarca),,%,Añana (comarca),122.89,122.89
2018,Gasto liquidado de las administraciones locales en proporción al presupuesto aprobado originalmente,,Añana (comarca),,%,Añana (comarca),114.9,85.1
2014,Gasto liquidado de las administraciones locales en proporción al presupuesto aprobado originalmente,,Añana (comarca),,%,Añana (comarca),107.47,92.53
2016,Gasto liquidado de las administraciones locales en proporción al presupuesto aprobado originalmente,,Añana (comarca),,%,Añana (comarca),108.26,91.74
2020,Gasto liquidado de las administraciones locales en proporción al presupuesto aprobado originalmente,,Añana (comarca),,%,Añana (comarca),108.94,91.06
2021,Gasto liquidado de las administraciones locales en proporción al presupuesto aprobado originalmente,,Añana (comarca),,%,Añana (comarca),103.65,96.35
2022,Gasto liquidado de las administraciones locales en proporción al presupuesto aprobado originalmente,,Añana (comarca),,%,Añana (comarca),104.78,95.22
2015,Gasto liquidado de las administraciones locales en proporción al presupuesto aprobado originalmente,,Arabako Errioxa / Rioja Alavesa,,%,Arabako Errioxa / Rioja Alavesa,102.92,102.92
2020,Gasto liquidado de las administraciones locales en proporción al presupuesto aprobado originalmente,,Arabako Errioxa / Rioja Alavesa,,%,Arabako Errioxa / Rioja Alavesa,105.73,94.27
2023,Gasto liquidado de las administraciones locales en proporción al presupuesto aprobado originalmente,,Arabako Errioxa / Rioja Alavesa,,%,Arabako Errioxa / Rioja Alavesa,102.94,102.94
2019,Gasto liquidado de las administraciones locales en proporción al presupuesto aprobado originalmente,,Arabako Errioxa / Rioja Alavesa,,%,Arabako Errioxa / Rioja Alavesa,107.95,92.05
2022,Gasto liquidado de las administraciones locales en proporción al presupuesto aprobado originalmente,,Arabako Errioxa / Rioja Alavesa,,%,Arabako Errioxa / Rioja Alavesa,102.24,97.76
2012,Gasto liquidado de las administraciones locales en proporción al presupuesto aprobado originalmente,,Arabako Errioxa / Rioja Alavesa,,%,Arabako Errioxa / Rioja Alavesa,113.03,86.97
2018,Gasto liquidado de las administraciones locales en proporción al presupuesto aprobado originalmente,,Arabako Errioxa / Rioja Alavesa,,%,Arabako Errioxa / Rioja Alavesa,114.38,85.62
2011,Gasto liquidado de las administraciones locales en proporción al presupuesto aprobado originalmente,,Arabako Errioxa / Rioja Alavesa,,%,Arabako Errioxa / Rioja Alavesa,110.76,110.76
2014,Gasto liquidado de las administraciones locales en proporción al presupuesto aprobado originalmente,,Arabako Errioxa / Rioja Alavesa,,%,Arabako Errioxa / Rioja Alavesa,101.1,98.9
2017,Gasto liquidado de las administraciones locales en proporción al presupuesto aprobado originalmente,,Arabako Errioxa / Rioja Alavesa,,%,Arabako Errioxa / Rioja Alavesa,111.69,111.69
2013,Gasto liquidado de las administraciones locales en proporción al presupuesto aprobado originalmente,,Arabako Errioxa / Rioja Alavesa,,%,Arabako Errioxa / Rioja Alavesa,102.97,97.03
2016,Gasto liquidado de las administraciones locales en proporción al presupuesto aprobado originalmente,,Arabako Errioxa / Rioja Alavesa,,%,Arabako Errioxa / Rioja Alavesa,119.71,80.29
2010,Gasto liquidado de las administraciones locales en proporción al presupuesto aprobado originalmente,,Arabako Errioxa / Rioja Alavesa,,%,Arabako Errioxa / Rioja Alavesa,100.92,100.92
2021,Gasto liquidado de las administraciones locales en proporción al presupuesto aprobado originalmente,,Arabako Errioxa / Rioja Alavesa,,%,Arabako Errioxa / Rioja Alavesa,105.37,105.37
2011,Gasto liquidado de las administraciones locales en proporción al presupuesto aprobado originalmente,,Arabako Kantaurialdea / Cantábrica Alavesa,,%,Arabako Kantaurialdea / Cantábrica Alavesa,103.04,103.04
2016,Gasto liquidado de las administraciones locales en proporción al presupuesto aprobado originalmente,,Arabako Kantaurialdea / Cantábrica Alavesa,,%,Arabako Kantaurialdea / Cantábrica Alavesa,101.49,101.49
2012,Gasto liquidado de las administraciones locales en proporción al presupuesto aprobado originalmente,,Arabako Kantaurialdea / Cantábrica Alavesa,,%,Arabako Kantaurialdea / Cantábrica Alavesa,105.69,94.31
2019,Gasto liquidado de las administraciones locales en proporción al presupuesto aprobado originalmente,,Arabako Kantaurialdea / Cantábrica Alavesa,,%,Arabako Kantaurialdea / Cantábrica Alavesa,102.08,97.92
2014,Gasto liquidado de las administraciones locales en proporción al presupuesto aprobado originalmente,,Arabako Kantaurialdea / Cantábrica Alavesa,,%,Arabako Kantaurialdea / Cantábrica Alavesa,101.02,98.98
2022,Gasto liquidado de las administraciones locales en proporción al presupuesto aprobado originalmente,,Arabako Kantaurialdea / Cantábrica Alavesa,,%,Arabako Kantaurialdea / Cantábrica Alavesa,102.87,97.13
2018,Gasto liquidado de las administraciones locales en proporción al presupuesto aprobado originalmente,,Arabako Kantaurialdea / Cantábrica Alavesa,,%,Arabako Kantaurialdea / Cantábrica Alavesa,101.03,98.97
2015,Gasto liquidado de las administraciones locales en proporción al presupuesto aprobado originalmente,,Arabako Kantaurialdea / Cantábrica Alavesa,,%,Arabako Kantaurialdea / Cantábrica Alavesa,100.45,100.45
2020,Gasto liquidado de las administraciones locales en proporción al presupuesto aprobado originalmente,,Arabako Kantaurialdea / Cantábrica Alavesa,,%,Arabako Kantaurialdea / Cantábrica Alavesa,106.09,93.91
2013,Gasto liquidado de las administraciones locales en proporción al presupuesto aprobado originalmente,,Arabako Kantaurialdea / Cantábrica Alavesa,,%,Arabako Kantaurialdea / Cantábrica Alavesa,103.78,96.22
2023,Gasto liquidado de las administraciones locales en proporción al presupuesto aprobado originalmente,,Arabako Kantaurialdea / Cantábrica Alavesa,,%,Arabako Kantaurialdea / Cantábrica Alavesa,111.48,88.52
2021,Gasto liquidado de las administraciones locales en proporción al presupuesto aprobado originalmente,,Arabako Kantaurialdea / Cantábrica Alavesa,,%,Arabako Kantaurialdea / Cantábrica Alavesa,105.8,94.2
2010,Gasto liquidado de las administraciones locales en proporción al presupuesto aprobado originalmente,,Arabako Kantaurialdea / Cantábrica Alavesa,,%,Arabako Kantaurialdea / Cantábrica Alavesa,109.53,109.53
2017,Gasto liquidado de las administraciones locales en proporción al presupuesto aprobado originalmente,,Arabako Kantaurialdea / Cantábrica Alavesa,,%,Arabako Kantaurialdea / Cantábrica Alavesa,102.28,102.28
2018,Gasto liquidado de las administraciones locales en proporción al presupuesto aprobado originalmente,,Arabako Lautada / Llanada Alavesa,,%,Arabako Lautada / Llanada Alavesa,103.8,96.2
2010,Gasto liquidado de las administraciones locales en proporción al presupuesto aprobado originalmente,,Arabako Lautada / Llanada Alavesa,,%,Arabako Lautada / Llanada Alavesa,101.68,101.68
2014,Gasto liquidado de las administraciones locales en proporción al presupuesto aprobado originalmente,,Arabako Lautada / Llanada Alavesa,,%,Arabako Lautada / Llanada Alavesa,101.53,101.53
2020,Gasto liquidado de las administraciones locales en proporción al presupuesto aprobado originalmente,,Arabako Lautada / Llanada Alavesa,,%,Arabako Lautada / Llanada Alavesa,107.8,92.2
2022,Gasto liquidado de las administraciones locales en proporción al presupuesto aprobado originalmente,,Arabako Lautada / Llanada Alavesa,,%,Arabako Lautada / Llanada Alavesa,103.02,103.02
2021,Gasto liquidado de las administraciones locales en proporción al presupuesto aprobado originalmente,,Arabako Lautada / Llanada Alavesa,,%,Arabako Lautada / Llanada Alavesa,100.39,99.61
2017,Gasto liquidado de las administraciones locales en proporción al presupuesto aprobado originalmente,,Arabako Lautada / Llanada Alavesa,,%,Arabako Lautada / Llanada Alavesa,105.31,94.69
2012,Gasto liquidado de las administraciones locales en proporción al presupuesto aprobado originalmente,,Arabako Lautada / Llanada Alavesa,,%,Arabako Lautada / Llanada Alavesa,124.91,75.09
2011,Gasto liquidado de las administraciones locales en proporción al presupuesto aprobado originalmente,,Arabako Lautada / Llanada Alavesa,,%,Arabako Lautada / Llanada Alavesa,120.16,79.84
2019,Gasto liquidado de las administraciones locales en proporción al presupuesto aprobado originalmente,,Arabako Lautada / Llanada Alavesa,,%,Arabako Lautada / Llanada Alavesa,100.72,99.28
2016,Gasto liquidado de las administraciones locales en proporción al presupuesto aprobado originalmente,,Arabako Lautada / Llanada Alavesa,,%,Arabako Lautada / Llanada Alavesa,101.18,98.82
2013,Gasto liquidado de las administraciones locales en proporción al presupuesto aprobado originalmente,,Arabako Lautada / Llanada Alavesa,,%,Arabako Lautada / Llanada Alavesa,102.97,97.03
2023,Gasto liquidado de las administraciones locales en proporción al presupuesto aprobado originalmente,,Arabako Lautada / Llanada Alavesa,,%,Arabako Lautada / Llanada Alavesa,102.39,102.39
2015,Gasto liquidado de las administraciones locales en proporción al presupuesto aprobado originalmente,,Arabako Lautada / Llanada Alavesa,,%,Arabako Lautada / Llanada Alavesa,104.49,104.49
2011,Gasto liquidado de las administraciones locales en proporción al presupuesto aprobado originalmente,,Arabako Mendialdea / Montaña Alavesa,,%,Arabako Mendialdea / Montaña Alavesa,100.43,99.57
2014,Gasto liquidado de las administraciones locales en proporción al presupuesto aprobado originalmente,,Arabako Mendialdea / Montaña Alavesa,,%,Arabako Mendialdea / Montaña Alavesa,100.19,100.19
2018,Gasto liquidado de las administraciones locales en proporción al presupuesto aprobado originalmente,,Arabako Mendialdea / Montaña Alavesa,,%,Arabako Mendialdea / Montaña Alavesa,112.01,87.99
2019,Gasto liquidado de las administraciones locales en proporción al presupuesto aprobado originalmente,,Arabako Mendialdea / Montaña Alavesa,,%,Arabako Mendialdea / Montaña Alavesa,104.14,95.86
2016,Gasto liquidado de las administraciones locales en proporción al presupuesto aprobado originalmente,,Arabako Mendialdea / Montaña Alavesa,,%,Arabako Mendialdea / Montaña Alavesa,102.52,97.48
2017,Gasto liquidado de las administraciones locales en proporción al presupuesto aprobado originalmente,,Arabako Mendialdea / Montaña Alavesa,,%,Arabako Mendialdea / Montaña Alavesa,105.35,105.35
2022,Gasto liquidado de las administraciones locales en proporción al presupuesto aprobado originalmente,,Arabako Mendialdea / Montaña Alavesa,,%,Arabako Mendialdea / Montaña Alavesa,136.26,136.26
2021,Gasto liquidado de las administraciones locales en proporción al presupuesto aprobado originalmente,,Arabako Mendialdea / Montaña Alavesa,,%,Arabako Mendialdea / Montaña Alavesa,114.5,85.5
2020,Gasto liquidado de las administraciones locales en proporción al presupuesto aprobado originalmente,,Arabako Mendialdea / Montaña Alavesa,,%,Arabako Mendialdea / Montaña Alavesa,107.79,92.21
2015,Gasto liquidado de las administraciones locales en proporción al presupuesto aprobado originalmente,,Arabako Mendialdea / Montaña Alavesa,,%,Arabako Mendialdea / Montaña Alavesa,108.43,91.57
2012,Gasto liquidado de las administraciones locales en proporción al presupuesto aprobado originalmente,,Arabako Mendialdea / Montaña Alavesa,,%,Arabako Mendialdea / Montaña Alavesa,117.06,117.06
2010,Gasto liquidado de las administraciones locales en proporción al presupuesto aprobado originalmente,,Arabako Mendialdea / Montaña Alavesa,,%,Arabako Mendialdea / Montaña Alavesa,134.25,134.25
2023,Gasto liquidado de las administraciones locales en proporción al presupuesto aprobado originalmente,,Arabako Mendialdea / Montaña Alavesa,,%,Arabako Mendialdea / Montaña Alavesa,114.46,114.46
2013,Gasto liquidado de las administraciones locales en proporción al presupuesto aprobado originalmente,,Arabako Mendialdea / Montaña Alavesa,,%,Arabako Mendialdea / Montaña Alavesa,104.9,104.9
2021,Gasto liquidado de las administraciones locales en proporción al presupuesto aprobado originalmente,,Arratia Nerbioi / Arratia-Nervión,,%,Arratia Nerbioi / Arratia-Nervión,100.65,99.35
2013,Gasto liquidado de las administraciones locales en proporción al presupuesto aprobado originalmente,,Arratia Nerbioi / Arratia-Nervión,,%,Arratia Nerbioi / Arratia-Nervión,103.83,103.83
2018,Gasto liquidado de las administraciones locales en proporción al presupuesto aprobado originalmente,,Arratia Nerbioi / Arratia-Nervión,,%,Arratia Nerbioi / Arratia-Nervión,105.64,105.64
2014,Gasto liquidado de las administraciones locales en proporción al presupuesto aprobado originalmente,,Arratia Nerbioi / Arratia-Nervión,,%,Arratia Nerbioi / Arratia-Nervión,102.96,97.04
2020,Gasto liquidado de las administraciones locales en proporción al presupuesto aprobado originalmente,,Arratia Nerbioi / Arratia-Nervión,,%,Arratia Nerbioi / Arratia-Nervión,111.61,88.39
2022,Gasto liquidado de las administraciones locales en proporción al presupuesto aprobado originalmente,,Arratia Nerbioi / Arratia-Nervión,,%,Arratia Nerbioi / Arratia-Nervión,107.95,107.95
2010,Gasto liquidado de las administraciones locales en proporción al presupuesto aprobado originalmente,,Arratia Nerbioi / Arratia-Nervión,,%,Arratia Nerbioi / Arratia-Nervión,112.06,112.06
2012,Gasto liquidado de las administraciones locales en proporción al presupuesto aprobado originalmente,,Arratia Nerbioi / Arratia-Nervión,,%,Arratia Nerbioi / Arratia-Nervión,104.45,104.45
2019,Gasto liquidado de las administraciones locales en proporción al presupuesto aprobado originalmente,,Arratia Nerbioi / Arratia-Nervión,,%,Arratia Nerbioi / Arratia-Nervión,104.37,104.37
2011,Gasto liquidado de las administraciones locales en proporción al presupuesto aprobado originalmente,,Arratia Nerbioi / Arratia-Nervión,,%,Arratia Nerbioi / Arratia-Nervión,103.64,103.64
2017,Gasto liquidado de las administraciones locales en proporción al presupuesto aprobado originalmente,,Arratia Nerbioi / Arratia-Nervión,,%,Arratia Nerbioi / Arratia-Nervión,107.81,107.81
2016,Gasto liquidado de las administraciones locales en proporción al presupuesto aprobado originalmente,,Arratia Nerbioi / Arratia-Nervión,,%,Arratia Nerbioi / Arratia-Nervión,104.49,104.49
2023,Gasto liquidado de las administraciones locales en proporción al presupuesto aprobado originalmente,,Arratia Nerbioi / Arratia-Nervión,,%,Arratia Nerbioi / Arratia-Nervión,108.28,108.28
2015,Gasto liquidado de las administraciones locales en proporción al presupuesto aprobado originalmente,,Arratia Nerbioi / Arratia-Nervión,,%,Arratia Nerbioi / Arratia-Nervión,104.95,104.95
2022,Gasto liquidado de las administraciones locales en proporción al presupuesto aprobado originalmente,,Bidasoa Beherea / Bajo Bidasoa,,%,Bidasoa Beherea / Bajo Bidasoa,101.48,101.48
2017,Gasto liquidado de las administraciones locales en proporción al presupuesto aprobado originalmente,,Bidasoa Beherea / Bajo Bidasoa,,%,Bidasoa Beherea / Bajo Bidasoa,106.94,93.06
2014,Gasto liquidado de las administraciones locales en proporción al presupuesto aprobado originalmente,,Bidasoa Beherea / Bajo Bidasoa,,%,Bidasoa Beherea / Bajo Bidasoa,110.7,110.7
2013,Gasto liquidado de las administraciones locales en proporción al presupuesto aprobado originalmente,,Bidasoa Beherea / Bajo Bidasoa,,%,Bidasoa Beherea / Bajo Bidasoa,100.54,99.46
2019,Gasto liquidado de las administraciones locales en proporción al presupuesto aprobado originalmente,,Bidasoa Beherea / Bajo Bidasoa,,%,Bidasoa Beherea / Bajo Bidasoa,103.71,103.71
2023,Gasto liquidado de las administraciones locales en proporción al presupuesto aprobado originalmente,,Bidasoa Beherea / Bajo Bidasoa,,%,Bidasoa Beherea / Bajo Bidasoa,109.47,109.47
2010,Gasto liquidado de las administraciones locales en proporción al presupuesto aprobado originalmente,,Bidasoa Beherea / Bajo Bidasoa,,%,Bidasoa Beherea / Bajo Bidasoa,116.47,116.47
2018,Gasto liquidado de las administraciones locales en proporción al presupuesto aprobado originalmente,,Bidasoa Beherea / Bajo Bidasoa,,%,Bidasoa Beherea / Bajo Bidasoa,101.37,101.37
2021,Gasto liquidado de las administraciones locales en proporción al presupuesto aprobado originalmente,,Bidasoa Beherea / Bajo Bidasoa,,%,Bidasoa Beherea / Bajo Bidasoa,115.09,84.91
2020,Gasto liquidado de las administraciones locales en proporción al presupuesto aprobado originalmente,,Bidasoa Beherea / Bajo Bidasoa,,%,Bidasoa Beherea / Bajo Bidasoa,107.8,92.2
2011,Gasto liquidado de las administraciones locales en proporción al presupuesto aprobado originalmente,,Bidasoa Beherea / Bajo Bidasoa,,%,Bidasoa Beherea / Bajo Bidasoa,109.46,109.46
2012,Gasto liquidado de las administraciones locales en proporción al presupuesto aprobado originalmente,,Bidasoa Beherea / Bajo Bidasoa,,%,Bidasoa Beherea / Bajo Bidasoa,106.08,106.08
2016,Gasto liquidado de las administraciones locales en proporción al presupuesto aprobado originalmente,,Bidasoa Beherea / Bajo Bidasoa,,%,Bidasoa Beherea / Bajo Bidasoa,102.83,97.17
2015,Gasto liquidado de las administraciones locales en proporción al presupuesto aprobado originalmente,,Bidasoa Beherea / Bajo Bidasoa,,%,Bidasoa Beherea / Bajo Bidasoa,101.31,101.31
2020,Gasto liquidado de las administraciones locales en proporción al presupuesto aprobado originalmente,,Bilbo Handia / Gran Bilbao,,%,Bilbo Handia / Gran Bilbao,105.61,94.39
2010,Gasto liquidado de las administraciones locales en proporción al presupuesto aprobado originalmente,,Bilbo Handia / Gran Bilbao,,%,Bilbo Handia / Gran Bilbao,116.19,116.19
2023,Gasto liquidado de las administraciones locales en proporción al presupuesto aprobado originalmente,,Bilbo Handia / Gran Bilbao,,%,Bilbo Handia / Gran Bilbao,107.07,107.07
2021,Gasto liquidado de las administraciones locales en proporción al presupuesto aprobado originalmente,,Bilbo Handia / Gran Bilbao,,%,Bilbo Handia / Gran Bilbao,101.12,98.88
2012,Gasto liquidado de las administraciones locales en proporción al presupuesto aprobado originalmente,,Bilbo Handia / Gran Bilbao,,%,Bilbo Handia / Gran Bilbao,101.71,98.29
2017,Gasto liquidado de las administraciones locales en proporción al presupuesto aprobado originalmente,,Bilbo Handia / Gran Bilbao,,%,Bilbo Handia / Gran Bilbao,101.21,98.79
2015,Gasto liquidado de las administraciones locales en proporción al presupuesto aprobado originalmente,,Bilbo Handia / Gran Bilbao,,%,Bilbo Handia / Gran Bilbao,100.95,99.05
2022,Gasto liquidado de las administraciones locales en proporción al presupuesto aprobado originalmente,,Bilbo Handia / Gran Bilbao,,%,Bilbo Handia / Gran Bilbao,100.43,99.57
2019,Gasto liquidado de las administraciones locales en proporción al presupuesto aprobado originalmente,,Bilbo Handia / Gran Bilbao,,%,Bilbo Handia / Gran Bilbao,101.83,101.83
2011,Gasto liquidado de las administraciones locales en proporción al presupuesto aprobado originalmente,,Bilbo Handia / Gran Bilbao,,%,Bilbo Handia / Gran Bilbao,106.1,106.1
2016,Gasto liquidado de las administraciones locales en proporción al presupuesto aprobado originalmente,,Bilbo Handia / Gran Bilbao,,%,Bilbo Handia / Gran Bilbao,104.96,95.04
2013,Gasto liquidado de las administraciones locales en proporción al presupuesto aprobado originalmente,,Bilbo Handia / Gran Bilbao,,%,Bilbo Handia / Gran Bilbao,102.97,102.97
2014,Gasto liquidado de las administraciones locales en proporción al presupuesto aprobado originalmente,,Bilbo Handia / Gran Bilbao,,%,Bilbo Handia / Gran Bilbao,100.29,100.29
2018,Gasto liquidado de las administraciones locales en proporción al presupuesto aprobado originalmente,,Bilbo Handia / Gran Bilbao,,%,Bilbo Handia / Gran Bilbao,101.23,98.77
2019,Gasto liquidado de las administraciones locales en proporción al presupuesto aprobado originalmente,,Debabarrena / Bajo Deba,,%,Debabarrena / Bajo Deba,100.27,100.27
2010,Gasto liquidado de las administraciones locales en proporción al presupuesto aprobado originalmente,,Debabarrena / Bajo Deba,,%,Debabarrena / Bajo Deba,114.71,114.71
2016,Gasto liquidado de las administraciones locales en proporción al presupuesto aprobado originalmente,,Debabarrena / Bajo Deba,,%,Debabarrena / Bajo Deba,108.29,91.71
2021,Gasto liquidado de las administraciones locales en proporción al presupuesto aprobado originalmente,,Debabarrena / Bajo Deba,,%,Debabarrena / Bajo Deba,105.12,94.88
2015,Gasto liquidado de las administraciones locales en proporción al presupuesto aprobado originalmente,,Debabarrena / Bajo Deba,,%,Debabarrena / Bajo Deba,100.56,100.56
2018,Gasto liquidado de las administraciones locales en proporción al presupuesto aprobado originalmente,,Debabarrena / Bajo Deba,,%,Debabarrena / Bajo Deba,104.6,95.4
2014,Gasto liquidado de las administraciones locales en proporción al presupuesto aprobado originalmente,,Debabarrena / Bajo Deba,,%,Debabarrena / Bajo Deba,100.82,99.18
2022,Gasto liquidado de las administraciones locales en proporción al presupuesto aprobado originalmente,,Debabarrena / Bajo Deba,,%,Debabarrena / Bajo Deba,100.87,99.13
2013,Gasto liquidado de las administraciones locales en proporción al presupuesto aprobado originalmente,,Debabarrena / Bajo Deba,,%,Debabarrena / Bajo Deba,101.88,101.88
2011,Gasto liquidado de las administraciones locales en proporción al presupuesto aprobado originalmente,,Debabarrena / Bajo Deba,,%,Debabarrena / Bajo Deba,112.63,112.63
2020,Gasto liquidado de las administraciones locales en proporción al presupuesto aprobado originalmente,,Debabarrena / Bajo Deba,,%,Debabarrena / Bajo Deba,110.35,89.65
2023,Gasto liquidado de las administraciones locales en proporción al presupuesto aprobado originalmente,,Debabarrena / Bajo Deba,,%,Debabarrena / Bajo Deba,102.04,102.04
2017,Gasto liquidado de las administraciones locales en proporción al presupuesto aprobado originalmente,,Debabarrena / Bajo Deba,,%,Debabarrena / Bajo Deba,109.0,91.0
2012,Gasto liquidado de las administraciones locales en proporción al presupuesto aprobado originalmente,,Debabarrena / Bajo Deba,,%,Debabarrena / Bajo Deba,103.9,96.1
2014,Gasto liquidado de las administraciones locales en proporción al presupuesto aprobado originalmente,,Debagoiena / Alto Deba,,%,Debagoiena / Alto Deba,100.06,100.06
2010,Gasto liquidado de las administraciones locales en proporción al presupuesto aprobado originalmente,,Debagoiena / Alto Deba,,%,Debagoiena / Alto Deba,108.64,108.64
2023,Gasto liquidado de las administraciones locales en proporción al presupuesto aprobado originalmente,,Debagoiena / Alto Deba,,%,Debagoiena / Alto Deba,107.5,92.5
2018,Gasto liquidado de las administraciones locales en proporción al presupuesto aprobado originalmente,,Debagoiena / Alto Deba,,%,Debagoiena / Alto Deba,105.46,94.54
2012,Gasto liquidado de las administraciones locales en proporción al presupuesto aprobado originalmente,,Debagoiena / Alto Deba,,%,Debagoiena / Alto Deba,102.68,97.32
2011,Gasto liquidado de las administraciones locales en proporción al presupuesto aprobado originalmente,,Debagoiena / Alto Deba,,%,Debagoiena / Alto Deba,104.43,104.43
2013,Gasto liquidado de las administraciones locales en proporción al presupuesto aprobado originalmente,,Debagoiena / Alto Deba,,%,Debagoiena / Alto Deba,103.05,96.95
2015,Gasto liquidado de las administraciones locales en proporción al presupuesto aprobado originalmente,,Debagoiena / Alto Deba,,%,Debagoiena / Alto Deba,100.02,100.02
2017,Gasto liquidado de las administraciones locales en proporción al presupuesto aprobado originalmente,,Debagoiena / Alto Deba,,%,Debagoiena / Alto Deba,104.98,95.02
2016,Gasto liquidado de las administraciones locales en proporción al presupuesto aprobado originalmente,,Debagoiena / Alto Deba,,%,Debagoiena / Alto Deba,105.93,94.07
2022,Gasto liquidado de las administraciones locales en proporción al presupuesto aprobado originalmente,,Debagoiena / Alto Deba,,%,Debagoiena / Alto Deba,100.86,100.86
2020,Gasto liquidado de las administraciones locales en proporción al presupuesto aprobado originalmente,,Debagoiena / Alto Deba,,%,Debagoiena / Alto Deba,100.6,99.4
2021,Gasto liquidado de las administraciones locales en proporción al presupuesto aprobado originalmente,,Debagoiena / Alto Deba,,%,Debagoiena / Alto Deba,100.97,99.03
2019,Gasto liquidado de las administraciones locales en proporción al presupuesto aprobado originalmente,,Debagoiena / Alto Deba,,%,Debagoiena / Alto Deba,104.46,95.54
2020,Gasto liquidado de las administraciones locales en proporción al presupuesto aprobado originalmente,,Donostialdea,,%,Donostialdea,104.53,95.47
2016,Gasto liquidado de las administraciones locales en proporción al presupuesto aprobado originalmente,,Donostialdea,,%,Donostialdea,101.58,98.42
2022,Gasto liquidado de las administraciones locales en proporción al presupuesto aprobado originalmente,,Donostialdea,,%,Donostialdea,102.62,97.38
2021,Gasto liquidado de las administraciones locales en proporción al presupuesto aprobado originalmente,,Donostialdea,,%,Donostialdea,102.83,102.83
2015,Gasto liquidado de las administraciones locales en proporción al presupuesto aprobado originalmente,,Donostialdea,,%,Donostialdea,114.17,85.83
2011,Gasto liquidado de las administraciones locales en proporción al presupuesto aprobado originalmente,,Donostialdea,,%,Donostialdea,102.4,97.6
2017,Gasto liquidado de las administraciones locales en proporción al presupuesto aprobado originalmente,,Donostialdea,,%,Donostialdea,109.98,90.02
2014,Gasto liquidado de las administraciones locales en proporción al presupuesto aprobado originalmente,,Donostialdea,,%,Donostialdea,114.93,85.07
2012,Gasto liquidado de las administraciones locales en proporción al presupuesto aprobado originalmente,,Donostialdea,,%,Donostialdea,112.73,87.27
2019,Gasto liquidado de las administraciones locales en proporción al presupuesto aprobado originalmente,,Donostialdea,,%,Donostialdea,103.06,96.94
2013,Gasto liquidado de las administraciones locales en proporción al presupuesto aprobado originalmente,,Donostialdea,,%,Donostialdea,105.58,94.42
2023,Gasto liquidado de las administraciones locales en proporción al presupuesto aprobado originalmente,,Donostialdea,,%,Donostialdea,103.84,96.16
2018,Gasto liquidado de las administraciones locales en proporción al presupuesto aprobado originalmente,,Donostialdea,,%,Donostialdea,108.14,91.86
2010,Gasto liquidado de las administraciones locales en proporción al presupuesto aprobado originalmente,,Donostialdea,,%,Donostialdea,101.79,101.79
2013,Gasto liquidado de las administraciones locales en proporción al presupuesto aprobado originalmente,,Durangaldea / Duranguesado,,%,Durangaldea / Duranguesado,105.07,105.07
2012,Gasto liquidado de las administraciones locales en proporción al presupuesto aprobado originalmente,,Durangaldea / Duranguesado,,%,Durangaldea / Duranguesado,100.66,99.34
2020,Gasto liquidado de las administraciones locales en proporción al presupuesto aprobado originalmente,,Durangaldea / Duranguesado,,%,Durangaldea / Duranguesado,108.69,91.31
2018,Gasto liquidado de las administraciones locales en proporción al presupuesto aprobado originalmente,,Durangaldea / Duranguesado,,%,Durangaldea / Duranguesado,100.15,100.15
2011,Gasto liquidado de las administraciones locales en proporción al presupuesto aprobado originalmente,,Durangaldea / Duranguesado,,%,Durangaldea / Duranguesado,100.85,100.85
2019,Gasto liquidado de las administraciones locales en proporción al presupuesto aprobado originalmente,,Durangaldea / Duranguesado,,%,Durangaldea / Duranguesado,100.41,99.59
2015,Gasto liquidado de las administraciones locales en proporción al presupuesto aprobado originalmente,,Durangaldea / Duranguesado,,%,Durangaldea / Duranguesado,100.11,100.11
2017,Gasto liquidado de las administraciones locales en proporción al presupuesto aprobado originalmente,,Durangaldea / Duranguesado,,%,Durangaldea / Duranguesado,100.38,99.62
2010,Gasto liquidado de las administraciones locales en proporción al presupuesto aprobado originalmente,,Durangaldea / Duranguesado,,%,Durangaldea / Duranguesado,104.63,104.63
2023,Gasto liquidado de las administraciones locales en proporción al presupuesto aprobado originalmente,,Durangaldea / Duranguesado,,%,Durangaldea / Duranguesado,105.33,105.33
2022,Gasto liquidado de las administraciones locales en proporción al presupuesto aprobado originalmente,,Durangaldea / Duranguesado,,%,Durangaldea / Duranguesado,104.24,104.24
2021,Gasto liquidado de las administraciones locales en proporción al presupuesto aprobado originalmente,,Durangaldea / Duranguesado,,%,Durangaldea / Duranguesado,102.73,97.27
2014,Gasto liquidado de las administraciones locales en proporción al presupuesto aprobado originalmente,,Durangaldea / Duranguesado,,%,Durangaldea / Duranguesado,108.06,108.06
2016,Gasto liquidado de las administraciones locales en proporción al presupuesto aprobado originalmente,,Durangaldea / Duranguesado,,%,Durangaldea / Duranguesado,103.59,103.59
2019,Gasto liquidado de las administraciones locales en proporción al presupuesto aprobado originalmente,,Enkartazioak / Encartaciones,,%,Enkartazioak / Encartaciones,104.88,104.88
2012,Gasto liquidado de las administraciones locales en proporción al presupuesto aprobado originalmente,,Enkartazioak / Encartaciones,,%,Enkartazioak / Encartaciones,107.69,107.69
2021,Gasto liquidado de las administraciones locales en proporción al presupuesto aprobado originalmente,,Enkartazioak / Encartaciones,,%,Enkartazioak / Encartaciones,103.23,103.23
2011,Gasto liquidado de las administraciones locales en proporción al presupuesto aprobado originalmente,,Enkartazioak / Encartaciones,,%,Enkartazioak / Encartaciones,110.26,110.26
2017,Gasto liquidado de las administraciones locales en proporción al presupuesto aprobado originalmente,,Enkartazioak / Encartaciones,,%,Enkartazioak / Encartaciones,104.51,104.51
2016,Gasto liquidado de las administraciones locales en proporción al presupuesto aprobado originalmente,,Enkartazioak / Encartaciones,,%,Enkartazioak / Encartaciones,106.18,106.18
2015,Gasto liquidado de las administraciones locales en proporción al presupuesto aprobado originalmente,,Enkartazioak / Encartaciones,,%,Enkartazioak / Encartaciones,112.7,112.7
2014,Gasto liquidado de las administraciones locales en proporción al presupuesto aprobado originalmente,,Enkartazioak / Encartaciones,,%,Enkartazioak / Encartaciones,113.71,113.71
2023,Gasto liquidado de las administraciones locales en proporción al presupuesto aprobado originalmente,,Enkartazioak / Encartaciones,,%,Enkartazioak / Encartaciones,101.5,101.5
2010,Gasto liquidado de las administraciones locales en proporción al presupuesto aprobado originalmente,,Enkartazioak / Encartaciones,,%,Enkartazioak / Encartaciones,128.05,128.05
2013,Gasto liquidado de las administraciones locales en proporción al presupuesto aprobado originalmente,,Enkartazioak / Encartaciones,,%,Enkartazioak / Encartaciones,105.44,105.44
2022,Gasto liquidado de las administraciones locales en proporción al presupuesto aprobado originalmente,,Enkartazioak / Encartaciones,,%,Enkartazioak / Encartaciones,105.76,105.76
2020,Gasto liquidado de las administraciones locales en proporción al presupuesto aprobado originalmente,,Enkartazioak / Encartaciones,,%,Enkartazioak / Encartaciones,109.33,90.67
2018,Gasto liquidado de las administraciones locales en proporción al presupuesto aprobado originalmente,,Enkartazioak / Encartaciones,,%,Enkartazioak / Encartaciones,104.22,104.22
2021,Gasto liquidado de las administraciones locales en proporción al presupuesto aprobado originalmente,,Gernika-Bermeo,,%,Gernika-Bermeo,103.31,96.69
2023,Gasto liquidado de las administraciones locales en proporción al presupuesto aprobado originalmente,,Gernika-Bermeo,,%,Gernika-Bermeo,106.1,106.1
2011,Gasto liquidado de las administraciones locales en proporción al presupuesto aprobado originalmente,,Gernika-Bermeo,,%,Gernika-Bermeo,107.51,107.51
2015,Gasto liquidado de las administraciones locales en proporción al presupuesto aprobado originalmente,,Gernika-Bermeo,,%,Gernika-Bermeo,102.6,102.6
2010,Gasto liquidado de las administraciones locales en proporción al presupuesto aprobado originalmente,,Gernika-Bermeo,,%,Gernika-Bermeo,123.31,123.31
2012,Gasto liquidado de las administraciones locales en proporción al presupuesto aprobado originalmente,,Gernika-Bermeo,,%,Gernika-Bermeo,100.36,99.64
2022,Gasto liquidado de las administraciones locales en proporción al presupuesto aprobado originalmente,,Gernika-Bermeo,,%,Gernika-Bermeo,101.03,98.97
2014,Gasto liquidado de las administraciones locales en proporción al presupuesto aprobado originalmente,,Gernika-Bermeo,,%,Gernika-Bermeo,105.03,105.03
2016,Gasto liquidado de las administraciones locales en proporción al presupuesto aprobado originalmente,,Gernika-Bermeo,,%,Gernika-Bermeo,103.53,103.53
2020,Gasto liquidado de las administraciones locales en proporción al presupuesto aprobado originalmente,,Gernika-Bermeo,,%,Gernika-Bermeo,107.14,92.86
2017,Gasto liquidado de las administraciones locales en proporción al presupuesto aprobado originalmente,,Gernika-Bermeo,,%,Gernika-Bermeo,102.24,102.24
2018,Gasto liquidado de las administraciones locales en proporción al presupuesto aprobado originalmente,,Gernika-Bermeo,,%,Gernika-Bermeo,104.7,95.3
2019,Gasto liquidado de las administraciones locales en proporción al presupuesto aprobado originalmente,,Gernika-Bermeo,,%,Gernika-Bermeo,101.66,101.66
2013,Gasto liquidado de las administraciones locales en proporción al presupuesto aprobado originalmente,,Gernika-Bermeo,,%,Gernika-Bermeo,106.39,106.39
2017,Gasto liquidado de las administraciones locales en proporción al presupuesto aprobado originalmente,,Goierri,,%,Goierri,100.43,100.43
2016,Gasto liquidado de las administraciones locales en proporción al presupuesto aprobado originalmente,,Goierri,,%,Goierri,102.8,97.2
2021,Gasto liquidado de las administraciones locales en proporción al presupuesto aprobado originalmente,,Goierri,,%,Goierri,100.48,99.52
2010,Gasto liquidado de las administraciones locales en proporción al presupuesto aprobado originalmente,,Goierri,,%,Goierri,122.07,122.07
2012,Gasto liquidado de las administraciones locales en proporción al presupuesto aprobado originalmente,,Goierri,,%,Goierri,101.56,101.56
2020,Gasto liquidado de las administraciones locales en proporción al presupuesto aprobado originalmente,,Goierri,,%,Goierri,104.51,95.49
2018,Gasto liquidado de las administraciones locales en proporción al presupuesto aprobado originalmente,,Goierri,,%,Goierri,101.34,101.34
2011,Gasto liquidado de las administraciones locales en proporción al presupuesto aprobado originalmente,,Goierri,,%,Goierri,110.77,110.77
2019,Gasto liquidado de las administraciones locales en proporción al presupuesto aprobado originalmente,,Goierri,,%,Goierri,103.81,103.81
2023,Gasto liquidado de las administraciones locales en proporción al presupuesto aprobado originalmente,,Goierri,,%,Goierri,104.29,104.29
2022,Gasto liquidado de las administraciones locales en proporción al presupuesto aprobado originalmente,,Goierri,,%,Goierri,102.79,102.79
2013,Gasto liquidado de las administraciones locales en proporción al presupuesto aprobado originalmente,,Goierri,,%,Goierri,105.32,105.32
2015,Gasto liquidado de las administraciones locales en proporción al presupuesto aprobado originalmente,,Goierri,,%,Goierri,100.56,99.44
2014,Gasto liquidado de las administraciones locales en proporción al presupuesto aprobado originalmente,,Goierri,,%,Goierri,100.74,100.74
2011,Gasto liquidado de las administraciones locales en proporción al presupuesto aprobado originalmente,,Gorbeialdea / Estribaciones del Gorbea,,%,Gorbeialdea / Estribaciones del Gorbea,108.25,91.75
2022,Gasto liquidado de las administraciones locales en proporción al presupuesto aprobado originalmente,,Gorbeialdea / Estribaciones del Gorbea,,%,Gorbeialdea / Estribaciones del Gorbea,102.92,97.08
2021,Gasto liquidado de las administraciones locales en proporción al presupuesto aprobado originalmente,,Gorbeialdea / Estribaciones del Gorbea,,%,Gorbeialdea / Estribaciones del Gorbea,114.14,85.86
2014,Gasto liquidado de las administraciones locales en proporción al presupuesto aprobado originalmente,,Gorbeialdea / Estribaciones del Gorbea,,%,Gorbeialdea / Estribaciones del Gorbea,104.05,104.05
2019,Gasto liquidado de las administraciones locales en proporción al presupuesto aprobado originalmente,,Gorbeialdea / Estribaciones del Gorbea,,%,Gorbeialdea / Estribaciones del Gorbea,116.49,83.51
2020,Gasto liquidado de las administraciones locales en proporción al presupuesto aprobado originalmente,,Gorbeialdea / Estribaciones del Gorbea,,%,Gorbeialdea / Estribaciones del Gorbea,115.06,84.94
2013,Gasto liquidado de las administraciones locales en proporción al presupuesto aprobado originalmente,,Gorbeialdea / Estribaciones del Gorbea,,%,Gorbeialdea / Estribaciones del Gorbea,103.73,96.27
2010,Gasto liquidado de las administraciones locales en proporción al presupuesto aprobado originalmente,,Gorbeialdea / Estribaciones del Gorbea,,%,Gorbeialdea / Estribaciones del Gorbea,120.65,120.65
2016,Gasto liquidado de las administraciones locales en proporción al presupuesto aprobado originalmente,,Gorbeialdea / Estribaciones del Gorbea,,%,Gorbeialdea / Estribaciones del Gorbea,104.81,95.19
2018,Gasto liquidado de las administraciones locales en proporción al presupuesto aprobado originalmente,,Gorbeialdea / Estribaciones del Gorbea,,%,Gorbeialdea / Estribaciones del Gorbea,101.04,98.96
2023,Gasto liquidado de las administraciones locales en proporción al presupuesto aprobado originalmente,,Gorbeialdea / Estribaciones del Gorbea,,%,Gorbeialdea / Estribaciones del Gorbea,103.45,96.55
2017,Gasto liquidado de las administraciones locales en proporción al presupuesto aprobado originalmente,,Gorbeialdea / Estribaciones del Gorbea,,%,Gorbeialdea / Estribaciones del Gorbea,116.34,83.66
2015,Gasto liquidado de las administraciones locales en proporción al presupuesto aprobado originalmente,,Gorbeialdea / Estribaciones del Gorbea,,%,Gorbeialdea / Estribaciones del Gorbea,101.46,98.54
2012,Gasto liquidado de las administraciones locales en proporción al presupuesto aprobado originalmente,,Gorbeialdea / Estribaciones del Gorbea,,%,Gorbeialdea / Estribaciones del Gorbea,108.84,108.84
2019,Gasto liquidado de las administraciones locales en proporción al presupuesto aprobado originalmente,,Markina-Ondarroa,,%,Markina-Ondarroa,112.53,112.53
2023,Gasto liquidado de las administraciones locales en proporción al presupuesto aprobado originalmente,,Markina-Ondarroa,,%,Markina-Ondarroa,111.39,111.39
2011,Gasto liquidado de las administraciones locales en proporción al presupuesto aprobado originalmente,,Markina-Ondarroa,,%,Markina-Ondarroa,111.29,111.29
2010,Gasto liquidado de las administraciones locales en proporción al presupuesto aprobado originalmente,,Markina-Ondarroa,,%,Markina-Ondarroa,108.7,108.7
2020,Gasto liquidado de las administraciones locales en proporción al presupuesto aprobado originalmente,,Markina-Ondarroa,,%,Markina-Ondarroa,114.54,85.46
2014,Gasto liquidado de las administraciones locales en proporción al presupuesto aprobado originalmente,,Markina-Ondarroa,,%,Markina-Ondarroa,100.94,100.94
2017,Gasto liquidado de las administraciones locales en proporción al presupuesto aprobado originalmente,,Markina-Ondarroa,,%,Markina-Ondarroa,105.6,105.6
2022,Gasto liquidado de las administraciones locales en proporción al presupuesto aprobado originalmente,,Markina-Ondarroa,,%,Markina-Ondarroa,101.82,98.18
2016,Gasto liquidado de las administraciones locales en proporción al presupuesto aprobado originalmente,,Markina-Ondarroa,,%,Markina-Ondarroa,118.2,118.2
2015,Gasto liquidado de las administraciones locales en proporción al presupuesto aprobado originalmente,,Markina-Ondarroa,,%,Markina-Ondarroa,100.7,100.7
2012,Gasto liquidado de las administraciones locales en proporción al presupuesto aprobado originalmente,,Markina-Ondarroa,,%,Markina-Ondarroa,101.66,101.66
2013,Gasto liquidado de las administraciones locales en proporción al presupuesto aprobado originalmente,,Markina-Ondarroa,,%,Markina-Ondarroa,101.09,101.09
2021,Gasto liquidado de las administraciones locales en proporción al presupuesto aprobado originalmente,,Markina-Ondarroa,,%,Markina-Ondarroa,100.97,99.03
2018,Gasto liquidado de las administraciones locales en proporción al presupuesto aprobado originalmente,,Markina-Ondarroa,,%,Markina-Ondarroa,105.7,105.7
2017,Gasto liquidado de las administraciones locales en proporción al presupuesto aprobado originalmente,,Plentzia-Mungia,,%,Plentzia-Mungia,100.41,99.59
2022,Gasto liquidado de las administraciones locales en proporción al presupuesto aprobado originalmente,,Plentzia-Mungia,,%,Plentzia-Mungia,110.71,110.71
2015,Gasto liquidado de las administraciones locales en proporción al presupuesto aprobado originalmente,,Plentzia-Mungia,,%,Plentzia-Mungia,106.76,106.76
2011,Gasto liquidado de las administraciones locales en proporción al presupuesto aprobado originalmente,,Plentzia-Mungia,,%,Plentzia-Mungia,103.64,96.36
2014,Gasto liquidado de las administraciones locales en proporción al presupuesto aprobado originalmente,,Plentzia-Mungia,,%,Plentzia-Mungia,110.51,110.51
2016,Gasto liquidado de las administraciones locales en proporción al presupuesto aprobado originalmente,,Plentzia-Mungia,,%,Plentzia-Mungia,103.49,96.51
2023,Gasto liquidado de las administraciones locales en proporción al presupuesto aprobado originalmente,,Plentzia-Mungia,,%,Plentzia-Mungia,113.89,113.89
2019,Gasto liquidado de las administraciones locales en proporción al presupuesto aprobado originalmente,,Plentzia-Mungia,,%,Plentzia-Mungia,102.66,102.66
2018,Gasto liquidado de las administraciones locales en proporción al presupuesto aprobado originalmente,,Plentzia-Mungia,,%,Plentzia-Mungia,111.58,88.42
2020,Gasto liquidado de las administraciones locales en proporción al presupuesto aprobado originalmente,,Plentzia-Mungia,,%,Plentzia-Mungia,103.59,96.41
2012,Gasto liquidado de las administraciones locales en proporción al presupuesto aprobado originalmente,,Plentzia-Mungia,,%,Plentzia-Mungia,110.38,89.62
2013,Gasto liquidado de las administraciones locales en proporción al presupuesto aprobado originalmente,,Plentzia-Mungia,,%,Plentzia-Mungia,107.4,107.4
2010,Gasto liquidado de las administraciones locales en proporción al presupuesto aprobado originalmente,,Plentzia-Mungia,,%,Plentzia-Mungia,105.6,105.6
2021,Gasto liquidado de las administraciones locales en proporción al presupuesto aprobado originalmente,,Plentzia-Mungia,,%,Plentzia-Mungia,108.33,108.33
2020,Gasto liquidado de las administraciones locales en proporción al presupuesto aprobado originalmente,,Tolosaldea,,%,Tolosaldea,108.37,91.63
2011,Gasto liquidado de las administraciones locales en proporción al presupuesto aprobado originalmente,,Tolosaldea,,%,Tolosaldea,111.09,111.09
2017,Gasto liquidado de las administraciones locales en proporción al presupuesto aprobado originalmente,,Tolosaldea,,%,Tolosaldea,100.6,100.6
2013,Gasto liquidado de las administraciones locales en proporción al presupuesto aprobado originalmente,,Tolosaldea,,%,Tolosaldea,103.92,96.08
2022,Gasto liquidado de las administraciones locales en proporción al presupuesto aprobado originalmente,,Tolosaldea,,%,Tolosaldea,101.46,98.54
2015,Gasto liquidado de las administraciones locales en proporción al presupuesto aprobado originalmente,,Tolosaldea,,%,Tolosaldea,103.62,103.62
2014,Gasto liquidado de las administraciones locales en proporción al presupuesto aprobado originalmente,,Tolosaldea,,%,Tolosaldea,102.98,102.98
2021,Gasto liquidado de las administraciones locales en proporción al presupuesto aprobado originalmente,,Tolosaldea,,%,Tolosaldea,100.7,99.3
2012,Gasto liquidado de las administraciones locales en proporción al presupuesto aprobado originalmente,,Tolosaldea,,%,Tolosaldea,103.82,96.18
2023,Gasto liquidado de las administraciones locales en proporción al presupuesto aprobado originalmente,,Tolosaldea,,%,Tolosaldea,103.58,103.58
2018,Gasto liquidado de las administraciones locales en proporción al presupuesto aprobado originalmente,,Tolosaldea,,%,Tolosaldea,100.31,99.69
2016,Gasto liquidado de las administraciones locales en proporción al presupuesto aprobado originalmente,,Tolosaldea,,%,Tolosaldea,101.56,101.56
2010,Gasto liquidado de las administraciones locales en proporción al presupuesto aprobado originalmente,,Tolosaldea,,%,Tolosaldea,112.58,112.58
2019,Gasto liquidado de las administraciones locales en proporción al presupuesto aprobado originalmente,,Tolosaldea,,%,Tolosaldea,101.52,101.52
2021,Gasto liquidado de las administraciones locales en proporción al presupuesto aprobado originalmente,,Urola Kosta,,%,Urola Kosta,100.54,99.46
2019,Gasto liquidado de las administraciones locales en proporción al presupuesto aprobado originalmente,,Urola Kosta,,%,Urola Kosta,100.19,100.19
2017,Gasto liquidado de las administraciones locales en proporción al presupuesto aprobado originalmente,,Urola Kosta,,%,Urola Kosta,101.28,101.28
2012,Gasto liquidado de las administraciones locales en proporción al presupuesto aprobado originalmente,,Urola Kosta,,%,Urola Kosta,106.27,93.73
2014,Gasto liquidado de las administraciones locales en proporción al presupuesto aprobado originalmente,,Urola Kosta,,%,Urola Kosta,102.53,97.47
2018,Gasto liquidado de las administraciones locales en proporción al presupuesto aprobado originalmente,,Urola Kosta,,%,Urola Kosta,104.28,104.28
2010,Gasto liquidado de las administraciones locales en proporción al presupuesto aprobado originalmente,,Urola Kosta,,%,Urola Kosta,101.34,101.34
2015,Gasto liquidado de las administraciones locales en proporción al presupuesto aprobado originalmente,,Urola Kosta,,%,Urola Kosta,100.66,99.34
2016,Gasto liquidado de las administraciones locales en proporción al presupuesto aprobado originalmente,,Urola Kosta,,%,Urola Kosta,102.41,97.59
2013,Gasto liquidado de las administraciones locales en proporción al presupuesto aprobado originalmente,,Urola Kosta,,%,Urola Kosta,101.67,98.33
2020,Gasto liquidado de las administraciones locales en proporción al presupuesto aprobado originalmente,,Urola Kosta,,%,Urola Kosta,105.98,94.02
2022,Gasto liquidado de las administraciones locales en proporción al presupuesto aprobado originalmente,,Urola Kosta,,%,Urola Kosta,102.54,97.46
2011,Gasto liquidado de las administraciones locales en proporción al presupuesto aprobado originalmente,,Urola Kosta,,%,Urola Kosta,104.8,104.8
2023,Gasto liquidado de las administraciones locales en proporción al presupuesto aprobado originalmente,,Urola Kosta,,%,Urola Kosta,101.8,101.8
2014,Gasto liquidado de las administraciones locales en proporción al presupuesto aprobado originalmente,Araba/Álava,,,%,Araba/Álava,101.05,101.05
2010,Gasto liquidado de las administraciones locales en proporción al presupuesto aprobado originalmente,Araba/Álava,,,%,Araba/Álava,103.51,103.51
2017,Gasto liquidado de las administraciones locales en proporción al presupuesto aprobado originalmente,Araba/Álava,,,%,Araba/Álava,104.08,95.92
2019,Gasto liquidado de las administraciones locales en proporción al presupuesto aprobado originalmente,Araba/Álava,,,%,Araba/Álava,101.87,98.13
2020,Gasto liquidado de las administraciones locales en proporción al presupuesto aprobado originalmente,Araba/Álava,,,%,Araba/Álava,107.77,92.23
2021,Gasto liquidado de las administraciones locales en proporción al presupuesto aprobado originalmente,Araba/Álava,,,%,Araba/Álava,101.23,98.77
2018,Gasto liquidado de las administraciones locales en proporción al presupuesto aprobado originalmente,Araba/Álava,,,%,Araba/Álava,104.25,95.75
2011,Gasto liquidado de las administraciones locales en proporción al presupuesto aprobado originalmente,Araba/Álava,,,%,Araba/Álava,116.3,83.7
2013,Gasto liquidado de las administraciones locales en proporción al presupuesto aprobado originalmente,Araba/Álava,,,%,Araba/Álava,102.67,97.33
2022,Gasto liquidado de las administraciones locales en proporción al presupuesto aprobado originalmente,Araba/Álava,,,%,Araba/Álava,102.2,102.2
2023,Gasto liquidado de las administraciones locales en proporción al presupuesto aprobado originalmente,Araba/Álava,,,%,Araba/Álava,100.93,100.93
2012,Gasto liquidado de las administraciones locales en proporción al presupuesto aprobado originalmente,Araba/Álava,,,%,Araba/Álava,121.17,78.83
2016,Gasto liquidado de las administraciones locales en proporción al presupuesto aprobado originalmente,Araba/Álava,,,%,Araba/Álava,101.87,98.13
2015,Gasto liquidado de las administraciones locales en proporción al presupuesto aprobado originalmente,Araba/Álava,,,%,Araba/Álava,103.85,103.85
2019,Gasto liquidado de las administraciones locales en proporción al presupuesto aprobado originalmente,Bizkaia,,,%,Bizkaia,102.05,102.05
2022,Gasto liquidado de las administraciones locales en proporción al presupuesto aprobado originalmente,Bizkaia,,,%,Bizkaia,100.71,100.71
2011,Gasto liquidado de las administraciones locales en proporción al presupuesto aprobado originalmente,Bizkaia,,,%,Bizkaia,105.38,105.38
2018,Gasto liquidado de las administraciones locales en proporción al presupuesto aprobado originalmente,Bizkaia,,,%,Bizkaia,101.33,98.67
2021,Gasto liquidado de las administraciones locales en proporción al presupuesto aprobado originalmente,Bizkaia,,,%,Bizkaia,100.8,99.2
2012,Gasto liquidado de las administraciones locales en proporción al presupuesto aprobado originalmente,Bizkaia,,,%,Bizkaia,101.56,98.44
2023,Gasto liquidado de las administraciones locales en proporción al presupuesto aprobado originalmente,Bizkaia,,,%,Bizkaia,107.17,107.17
2015,Gasto liquidado de las administraciones locales en proporción al presupuesto aprobado originalmente,Bizkaia,,,%,Bizkaia,100.09,100.09
2016,Gasto liquidado de las administraciones locales en proporción al presupuesto aprobado originalmente,Bizkaia,,,%,Bizkaia,102.94,97.06
2017,Gasto liquidado de las administraciones locales en proporción al presupuesto aprobado originalmente,Bizkaia,,,%,Bizkaia,100.5,99.5
2013,Gasto liquidado de las administraciones locales en proporción al presupuesto aprobado originalmente,Bizkaia,,,%,Bizkaia,103.5,103.5
2014,Gasto liquidado de las administraciones locales en proporción al presupuesto aprobado originalmente,Bizkaia,,,%,Bizkaia,101.78,101.78
2010,Gasto liquidado de las administraciones locales en proporción al presupuesto aprobado originalmente,Bizkaia,,,%,Bizkaia,114.88,114.88
2020,Gasto liquidado de las administraciones locales en proporción al presupuesto aprobado originalmente,Bizkaia,,,%,Bizkaia,106.25,93.75
2019,Gasto liquidado de las administraciones locales en proporción al presupuesto aprobado originalmente,Gipuzkoa,,,%,Gipuzkoa,101.24,98.76
2010,Gasto liquidado de las administraciones locales en proporción al presupuesto aprobado originalmente,Gipuzkoa,,,%,Gipuzkoa,106.84,106.84
2018,Gasto liquidado de las administraciones locales en proporción al presupuesto aprobado originalmente,Gipuzkoa,,,%,Gipuzkoa,104.32,95.68
2022,Gasto liquidado de las administraciones locales en proporción al presupuesto aprobado originalmente,Gipuzkoa,,,%,Gipuzkoa,101.28,98.72
2012,Gasto liquidado de las administraciones locales en proporción al presupuesto aprobado originalmente,Gipuzkoa,,,%,Gipuzkoa,107.31,92.69
2011,Gasto liquidado de las administraciones locales en proporción al presupuesto aprobado originalmente,Gipuzkoa,,,%,Gipuzkoa,102.89,102.89
2020,Gasto liquidado de las administraciones locales en proporción al presupuesto aprobado originalmente,Gipuzkoa,,,%,Gipuzkoa,105.31,94.69
2021,Gasto liquidado de las administraciones locales en proporción al presupuesto aprobado originalmente,Gipuzkoa,,,%,Gipuzkoa,100.54,99.46
2013,Gasto liquidado de las administraciones locales en proporción al presupuesto aprobado originalmente,Gipuzkoa,,,%,Gipuzkoa,103.03,96.97
2017,Gasto liquidado de las administraciones locales en proporción al presupuesto aprobado originalmente,Gipuzkoa,,,%,Gipuzkoa,106.59,93.41
2016,Gasto liquidado de las administraciones locales en proporción al presupuesto aprobado originalmente,Gipuzkoa,,,%,Gipuzkoa,102.54,97.46
2023,Gasto liquidado de las administraciones locales en proporción al presupuesto aprobado originalmente,Gipuzkoa,,,%,Gipuzkoa,100.85,99.15
2015,Gasto liquidado de las administraciones locales en proporción al presupuesto aprobado originalmente,Gipuzkoa,,,%,Gipuzkoa,107.24,92.76
2014,Gasto liquidado de las administraciones locales en proporción al presupuesto aprobado originalmente,Gipuzkoa,,,%,Gipuzkoa,107.14,92.86
