Year,Series,Territorio,Comarca,Municipio,Units,GeoCode,Progress,Value
2019,GF_XPD_GBPC,,,,PT,,102.16,102.16
2020,GF_XPD_GBPC,,,,PT,,100.05,100.05
2017,GF_XPD_GBPC,,,,PT,,102.13,97.87
2022,GF_XPD_GBPC,,,,PT,,104.68,104.68
2021,GF_XPD_GBPC,,,,PT,,102.22,102.22
2018,GF_XPD_GBPC,,,,PT,,101.47,98.53
2023,GF_XPD_GBPC,,,,PT,,101.1,101.1
2016,GF_XPD_GBPC,,,,PT,,105.2,94.8
2023,EU_XPD_LOCALGBPC,,,,PT,,103.31,103.31
2010,EU_XPD_LOCALGBPC,,,,PT,,110.23,110.23
2016,EU_XPD_LOCALGBPC,,,,PT,,102.63,97.37
2021,EU_XPD_LOCALGBPC,,,,PT,,100.78,99.22
2017,EU_XPD_LOCALGBPC,,,,PT,,103.22,96.78
2011,EU_XPD_LOCALGBPC,,,,PT,,100.45,100.45
2020,EU_XPD_LOCALGBPC,,,,PT,,106.16,93.84
2014,EU_XPD_LOCALGBPC,,,,PT,,101.53,98.47
2022,EU_XPD_LOCALGBPC,,,,PT,,100.26,100.26
2019,EU_XPD_LOCALGBPC,,,,PT,,100.27,100.27
2015,EU_XPD_LOCALGBPC,,,,PT,,101.95,98.05
2013,EU_XPD_LOCALGBPC,,,,PT,,100.2,100.2
2012,EU_XPD_LOCALGBPC,,,,PT,,106.97,93.03
2018,EU_XPD_LOCALGBPC,,,,PT,,102.83,97.17
2015,EU_XPD_LOCALGBPC,,,ES48001,PT,ES48001,104.17,95.83
2010,EU_XPD_LOCALGBPC,,,ES48001,PT,ES48001,105.91,94.09
2013,EU_XPD_LOCALGBPC,,,ES48001,PT,ES48001,106.02,93.98
2021,EU_XPD_LOCALGBPC,,,ES48001,PT,ES48001,106.72,93.28
2018,EU_XPD_LOCALGBPC,,,ES48001,PT,ES48001,102.23,97.77
2016,EU_XPD_LOCALGBPC,,,ES48001,PT,ES48001,101.05,98.95
2014,EU_XPD_LOCALGBPC,,,ES48001,PT,ES48001,112.36,112.36
2023,EU_XPD_LOCALGBPC,,,ES48001,PT,ES48001,109.33,109.33
2019,EU_XPD_LOCALGBPC,,,ES48001,PT,ES48001,107.01,107.01
2020,EU_XPD_LOCALGBPC,,,ES48001,PT,ES48001,116.89,83.11
2011,EU_XPD_LOCALGBPC,,,ES48001,PT,ES48001,103.15,103.15
2017,EU_XPD_LOCALGBPC,,,ES48001,PT,ES48001,105.23,94.77
2022,EU_XPD_LOCALGBPC,,,ES48001,PT,ES48001,120.7,120.7
2012,EU_XPD_LOCALGBPC,,,ES48001,PT,ES48001,107.87,92.13
2014,EU_XPD_LOCALGBPC,,,ES20001,PT,ES20001,116.37,116.37
2022,EU_XPD_LOCALGBPC,,,ES20001,PT,ES20001,100.95,100.95
2018,EU_XPD_LOCALGBPC,,,ES20001,PT,ES20001,148.95,148.95
2023,EU_XPD_LOCALGBPC,,,ES20001,PT,ES20001,100.88,99.12
2021,EU_XPD_LOCALGBPC,,,ES20001,PT,ES20001,106.61,106.61
2012,EU_XPD_LOCALGBPC,,,ES20001,PT,ES20001,127.06,72.94
2015,EU_XPD_LOCALGBPC,,,ES20001,PT,ES20001,120.05,120.05
2019,EU_XPD_LOCALGBPC,,,ES20001,PT,ES20001,102.68,102.68
2010,EU_XPD_LOCALGBPC,,,ES20001,PT,ES20001,121.42,78.58
2013,EU_XPD_LOCALGBPC,,,ES20001,PT,ES20001,168.2,168.2
2016,EU_XPD_LOCALGBPC,,,ES20001,PT,ES20001,112.42,112.42
2020,EU_XPD_LOCALGBPC,,,ES20001,PT,ES20001,145.46,145.46
2011,EU_XPD_LOCALGBPC,,,ES20001,PT,ES20001,102.17,97.83
2017,EU_XPD_LOCALGBPC,,,ES20001,PT,ES20001,112.42,87.58
2021,EU_XPD_LOCALGBPC,,,ES48002,PT,ES48002,107.47,92.53
2012,EU_XPD_LOCALGBPC,,,ES48002,PT,ES48002,102.45,97.55
2015,EU_XPD_LOCALGBPC,,,ES48002,PT,ES48002,110.54,110.54
2010,EU_XPD_LOCALGBPC,,,ES48002,PT,ES48002,105.57,94.43
2022,EU_XPD_LOCALGBPC,,,ES48002,PT,ES48002,101.44,101.44
2023,EU_XPD_LOCALGBPC,,,ES48002,PT,ES48002,103.44,96.56
2014,EU_XPD_LOCALGBPC,,,ES48002,PT,ES48002,104.67,95.33
2011,EU_XPD_LOCALGBPC,,,ES48002,PT,ES48002,105.97,105.97
2019,EU_XPD_LOCALGBPC,,,ES48002,PT,ES48002,100.5,100.5
2018,EU_XPD_LOCALGBPC,,,ES48002,PT,ES48002,100.15,100.15
2013,EU_XPD_LOCALGBPC,,,ES48002,PT,ES48002,104.61,95.39
2017,EU_XPD_LOCALGBPC,,,ES48002,PT,ES48002,101.34,101.34
2016,EU_XPD_LOCALGBPC,,,ES48002,PT,ES48002,101.47,101.47
2020,EU_XPD_LOCALGBPC,,,ES48002,PT,ES48002,109.47,90.53
2023,EU_XPD_LOCALGBPC,,,ES20002,PT,ES20002,135.47,64.53
2011,EU_XPD_LOCALGBPC,,,ES20002,PT,ES20002,131.54000000000002,68.46
2010,EU_XPD_LOCALGBPC,,,ES20002,PT,ES20002,109.26,90.74
2016,EU_XPD_LOCALGBPC,,,ES20002,PT,ES20002,125.19,125.19
2022,EU_XPD_LOCALGBPC,,,ES20002,PT,ES20002,116.66,116.66
2017,EU_XPD_LOCALGBPC,,,ES20002,PT,ES20002,111.6,88.4
2019,EU_XPD_LOCALGBPC,,,ES20002,PT,ES20002,147.22,147.22
2015,EU_XPD_LOCALGBPC,,,ES20002,PT,ES20002,108.92,108.92
2014,EU_XPD_LOCALGBPC,,,ES20002,PT,ES20002,110.44,89.56
2013,EU_XPD_LOCALGBPC,,,ES20002,PT,ES20002,138.57999999999998,61.42
2020,EU_XPD_LOCALGBPC,,,ES20002,PT,ES20002,110.8,89.2
2018,EU_XPD_LOCALGBPC,,,ES20002,PT,ES20002,118.4,118.4
2012,EU_XPD_LOCALGBPC,,,ES20002,PT,ES20002,146.02,53.98
2021,EU_XPD_LOCALGBPC,,,ES20002,PT,ES20002,122.09,77.91
2021,EU_XPD_LOCALGBPC,,,ES01051,PT,ES01051,123.25,76.75
2013,EU_XPD_LOCALGBPC,,,ES01051,PT,ES01051,107.77,92.23
2012,EU_XPD_LOCALGBPC,,,ES01051,PT,ES01051,111.93,88.07
2011,EU_XPD_LOCALGBPC,,,ES01051,PT,ES01051,117.25,82.75
2022,EU_XPD_LOCALGBPC,,,ES01051,PT,ES01051,102.34,97.66
2015,EU_XPD_LOCALGBPC,,,ES01051,PT,ES01051,120.69,79.31
2014,EU_XPD_LOCALGBPC,,,ES01051,PT,ES01051,115.5,84.5
2010,EU_XPD_LOCALGBPC,,,ES01051,PT,ES01051,123.18,76.82
2019,EU_XPD_LOCALGBPC,,,ES01051,PT,ES01051,109.09,90.91
2017,EU_XPD_LOCALGBPC,,,ES01051,PT,ES01051,117.48,82.52
2016,EU_XPD_LOCALGBPC,,,ES01051,PT,ES01051,122.98,77.02
2020,EU_XPD_LOCALGBPC,,,ES01051,PT,ES01051,130.64,69.36
2018,EU_XPD_LOCALGBPC,,,ES01051,PT,ES01051,106.98,93.02
2023,EU_XPD_LOCALGBPC,,,ES01051,PT,ES01051,108.64,91.36
2020,EU_XPD_LOCALGBPC,,,ES20016,PT,ES20016,117.81,117.81
2022,EU_XPD_LOCALGBPC,,,ES20016,PT,ES20016,110.48,110.48
2010,EU_XPD_LOCALGBPC,,,ES20016,PT,ES20016,102.27,102.27
2021,EU_XPD_LOCALGBPC,,,ES20016,PT,ES20016,112.07,87.93
2015,EU_XPD_LOCALGBPC,,,ES20016,PT,ES20016,128.16,71.84
2018,EU_XPD_LOCALGBPC,,,ES20016,PT,ES20016,109.51,109.51
2016,EU_XPD_LOCALGBPC,,,ES20016,PT,ES20016,131.32,131.32
2014,EU_XPD_LOCALGBPC,,,ES20016,PT,ES20016,127.0,73.0
2012,EU_XPD_LOCALGBPC,,,ES20016,PT,ES20016,134.76,65.24
2023,EU_XPD_LOCALGBPC,,,ES20016,PT,ES20016,105.32,105.32
2019,EU_XPD_LOCALGBPC,,,ES20016,PT,ES20016,112.25,87.75
2011,EU_XPD_LOCALGBPC,,,ES20016,PT,ES20016,121.53,78.47
2013,EU_XPD_LOCALGBPC,,,ES20016,PT,ES20016,109.37,90.63
2017,EU_XPD_LOCALGBPC,,,ES20016,PT,ES20016,116.2,83.8
2023,EU_XPD_LOCALGBPC,,,ES20003,PT,ES20003,103.63,103.63
2014,EU_XPD_LOCALGBPC,,,ES20003,PT,ES20003,102.83,102.83
2012,EU_XPD_LOCALGBPC,,,ES20003,PT,ES20003,108.54,108.54
2021,EU_XPD_LOCALGBPC,,,ES20003,PT,ES20003,104.32,95.68
2010,EU_XPD_LOCALGBPC,,,ES20003,PT,ES20003,109.67,90.33
2019,EU_XPD_LOCALGBPC,,,ES20003,PT,ES20003,117.46,82.54
2015,EU_XPD_LOCALGBPC,,,ES20003,PT,ES20003,101.43,98.57
2018,EU_XPD_LOCALGBPC,,,ES20003,PT,ES20003,119.76,80.24
2016,EU_XPD_LOCALGBPC,,,ES20003,PT,ES20003,114.23,85.77
2020,EU_XPD_LOCALGBPC,,,ES20003,PT,ES20003,112.07,87.93
2011,EU_XPD_LOCALGBPC,,,ES20003,PT,ES20003,105.09,94.91
2013,EU_XPD_LOCALGBPC,,,ES20003,PT,ES20003,108.27,91.73
2022,EU_XPD_LOCALGBPC,,,ES20003,PT,ES20003,114.04,85.96
2017,EU_XPD_LOCALGBPC,,,ES20003,PT,ES20003,127.87,72.13
2018,EU_XPD_LOCALGBPC,,,ES48911,PT,ES48911,121.79,121.79
2022,EU_XPD_LOCALGBPC,,,ES48911,PT,ES48911,110.21,110.21
2021,EU_XPD_LOCALGBPC,,,ES48911,PT,ES48911,112.08,112.08
2014,EU_XPD_LOCALGBPC,,,ES48911,PT,ES48911,122.79,122.79
2019,EU_XPD_LOCALGBPC,,,ES48911,PT,ES48911,120.34,79.66
2016,EU_XPD_LOCALGBPC,,,ES48911,PT,ES48911,121.62,121.62
2011,EU_XPD_LOCALGBPC,,,ES48911,PT,ES48911,117.34,117.34
2013,EU_XPD_LOCALGBPC,,,ES48911,PT,ES48911,116.53,83.47
2020,EU_XPD_LOCALGBPC,,,ES48911,PT,ES48911,119.39,80.61
2010,EU_XPD_LOCALGBPC,,,ES48911,PT,ES48911,122.58,77.42
2017,EU_XPD_LOCALGBPC,,,ES48911,PT,ES48911,117.8,82.2
2015,EU_XPD_LOCALGBPC,,,ES48911,PT,ES48911,117.83,117.83
2023,EU_XPD_LOCALGBPC,,,ES48911,PT,ES48911,102.26,102.26
2012,EU_XPD_LOCALGBPC,,,ES48911,PT,ES48911,114.98,85.02
2011,EU_XPD_LOCALGBPC,,,ES20004,PT,ES20004,119.62,119.62
2014,EU_XPD_LOCALGBPC,,,ES20004,PT,ES20004,108.96,91.04
2017,EU_XPD_LOCALGBPC,,,ES20004,PT,ES20004,124.91,124.91
2015,EU_XPD_LOCALGBPC,,,ES20004,PT,ES20004,170.86,170.86
2012,EU_XPD_LOCALGBPC,,,ES20004,PT,ES20004,107.1,107.1
2013,EU_XPD_LOCALGBPC,,,ES20004,PT,ES20004,111.91,111.91
2020,EU_XPD_LOCALGBPC,,,ES20004,PT,ES20004,100.68,100.68
2021,EU_XPD_LOCALGBPC,,,ES20004,PT,ES20004,111.86,111.86
2022,EU_XPD_LOCALGBPC,,,ES20004,PT,ES20004,136.39,136.39
2016,EU_XPD_LOCALGBPC,,,ES20004,PT,ES20004,105.15,105.15
2019,EU_XPD_LOCALGBPC,,,ES20004,PT,ES20004,111.27,111.27
2010,EU_XPD_LOCALGBPC,,,ES20004,PT,ES20004,141.27,141.27
2018,EU_XPD_LOCALGBPC,,,ES20004,PT,ES20004,109.42,109.42
2023,EU_XPD_LOCALGBPC,,,ES20004,PT,ES20004,116.37,83.63
2018,EU_XPD_LOCALGBPC,,,ES20005,PT,ES20005,125.06,125.06
2021,EU_XPD_LOCALGBPC,,,ES20005,PT,ES20005,114.77,114.77
2014,EU_XPD_LOCALGBPC,,,ES20005,PT,ES20005,105.17,105.17
2010,EU_XPD_LOCALGBPC,,,ES20005,PT,ES20005,104.11,95.89
2016,EU_XPD_LOCALGBPC,,,ES20005,PT,ES20005,104.4,95.6
2013,EU_XPD_LOCALGBPC,,,ES20005,PT,ES20005,103.7,103.7
2012,EU_XPD_LOCALGBPC,,,ES20005,PT,ES20005,106.01,93.99
2019,EU_XPD_LOCALGBPC,,,ES20005,PT,ES20005,105.87,94.13
2017,EU_XPD_LOCALGBPC,,,ES20005,PT,ES20005,127.18,127.18
2015,EU_XPD_LOCALGBPC,,,ES20005,PT,ES20005,113.51,113.51
2011,EU_XPD_LOCALGBPC,,,ES20005,PT,ES20005,100.82,99.18
2023,EU_XPD_LOCALGBPC,,,ES20005,PT,ES20005,111.21,88.79
2022,EU_XPD_LOCALGBPC,,,ES20005,PT,ES20005,105.12,94.88
2020,EU_XPD_LOCALGBPC,,,ES20005,PT,ES20005,115.2,84.8
2013,EU_XPD_LOCALGBPC,,,ES01001,PT,ES01001,120.08,79.92
2017,EU_XPD_LOCALGBPC,,,ES01001,PT,ES01001,127.47,72.53
2019,EU_XPD_LOCALGBPC,,,ES01001,PT,ES01001,113.56,86.44
2012,EU_XPD_LOCALGBPC,,,ES01001,PT,ES01001,114.06,85.94
2023,EU_XPD_LOCALGBPC,,,ES01001,PT,ES01001,118.03,81.97
2021,EU_XPD_LOCALGBPC,,,ES01001,PT,ES01001,147.91,52.09
2018,EU_XPD_LOCALGBPC,,,ES01001,PT,ES01001,105.87,105.87
2016,EU_XPD_LOCALGBPC,,,ES01001,PT,ES01001,106.61,93.39
2011,EU_XPD_LOCALGBPC,,,ES01001,PT,ES01001,115.68,84.32
2015,EU_XPD_LOCALGBPC,,,ES01001,PT,ES01001,103.17,103.17
2010,EU_XPD_LOCALGBPC,,,ES01001,PT,ES01001,111.59,111.59
2020,EU_XPD_LOCALGBPC,,,ES01001,PT,ES01001,108.14,91.86
2022,EU_XPD_LOCALGBPC,,,ES01001,PT,ES01001,145.22,54.78
2014,EU_XPD_LOCALGBPC,,,ES01001,PT,ES01001,116.98,83.02
2022,EU_XPD_LOCALGBPC,,,ES20006,PT,ES20006,120.56,79.44
2021,EU_XPD_LOCALGBPC,,,ES20006,PT,ES20006,101.3,101.3
2023,EU_XPD_LOCALGBPC,,,ES20006,PT,ES20006,119.12,119.12
2012,EU_XPD_LOCALGBPC,,,ES20006,PT,ES20006,122.04,77.96
2014,EU_XPD_LOCALGBPC,,,ES20006,PT,ES20006,102.07,97.93
2019,EU_XPD_LOCALGBPC,,,ES20006,PT,ES20006,120.41,79.59
2010,EU_XPD_LOCALGBPC,,,ES20006,PT,ES20006,102.1,97.9
2015,EU_XPD_LOCALGBPC,,,ES20006,PT,ES20006,102.28,97.72
2018,EU_XPD_LOCALGBPC,,,ES20006,PT,ES20006,101.96,101.96
2016,EU_XPD_LOCALGBPC,,,ES20006,PT,ES20006,112.05,112.05
2017,EU_XPD_LOCALGBPC,,,ES20006,PT,ES20006,105.56,94.44
2011,EU_XPD_LOCALGBPC,,,ES20006,PT,ES20006,109.99,90.01
2020,EU_XPD_LOCALGBPC,,,ES20006,PT,ES20006,101.57,101.57
2013,EU_XPD_LOCALGBPC,,,ES20006,PT,ES20006,105.94,94.06
2019,EU_XPD_LOCALGBPC,,,ES48912,PT,ES48912,102.71,97.29
2023,EU_XPD_LOCALGBPC,,,ES48912,PT,ES48912,115.66,115.66
2014,EU_XPD_LOCALGBPC,,,ES48912,PT,ES48912,104.54,104.54
2011,EU_XPD_LOCALGBPC,,,ES48912,PT,ES48912,117.26,82.74
2013,EU_XPD_LOCALGBPC,,,ES48912,PT,ES48912,103.16,103.16
2012,EU_XPD_LOCALGBPC,,,ES48912,PT,ES48912,111.24,111.24
2020,EU_XPD_LOCALGBPC,,,ES48912,PT,ES48912,103.49,103.49
2010,EU_XPD_LOCALGBPC,,,ES48912,PT,ES48912,103.28,103.28
2016,EU_XPD_LOCALGBPC,,,ES48912,PT,ES48912,106.37,106.37
2017,EU_XPD_LOCALGBPC,,,ES48912,PT,ES48912,115.21,115.21
2022,EU_XPD_LOCALGBPC,,,ES48912,PT,ES48912,125.08,125.08
2015,EU_XPD_LOCALGBPC,,,ES48912,PT,ES48912,104.92,95.08
2021,EU_XPD_LOCALGBPC,,,ES48912,PT,ES48912,116.02,116.02
2018,EU_XPD_LOCALGBPC,,,ES48912,PT,ES48912,125.82,125.82
2010,EU_XPD_LOCALGBPC,,,ES20906,PT,ES20906,102.75,97.25
2016,EU_XPD_LOCALGBPC,,,ES20906,PT,ES20906,103.37,103.37
2020,EU_XPD_LOCALGBPC,,,ES20906,PT,ES20906,134.72,65.28
2013,EU_XPD_LOCALGBPC,,,ES20906,PT,ES20906,120.88,79.12
2021,EU_XPD_LOCALGBPC,,,ES20906,PT,ES20906,117.75,117.75
2012,EU_XPD_LOCALGBPC,,,ES20906,PT,ES20906,113.79,113.79
2019,EU_XPD_LOCALGBPC,,,ES20906,PT,ES20906,113.46,86.54
2022,EU_XPD_LOCALGBPC,,,ES20906,PT,ES20906,100.42,100.42
2017,EU_XPD_LOCALGBPC,,,ES20906,PT,ES20906,157.72,42.28
2023,EU_XPD_LOCALGBPC,,,ES20906,PT,ES20906,128.59,71.41
2018,EU_XPD_LOCALGBPC,,,ES20906,PT,ES20906,129.31,129.31
2015,EU_XPD_LOCALGBPC,,,ES20906,PT,ES20906,113.51,113.51
2014,EU_XPD_LOCALGBPC,,,ES20906,PT,ES20906,101.83,101.83
2011,EU_XPD_LOCALGBPC,,,ES20906,PT,ES20906,105.24,105.24
2020,EU_XPD_LOCALGBPC,,,ES20007,PT,ES20007,100.52,99.48
2010,EU_XPD_LOCALGBPC,,,ES20007,PT,ES20007,156.0,156.0
2011,EU_XPD_LOCALGBPC,,,ES20007,PT,ES20007,105.01,94.99
2014,EU_XPD_LOCALGBPC,,,ES20007,PT,ES20007,113.05,86.95
2016,EU_XPD_LOCALGBPC,,,ES20007,PT,ES20007,104.07,95.93
2015,EU_XPD_LOCALGBPC,,,ES20007,PT,ES20007,105.45,105.45
2018,EU_XPD_LOCALGBPC,,,ES20007,PT,ES20007,148.61,148.61
2022,EU_XPD_LOCALGBPC,,,ES20007,PT,ES20007,115.0,115.0
2021,EU_XPD_LOCALGBPC,,,ES20007,PT,ES20007,146.41,146.41
2023,EU_XPD_LOCALGBPC,,,ES20007,PT,ES20007,197.9,197.9
2013,EU_XPD_LOCALGBPC,,,ES20007,PT,ES20007,108.91,91.09
2017,EU_XPD_LOCALGBPC,,,ES20007,PT,ES20007,151.2,151.2
2012,EU_XPD_LOCALGBPC,,,ES20007,PT,ES20007,123.95,123.95
2019,EU_XPD_LOCALGBPC,,,ES20007,PT,ES20007,118.58,118.58
2012,EU_XPD_LOCALGBPC,,,ES20008,PT,ES20008,101.91,101.91
2011,EU_XPD_LOCALGBPC,,,ES20008,PT,ES20008,145.65,145.65
2013,EU_XPD_LOCALGBPC,,,ES20008,PT,ES20008,121.27,121.27
2016,EU_XPD_LOCALGBPC,,,ES20008,PT,ES20008,107.34,92.66
2019,EU_XPD_LOCALGBPC,,,ES20008,PT,ES20008,109.61,90.39
2014,EU_XPD_LOCALGBPC,,,ES20008,PT,ES20008,105.55,105.55
2017,EU_XPD_LOCALGBPC,,,ES20008,PT,ES20008,125.35,125.35
2015,EU_XPD_LOCALGBPC,,,ES20008,PT,ES20008,115.38,115.38
2020,EU_XPD_LOCALGBPC,,,ES20008,PT,ES20008,102.86,102.86
2023,EU_XPD_LOCALGBPC,,,ES20008,PT,ES20008,108.72,108.72
2018,EU_XPD_LOCALGBPC,,,ES20008,PT,ES20008,114.69,114.69
2021,EU_XPD_LOCALGBPC,,,ES20008,PT,ES20008,116.22,116.22
2010,EU_XPD_LOCALGBPC,,,ES20008,PT,ES20008,119.5,80.5
2022,EU_XPD_LOCALGBPC,,,ES20008,PT,ES20008,115.25,84.75
2017,EU_XPD_LOCALGBPC,,,ES48003,PT,ES48003,110.68,89.32
2016,EU_XPD_LOCALGBPC,,,ES48003,PT,ES48003,105.19,94.81
2023,EU_XPD_LOCALGBPC,,,ES48003,PT,ES48003,103.53,96.47
2019,EU_XPD_LOCALGBPC,,,ES48003,PT,ES48003,103.69,96.31
2014,EU_XPD_LOCALGBPC,,,ES48003,PT,ES48003,105.44,105.44
2013,EU_XPD_LOCALGBPC,,,ES48003,PT,ES48003,106.22,93.78
2011,EU_XPD_LOCALGBPC,,,ES48003,PT,ES48003,107.35,92.65
2012,EU_XPD_LOCALGBPC,,,ES48003,PT,ES48003,107.34,92.66
2022,EU_XPD_LOCALGBPC,,,ES48003,PT,ES48003,101.59,101.59
2021,EU_XPD_LOCALGBPC,,,ES48003,PT,ES48003,107.55,92.45
2020,EU_XPD_LOCALGBPC,,,ES48003,PT,ES48003,108.96,91.04
2015,EU_XPD_LOCALGBPC,,,ES48003,PT,ES48003,108.31,91.69
2010,EU_XPD_LOCALGBPC,,,ES48003,PT,ES48003,112.82,112.82
2018,EU_XPD_LOCALGBPC,,,ES48003,PT,ES48003,101.06,101.06
2010,EU_XPD_LOCALGBPC,,,ES48004,PT,ES48004,111.07,88.93
2016,EU_XPD_LOCALGBPC,,,ES48004,PT,ES48004,100.52,99.48
2022,EU_XPD_LOCALGBPC,,,ES48004,PT,ES48004,131.47,68.53
2017,EU_XPD_LOCALGBPC,,,ES48004,PT,ES48004,104.2,95.8
2023,EU_XPD_LOCALGBPC,,,ES48004,PT,ES48004,130.04000000000002,69.96
2021,EU_XPD_LOCALGBPC,,,ES48004,PT,ES48004,114.08,85.92
2013,EU_XPD_LOCALGBPC,,,ES48004,PT,ES48004,106.77,93.23
2019,EU_XPD_LOCALGBPC,,,ES48004,PT,ES48004,124.66,75.34
2014,EU_XPD_LOCALGBPC,,,ES48004,PT,ES48004,116.24,83.76
2011,EU_XPD_LOCALGBPC,,,ES48004,PT,ES48004,118.12,118.12
2020,EU_XPD_LOCALGBPC,,,ES48004,PT,ES48004,106.37,106.37
2015,EU_XPD_LOCALGBPC,,,ES48004,PT,ES48004,104.38,95.62
2018,EU_XPD_LOCALGBPC,,,ES48004,PT,ES48004,120.47,79.53
2012,EU_XPD_LOCALGBPC,,,ES48004,PT,ES48004,102.56,97.44
2012,EU_XPD_LOCALGBPC,,,ES01002,PT,ES01002,120.04,79.96
2021,EU_XPD_LOCALGBPC,,,ES01002,PT,ES01002,108.59,91.41
2010,EU_XPD_LOCALGBPC,,,ES01002,PT,ES01002,118.71,81.29
2023,EU_XPD_LOCALGBPC,,,ES01002,PT,ES01002,136.57,63.43
2017,EU_XPD_LOCALGBPC,,,ES01002,PT,ES01002,107.6,92.4
2019,EU_XPD_LOCALGBPC,,,ES01002,PT,ES01002,122.45,77.55
2020,EU_XPD_LOCALGBPC,,,ES01002,PT,ES01002,121.38,78.62
2022,EU_XPD_LOCALGBPC,,,ES01002,PT,ES01002,115.52,84.48
2015,EU_XPD_LOCALGBPC,,,ES01002,PT,ES01002,111.33,88.67
2016,EU_XPD_LOCALGBPC,,,ES01002,PT,ES01002,114.68,85.32
2013,EU_XPD_LOCALGBPC,,,ES01002,PT,ES01002,116.67,83.33
2011,EU_XPD_LOCALGBPC,,,ES01002,PT,ES01002,121.84,78.16
2014,EU_XPD_LOCALGBPC,,,ES01002,PT,ES01002,112.92,87.08
2018,EU_XPD_LOCALGBPC,,,ES01002,PT,ES01002,118.07,81.93
2011,EU_XPD_LOCALGBPC,,,ES20009,PT,ES20009,104.37,104.37
2016,EU_XPD_LOCALGBPC,,,ES20009,PT,ES20009,101.6,101.6
2013,EU_XPD_LOCALGBPC,,,ES20009,PT,ES20009,101.85,98.15
2020,EU_XPD_LOCALGBPC,,,ES20009,PT,ES20009,115.18,84.82
2017,EU_XPD_LOCALGBPC,,,ES20009,PT,ES20009,103.82,96.18
2010,EU_XPD_LOCALGBPC,,,ES20009,PT,ES20009,108.22,108.22
2012,EU_XPD_LOCALGBPC,,,ES20009,PT,ES20009,101.55,98.45
2015,EU_XPD_LOCALGBPC,,,ES20009,PT,ES20009,104.62,95.38
2018,EU_XPD_LOCALGBPC,,,ES20009,PT,ES20009,101.94,98.06
2022,EU_XPD_LOCALGBPC,,,ES20009,PT,ES20009,100.44,99.56
2019,EU_XPD_LOCALGBPC,,,ES20009,PT,ES20009,104.56,95.44
2021,EU_XPD_LOCALGBPC,,,ES20009,PT,ES20009,102.36,97.64
2014,EU_XPD_LOCALGBPC,,,ES20009,PT,ES20009,104.89,95.11
2023,EU_XPD_LOCALGBPC,,,ES20009,PT,ES20009,100.44,99.56
2019,EU_XPD_LOCALGBPC,,,ES20010,PT,ES20010,101.45,101.45
2012,EU_XPD_LOCALGBPC,,,ES20010,PT,ES20010,112.83,87.17
2014,EU_XPD_LOCALGBPC,,,ES20010,PT,ES20010,104.11,95.89
2023,EU_XPD_LOCALGBPC,,,ES20010,PT,ES20010,121.8,121.8
2013,EU_XPD_LOCALGBPC,,,ES20010,PT,ES20010,117.03,82.97
2020,EU_XPD_LOCALGBPC,,,ES20010,PT,ES20010,108.49,108.49
2010,EU_XPD_LOCALGBPC,,,ES20010,PT,ES20010,130.86,69.14
2011,EU_XPD_LOCALGBPC,,,ES20010,PT,ES20010,119.19,80.81
2016,EU_XPD_LOCALGBPC,,,ES20010,PT,ES20010,131.51999999999998,68.48
2022,EU_XPD_LOCALGBPC,,,ES20010,PT,ES20010,114.98,85.02
2018,EU_XPD_LOCALGBPC,,,ES20010,PT,ES20010,104.59,95.41
2021,EU_XPD_LOCALGBPC,,,ES20010,PT,ES20010,106.07,106.07
2015,EU_XPD_LOCALGBPC,,,ES20010,PT,ES20010,124.4,75.6
2017,EU_XPD_LOCALGBPC,,,ES20010,PT,ES20010,109.14,109.14
2020,EU_XPD_LOCALGBPC,,,ES20011,PT,ES20011,104.92,104.92
2022,EU_XPD_LOCALGBPC,,,ES20011,PT,ES20011,113.26,113.26
2011,EU_XPD_LOCALGBPC,,,ES20011,PT,ES20011,101.46,101.46
2017,EU_XPD_LOCALGBPC,,,ES20011,PT,ES20011,106.2,93.8
2016,EU_XPD_LOCALGBPC,,,ES20011,PT,ES20011,102.96,102.96
2023,EU_XPD_LOCALGBPC,,,ES20011,PT,ES20011,111.51,111.51
2021,EU_XPD_LOCALGBPC,,,ES20011,PT,ES20011,113.53,86.47
2019,EU_XPD_LOCALGBPC,,,ES20011,PT,ES20011,101.07,101.07
2014,EU_XPD_LOCALGBPC,,,ES20011,PT,ES20011,111.43,111.43
2013,EU_XPD_LOCALGBPC,,,ES20011,PT,ES20011,108.32,108.32
2010,EU_XPD_LOCALGBPC,,,ES20011,PT,ES20011,105.9,94.1
2012,EU_XPD_LOCALGBPC,,,ES20011,PT,ES20011,104.87,95.13
2015,EU_XPD_LOCALGBPC,,,ES20011,PT,ES20011,104.56,95.44
2018,EU_XPD_LOCALGBPC,,,ES20011,PT,ES20011,110.99,110.99
2012,EU_XPD_LOCALGBPC,,,ES01049,PT,ES01049,154.2,154.2
2022,EU_XPD_LOCALGBPC,,,ES01049,PT,ES01049,153.14,46.86
2013,EU_XPD_LOCALGBPC,,,ES01049,PT,ES01049,121.97,121.97
2016,EU_XPD_LOCALGBPC,,,ES01049,PT,ES01049,105.6,94.4
2010,EU_XPD_LOCALGBPC,,,ES01049,PT,ES01049,289.5,289.5
2023,EU_XPD_LOCALGBPC,,,ES01049,PT,ES01049,105.68,94.32
2015,EU_XPD_LOCALGBPC,,,ES01049,PT,ES01049,152.05,152.05
2014,EU_XPD_LOCALGBPC,,,ES01049,PT,ES01049,105.39,105.39
2020,EU_XPD_LOCALGBPC,,,ES01049,PT,ES01049,153.2,46.8
2017,EU_XPD_LOCALGBPC,,,ES01049,PT,ES01049,152.43,47.57
2011,EU_XPD_LOCALGBPC,,,ES01049,PT,ES01049,172.0,172.0
2018,EU_XPD_LOCALGBPC,,,ES01049,PT,ES01049,108.01,91.99
2021,EU_XPD_LOCALGBPC,,,ES01049,PT,ES01049,176.15,23.85
2019,EU_XPD_LOCALGBPC,,,ES01049,PT,ES01049,122.99,77.01
2018,EU_XPD_LOCALGBPC,,,ES48005,PT,ES48005,109.02,90.98
2021,EU_XPD_LOCALGBPC,,,ES48005,PT,ES48005,147.48,52.52
2011,EU_XPD_LOCALGBPC,,,ES48005,PT,ES48005,142.75,142.75
2014,EU_XPD_LOCALGBPC,,,ES48005,PT,ES48005,115.21,84.79
2013,EU_XPD_LOCALGBPC,,,ES48005,PT,ES48005,105.95,94.05
2016,EU_XPD_LOCALGBPC,,,ES48005,PT,ES48005,100.14,99.86
2012,EU_XPD_LOCALGBPC,,,ES48005,PT,ES48005,152.77,152.77
2015,EU_XPD_LOCALGBPC,,,ES48005,PT,ES48005,118.44,118.44
2017,EU_XPD_LOCALGBPC,,,ES48005,PT,ES48005,111.1,111.1
2020,EU_XPD_LOCALGBPC,,,ES48005,PT,ES48005,109.72,109.72
2019,EU_XPD_LOCALGBPC,,,ES48005,PT,ES48005,100.54,100.54
2010,EU_XPD_LOCALGBPC,,,ES48005,PT,ES48005,113.2,113.2
2022,EU_XPD_LOCALGBPC,,,ES48005,PT,ES48005,141.74,141.74
2023,EU_XPD_LOCALGBPC,,,ES48005,PT,ES48005,122.31,122.31
2014,EU_XPD_LOCALGBPC,,,ES20012,PT,ES20012,113.09,113.09
2015,EU_XPD_LOCALGBPC,,,ES20012,PT,ES20012,104.49,104.49
2018,EU_XPD_LOCALGBPC,,,ES20012,PT,ES20012,102.26,102.26
2019,EU_XPD_LOCALGBPC,,,ES20012,PT,ES20012,119.31,80.69
2010,EU_XPD_LOCALGBPC,,,ES20012,PT,ES20012,111.44,88.56
2011,EU_XPD_LOCALGBPC,,,ES20012,PT,ES20012,175.23,175.23
2020,EU_XPD_LOCALGBPC,,,ES20012,PT,ES20012,143.42000000000002,56.58
2017,EU_XPD_LOCALGBPC,,,ES20012,PT,ES20012,104.91,104.91
2023,EU_XPD_LOCALGBPC,,,ES20012,PT,ES20012,126.98,73.02
2016,EU_XPD_LOCALGBPC,,,ES20012,PT,ES20012,100.98,100.98
2022,EU_XPD_LOCALGBPC,,,ES20012,PT,ES20012,125.58,74.42
2021,EU_XPD_LOCALGBPC,,,ES20012,PT,ES20012,121.21,78.79
2012,EU_XPD_LOCALGBPC,,,ES20012,PT,ES20012,108.11,91.89
2013,EU_XPD_LOCALGBPC,,,ES20012,PT,ES20012,170.91,170.91
2017,EU_XPD_LOCALGBPC,,,ES01003,PT,ES01003,105.29,105.29
2012,EU_XPD_LOCALGBPC,,,ES01003,PT,ES01003,135.17,135.17
2022,EU_XPD_LOCALGBPC,,,ES01003,PT,ES01003,125.7,74.3
2013,EU_XPD_LOCALGBPC,,,ES01003,PT,ES01003,110.41,89.59
2019,EU_XPD_LOCALGBPC,,,ES01003,PT,ES01003,123.08,76.92
2020,EU_XPD_LOCALGBPC,,,ES01003,PT,ES01003,108.0,92.0
2015,EU_XPD_LOCALGBPC,,,ES01003,PT,ES01003,102.12,102.12
2014,EU_XPD_LOCALGBPC,,,ES01003,PT,ES01003,113.57,113.57
2010,EU_XPD_LOCALGBPC,,,ES01003,PT,ES01003,141.07,141.07
2021,EU_XPD_LOCALGBPC,,,ES01003,PT,ES01003,100.9,99.1
2023,EU_XPD_LOCALGBPC,,,ES01003,PT,ES01003,113.0,113.0
2016,EU_XPD_LOCALGBPC,,,ES01003,PT,ES01003,114.57,85.43
2011,EU_XPD_LOCALGBPC,,,ES01003,PT,ES01003,112.1,112.1
2018,EU_XPD_LOCALGBPC,,,ES01003,PT,ES01003,107.11,92.89
2012,EU_XPD_LOCALGBPC,,,ES48006,PT,ES48006,103.51,103.51
2022,EU_XPD_LOCALGBPC,,,ES48006,PT,ES48006,117.77,117.77
2014,EU_XPD_LOCALGBPC,,,ES48006,PT,ES48006,107.68,107.68
2017,EU_XPD_LOCALGBPC,,,ES48006,PT,ES48006,113.28,113.28
2010,EU_XPD_LOCALGBPC,,,ES48006,PT,ES48006,179.04,179.04
2013,EU_XPD_LOCALGBPC,,,ES48006,PT,ES48006,100.84,100.84
2018,EU_XPD_LOCALGBPC,,,ES48006,PT,ES48006,101.07,98.93
2019,EU_XPD_LOCALGBPC,,,ES48006,PT,ES48006,100.04,99.96
2016,EU_XPD_LOCALGBPC,,,ES48006,PT,ES48006,111.61,88.39
2021,EU_XPD_LOCALGBPC,,,ES48006,PT,ES48006,107.22,107.22
2011,EU_XPD_LOCALGBPC,,,ES48006,PT,ES48006,130.93,130.93
2020,EU_XPD_LOCALGBPC,,,ES48006,PT,ES48006,105.51,94.49
2015,EU_XPD_LOCALGBPC,,,ES48006,PT,ES48006,103.75,96.25
2023,EU_XPD_LOCALGBPC,,,ES48006,PT,ES48006,116.92,116.92
2014,EU_XPD_LOCALGBPC,,,ES48093,PT,ES48093,100.65,99.35
2012,EU_XPD_LOCALGBPC,,,ES48093,PT,ES48093,108.52,91.48
2018,EU_XPD_LOCALGBPC,,,ES48093,PT,ES48093,105.13,94.87
2023,EU_XPD_LOCALGBPC,,,ES48093,PT,ES48093,110.58,110.58
2015,EU_XPD_LOCALGBPC,,,ES48093,PT,ES48093,116.1,116.1
2022,EU_XPD_LOCALGBPC,,,ES48093,PT,ES48093,116.89,116.89
2013,EU_XPD_LOCALGBPC,,,ES48093,PT,ES48093,107.54,92.46
2021,EU_XPD_LOCALGBPC,,,ES48093,PT,ES48093,101.66,101.66
2010,EU_XPD_LOCALGBPC,,,ES48093,PT,ES48093,100.58,99.42
2011,EU_XPD_LOCALGBPC,,,ES48093,PT,ES48093,110.47,89.53
2019,EU_XPD_LOCALGBPC,,,ES48093,PT,ES48093,102.11,102.11
2017,EU_XPD_LOCALGBPC,,,ES48093,PT,ES48093,106.95,93.05
2020,EU_XPD_LOCALGBPC,,,ES48093,PT,ES48093,111.58,88.42
2016,EU_XPD_LOCALGBPC,,,ES48093,PT,ES48093,106.25,93.75
2011,EU_XPD_LOCALGBPC,,,ES20013,PT,ES20013,107.63,107.63
2017,EU_XPD_LOCALGBPC,,,ES20013,PT,ES20013,100.31,100.31
2016,EU_XPD_LOCALGBPC,,,ES20013,PT,ES20013,100.14,100.14
2012,EU_XPD_LOCALGBPC,,,ES20013,PT,ES20013,127.47,127.47
2013,EU_XPD_LOCALGBPC,,,ES20013,PT,ES20013,107.26,92.74
2018,EU_XPD_LOCALGBPC,,,ES20013,PT,ES20013,108.41,91.59
2010,EU_XPD_LOCALGBPC,,,ES20013,PT,ES20013,112.13,112.13
2019,EU_XPD_LOCALGBPC,,,ES20013,PT,ES20013,102.03,97.97
2015,EU_XPD_LOCALGBPC,,,ES20013,PT,ES20013,102.06,102.06
2014,EU_XPD_LOCALGBPC,,,ES20013,PT,ES20013,103.79,96.21
2023,EU_XPD_LOCALGBPC,,,ES20013,PT,ES20013,125.86,74.14
2021,EU_XPD_LOCALGBPC,,,ES20013,PT,ES20013,126.52,73.48
2022,EU_XPD_LOCALGBPC,,,ES20013,PT,ES20013,118.17,81.83
2020,EU_XPD_LOCALGBPC,,,ES20013,PT,ES20013,108.23,91.77
2022,EU_XPD_LOCALGBPC,,,ES01006,PT,ES01006,105.47,94.53
2015,EU_XPD_LOCALGBPC,,,ES01006,PT,ES01006,122.85,77.15
2010,EU_XPD_LOCALGBPC,,,ES01006,PT,ES01006,142.66,57.34
2012,EU_XPD_LOCALGBPC,,,ES01006,PT,ES01006,301.16,301.16
2020,EU_XPD_LOCALGBPC,,,ES01006,PT,ES01006,130.25,69.75
2016,EU_XPD_LOCALGBPC,,,ES01006,PT,ES01006,118.54,81.46
2018,EU_XPD_LOCALGBPC,,,ES01006,PT,ES01006,107.1,92.9
2011,EU_XPD_LOCALGBPC,,,ES01006,PT,ES01006,132.45,67.55
2023,EU_XPD_LOCALGBPC,,,ES01006,PT,ES01006,108.49,108.49
2017,EU_XPD_LOCALGBPC,,,ES01006,PT,ES01006,110.13,110.13
2021,EU_XPD_LOCALGBPC,,,ES01006,PT,ES01006,112.02,112.02
2019,EU_XPD_LOCALGBPC,,,ES01006,PT,ES01006,115.56,84.44
2013,EU_XPD_LOCALGBPC,,,ES01006,PT,ES01006,152.49,47.51
2014,EU_XPD_LOCALGBPC,,,ES01006,PT,ES01006,113.32,86.68
2021,EU_XPD_LOCALGBPC,,,ES01037,PT,ES01037,122.27,122.27
2015,EU_XPD_LOCALGBPC,,,ES01037,PT,ES01037,103.44,103.44
2016,EU_XPD_LOCALGBPC,,,ES01037,PT,ES01037,143.23,143.23
2012,EU_XPD_LOCALGBPC,,,ES01037,PT,ES01037,157.81,157.81
2019,EU_XPD_LOCALGBPC,,,ES01037,PT,ES01037,124.44,124.44
2017,EU_XPD_LOCALGBPC,,,ES01037,PT,ES01037,111.69,111.69
2014,EU_XPD_LOCALGBPC,,,ES01037,PT,ES01037,101.67,101.67
2020,EU_XPD_LOCALGBPC,,,ES01037,PT,ES01037,147.47,147.47
2022,EU_XPD_LOCALGBPC,,,ES01037,PT,ES01037,146.16,146.16
2011,EU_XPD_LOCALGBPC,,,ES01037,PT,ES01037,107.65,107.65
2013,EU_XPD_LOCALGBPC,,,ES01037,PT,ES01037,113.73,113.73
2010,EU_XPD_LOCALGBPC,,,ES01037,PT,ES01037,253.28,253.28
2023,EU_XPD_LOCALGBPC,,,ES01037,PT,ES01037,112.78,87.22
2018,EU_XPD_LOCALGBPC,,,ES01037,PT,ES01037,116.73,116.73
2017,EU_XPD_LOCALGBPC,,,ES48009,PT,ES48009,100.43,99.57
2019,EU_XPD_LOCALGBPC,,,ES48009,PT,ES48009,119.05,80.95
2012,EU_XPD_LOCALGBPC,,,ES48009,PT,ES48009,102.49,97.51
2014,EU_XPD_LOCALGBPC,,,ES48009,PT,ES48009,113.64,86.36
2011,EU_XPD_LOCALGBPC,,,ES48009,PT,ES48009,118.58,118.58
2016,EU_XPD_LOCALGBPC,,,ES48009,PT,ES48009,100.66,100.66
2018,EU_XPD_LOCALGBPC,,,ES48009,PT,ES48009,102.5,102.5
2023,EU_XPD_LOCALGBPC,,,ES48009,PT,ES48009,131.23,131.23
2020,EU_XPD_LOCALGBPC,,,ES48009,PT,ES48009,143.85,56.15
2015,EU_XPD_LOCALGBPC,,,ES48009,PT,ES48009,105.2,94.8
2010,EU_XPD_LOCALGBPC,,,ES48009,PT,ES48009,121.38,121.38
2022,EU_XPD_LOCALGBPC,,,ES48009,PT,ES48009,117.0,117.0
2021,EU_XPD_LOCALGBPC,,,ES48009,PT,ES48009,119.21,119.21
2013,EU_XPD_LOCALGBPC,,,ES48009,PT,ES48009,102.56,97.44
2012,EU_XPD_LOCALGBPC,,,ES20055,PT,ES20055,108.63,91.37
2022,EU_XPD_LOCALGBPC,,,ES20055,PT,ES20055,102.68,102.68
2017,EU_XPD_LOCALGBPC,,,ES20055,PT,ES20055,106.73,93.27
2020,EU_XPD_LOCALGBPC,,,ES20055,PT,ES20055,103.57,96.43
2013,EU_XPD_LOCALGBPC,,,ES20055,PT,ES20055,101.8,98.2
2011,EU_XPD_LOCALGBPC,,,ES20055,PT,ES20055,102.77,102.77
2016,EU_XPD_LOCALGBPC,,,ES20055,PT,ES20055,109.35,90.65
2019,EU_XPD_LOCALGBPC,,,ES20055,PT,ES20055,101.5,98.5
2021,EU_XPD_LOCALGBPC,,,ES20055,PT,ES20055,103.15,103.15
2014,EU_XPD_LOCALGBPC,,,ES20055,PT,ES20055,109.49,90.51
2018,EU_XPD_LOCALGBPC,,,ES20055,PT,ES20055,101.36,98.64
2010,EU_XPD_LOCALGBPC,,,ES20055,PT,ES20055,101.81,98.19
2015,EU_XPD_LOCALGBPC,,,ES20055,PT,ES20055,100.42,100.42
2023,EU_XPD_LOCALGBPC,,,ES20055,PT,ES20055,106.28,93.72
2023,EU_XPD_LOCALGBPC,,,ES48914,PT,ES48914,142.36,142.36
2013,EU_XPD_LOCALGBPC,,,ES48914,PT,ES48914,107.93,92.07
2021,EU_XPD_LOCALGBPC,,,ES48914,PT,ES48914,109.82,109.82
2020,EU_XPD_LOCALGBPC,,,ES48914,PT,ES48914,121.3,78.7
2017,EU_XPD_LOCALGBPC,,,ES48914,PT,ES48914,109.28,90.72
2011,EU_XPD_LOCALGBPC,,,ES48914,PT,ES48914,155.91,155.91
2022,EU_XPD_LOCALGBPC,,,ES48914,PT,ES48914,101.96,101.96
2018,EU_XPD_LOCALGBPC,,,ES48914,PT,ES48914,125.83,74.17
2012,EU_XPD_LOCALGBPC,,,ES48914,PT,ES48914,111.01,88.99
2014,EU_XPD_LOCALGBPC,,,ES48914,PT,ES48914,188.5,188.5
2015,EU_XPD_LOCALGBPC,,,ES48914,PT,ES48914,127.85,127.85
2016,EU_XPD_LOCALGBPC,,,ES48914,PT,ES48914,100.54,99.46
2019,EU_XPD_LOCALGBPC,,,ES48914,PT,ES48914,110.75,110.75
2010,EU_XPD_LOCALGBPC,,,ES48914,PT,ES48914,129.51,70.49
2012,EU_XPD_LOCALGBPC,,,ES01008,PT,ES01008,121.53,78.47
2018,EU_XPD_LOCALGBPC,,,ES01008,PT,ES01008,114.47,85.53
2023,EU_XPD_LOCALGBPC,,,ES01008,PT,ES01008,136.64,136.64
2017,EU_XPD_LOCALGBPC,,,ES01008,PT,ES01008,110.94,89.06
2014,EU_XPD_LOCALGBPC,,,ES01008,PT,ES01008,123.11,76.89
2015,EU_XPD_LOCALGBPC,,,ES01008,PT,ES01008,106.82,93.18
2013,EU_XPD_LOCALGBPC,,,ES01008,PT,ES01008,113.12,86.88
2010,EU_XPD_LOCALGBPC,,,ES01008,PT,ES01008,160.08,160.08
2019,EU_XPD_LOCALGBPC,,,ES01008,PT,ES01008,112.44,87.56
2020,EU_XPD_LOCALGBPC,,,ES01008,PT,ES01008,115.14,84.86
2016,EU_XPD_LOCALGBPC,,,ES01008,PT,ES01008,117.96,82.04
2022,EU_XPD_LOCALGBPC,,,ES01008,PT,ES01008,115.79,84.21
2011,EU_XPD_LOCALGBPC,,,ES01008,PT,ES01008,103.46,96.54
2021,EU_XPD_LOCALGBPC,,,ES01008,PT,ES01008,117.68,82.32
2016,EU_XPD_LOCALGBPC,,,ES48010,PT,ES48010,111.59,88.41
2010,EU_XPD_LOCALGBPC,,,ES48010,PT,ES48010,104.32,95.68
2019,EU_XPD_LOCALGBPC,,,ES48010,PT,ES48010,111.69,111.69
2015,EU_XPD_LOCALGBPC,,,ES48010,PT,ES48010,106.29,106.29
2014,EU_XPD_LOCALGBPC,,,ES48010,PT,ES48010,117.33,82.67
2021,EU_XPD_LOCALGBPC,,,ES48010,PT,ES48010,117.86,82.14
2012,EU_XPD_LOCALGBPC,,,ES48010,PT,ES48010,101.8,98.2
2020,EU_XPD_LOCALGBPC,,,ES48010,PT,ES48010,114.19,85.81
2022,EU_XPD_LOCALGBPC,,,ES48010,PT,ES48010,125.31,125.31
2023,EU_XPD_LOCALGBPC,,,ES48010,PT,ES48010,174.63,174.63
2011,EU_XPD_LOCALGBPC,,,ES48010,PT,ES48010,110.71,110.71
2017,EU_XPD_LOCALGBPC,,,ES48010,PT,ES48010,112.74,87.26
2013,EU_XPD_LOCALGBPC,,,ES48010,PT,ES48010,105.39,94.61
2018,EU_XPD_LOCALGBPC,,,ES48010,PT,ES48010,108.52,91.48
2020,EU_XPD_LOCALGBPC,,,ES48011,PT,ES48011,103.33,96.67
2014,EU_XPD_LOCALGBPC,,,ES48011,PT,ES48011,105.83,105.83
2021,EU_XPD_LOCALGBPC,,,ES48011,PT,ES48011,105.11,94.89
2013,EU_XPD_LOCALGBPC,,,ES48011,PT,ES48011,100.32,100.32
2022,EU_XPD_LOCALGBPC,,,ES48011,PT,ES48011,100.21,100.21
2012,EU_XPD_LOCALGBPC,,,ES48011,PT,ES48011,109.92,90.08
2017,EU_XPD_LOCALGBPC,,,ES48011,PT,ES48011,102.75,97.25
2016,EU_XPD_LOCALGBPC,,,ES48011,PT,ES48011,103.14,96.86
2023,EU_XPD_LOCALGBPC,,,ES48011,PT,ES48011,102.85,102.85
2019,EU_XPD_LOCALGBPC,,,ES48011,PT,ES48011,111.1,111.1
2015,EU_XPD_LOCALGBPC,,,ES48011,PT,ES48011,100.67,100.67
2010,EU_XPD_LOCALGBPC,,,ES48011,PT,ES48011,103.27,103.27
2018,EU_XPD_LOCALGBPC,,,ES48011,PT,ES48011,111.21,88.79
2011,EU_XPD_LOCALGBPC,,,ES48011,PT,ES48011,106.88,106.88
2017,EU_XPD_LOCALGBPC,,,ES48023,PT,ES48023,117.6,117.6
2014,EU_XPD_LOCALGBPC,,,ES48023,PT,ES48023,117.36,82.64
2019,EU_XPD_LOCALGBPC,,,ES48023,PT,ES48023,101.4,101.4
2016,EU_XPD_LOCALGBPC,,,ES48023,PT,ES48023,101.3,98.7
2013,EU_XPD_LOCALGBPC,,,ES48023,PT,ES48023,119.46,80.54
2012,EU_XPD_LOCALGBPC,,,ES48023,PT,ES48023,119.3,80.7
2022,EU_XPD_LOCALGBPC,,,ES48023,PT,ES48023,102.96,102.96
2020,EU_XPD_LOCALGBPC,,,ES48023,PT,ES48023,106.26,93.74
2015,EU_XPD_LOCALGBPC,,,ES48023,PT,ES48023,101.77,101.77
2018,EU_XPD_LOCALGBPC,,,ES48023,PT,ES48023,110.29,110.29
2023,EU_XPD_LOCALGBPC,,,ES48023,PT,ES48023,218.9,218.9
2011,EU_XPD_LOCALGBPC,,,ES48023,PT,ES48023,155.45,155.45
2021,EU_XPD_LOCALGBPC,,,ES48023,PT,ES48023,100.24,100.24
2010,EU_XPD_LOCALGBPC,,,ES48023,PT,ES48023,164.73,164.73
2011,EU_XPD_LOCALGBPC,,,ES48008,PT,ES48008,108.22,91.78
2017,EU_XPD_LOCALGBPC,,,ES48008,PT,ES48008,109.99,90.01
2020,EU_XPD_LOCALGBPC,,,ES48008,PT,ES48008,103.59,96.41
2016,EU_XPD_LOCALGBPC,,,ES48008,PT,ES48008,103.99,96.01
2013,EU_XPD_LOCALGBPC,,,ES48008,PT,ES48008,100.96,99.04
2019,EU_XPD_LOCALGBPC,,,ES48008,PT,ES48008,105.33,94.67
2021,EU_XPD_LOCALGBPC,,,ES48008,PT,ES48008,101.62,98.38
2014,EU_XPD_LOCALGBPC,,,ES48008,PT,ES48008,103.67,96.33
2015,EU_XPD_LOCALGBPC,,,ES48008,PT,ES48008,106.84,93.16
2023,EU_XPD_LOCALGBPC,,,ES48008,PT,ES48008,110.77,110.77
2010,EU_XPD_LOCALGBPC,,,ES48008,PT,ES48008,113.28,86.72
2012,EU_XPD_LOCALGBPC,,,ES48008,PT,ES48008,108.01,91.99
2018,EU_XPD_LOCALGBPC,,,ES48008,PT,ES48008,107.89,92.11
2022,EU_XPD_LOCALGBPC,,,ES48008,PT,ES48008,103.99,103.99
2018,EU_XPD_LOCALGBPC,,,ES01004,PT,ES01004,106.76,106.76
2015,EU_XPD_LOCALGBPC,,,ES01004,PT,ES01004,104.38,104.38
2022,EU_XPD_LOCALGBPC,,,ES01004,PT,ES01004,100.71,100.71
2020,EU_XPD_LOCALGBPC,,,ES01004,PT,ES01004,109.13,90.87
2014,EU_XPD_LOCALGBPC,,,ES01004,PT,ES01004,111.4,111.4
2021,EU_XPD_LOCALGBPC,,,ES01004,PT,ES01004,119.27,119.27
2012,EU_XPD_LOCALGBPC,,,ES01004,PT,ES01004,102.09,97.91
2017,EU_XPD_LOCALGBPC,,,ES01004,PT,ES01004,120.98,120.98
2010,EU_XPD_LOCALGBPC,,,ES01004,PT,ES01004,102.46,102.46
2011,EU_XPD_LOCALGBPC,,,ES01004,PT,ES01004,109.19,109.19
2019,EU_XPD_LOCALGBPC,,,ES01004,PT,ES01004,111.71,88.29
2016,EU_XPD_LOCALGBPC,,,ES01004,PT,ES01004,138.96,138.96
2013,EU_XPD_LOCALGBPC,,,ES01004,PT,ES01004,103.43,103.43
2023,EU_XPD_LOCALGBPC,,,ES01004,PT,ES01004,122.27,77.73
2020,EU_XPD_LOCALGBPC,,,ES01009,PT,ES01009,132.16,67.84
2016,EU_XPD_LOCALGBPC,,,ES01009,PT,ES01009,113.44,86.56
2012,EU_XPD_LOCALGBPC,,,ES01009,PT,ES01009,105.2,94.8
2023,EU_XPD_LOCALGBPC,,,ES01009,PT,ES01009,111.81,111.81
2017,EU_XPD_LOCALGBPC,,,ES01009,PT,ES01009,122.34,122.34
2013,EU_XPD_LOCALGBPC,,,ES01009,PT,ES01009,102.42,102.42
2019,EU_XPD_LOCALGBPC,,,ES01009,PT,ES01009,116.51,83.49
2015,EU_XPD_LOCALGBPC,,,ES01009,PT,ES01009,104.49,104.49
2011,EU_XPD_LOCALGBPC,,,ES01009,PT,ES01009,106.86,93.14
2010,EU_XPD_LOCALGBPC,,,ES01009,PT,ES01009,100.19,99.81
2021,EU_XPD_LOCALGBPC,,,ES01009,PT,ES01009,108.89,91.11
2022,EU_XPD_LOCALGBPC,,,ES01009,PT,ES01009,117.4,82.6
2018,EU_XPD_LOCALGBPC,,,ES01009,PT,ES01009,111.35,111.35
2014,EU_XPD_LOCALGBPC,,,ES01009,PT,ES01009,106.07,93.93
2017,EU_XPD_LOCALGBPC,,,ES20014,PT,ES20014,108.13,91.87
2019,EU_XPD_LOCALGBPC,,,ES20014,PT,ES20014,127.62,127.62
2014,EU_XPD_LOCALGBPC,,,ES20014,PT,ES20014,100.75,99.25
2022,EU_XPD_LOCALGBPC,,,ES20014,PT,ES20014,125.75,125.75
2020,EU_XPD_LOCALGBPC,,,ES20014,PT,ES20014,118.64,81.36
2021,EU_XPD_LOCALGBPC,,,ES20014,PT,ES20014,108.82,108.82
2012,EU_XPD_LOCALGBPC,,,ES20014,PT,ES20014,108.28,91.72
2013,EU_XPD_LOCALGBPC,,,ES20014,PT,ES20014,102.33,102.33
2011,EU_XPD_LOCALGBPC,,,ES20014,PT,ES20014,114.52,85.48
2015,EU_XPD_LOCALGBPC,,,ES20014,PT,ES20014,119.01,119.01
2018,EU_XPD_LOCALGBPC,,,ES20014,PT,ES20014,102.78,97.22
2010,EU_XPD_LOCALGBPC,,,ES20014,PT,ES20014,147.8,147.8
2016,EU_XPD_LOCALGBPC,,,ES20014,PT,ES20014,111.25,88.75
2023,EU_XPD_LOCALGBPC,,,ES20014,PT,ES20014,119.26,119.26
2017,EU_XPD_LOCALGBPC,,,ES20903,PT,ES20903,102.15,97.85
2021,EU_XPD_LOCALGBPC,,,ES20903,PT,ES20903,127.66,127.66
2011,EU_XPD_LOCALGBPC,,,ES20903,PT,ES20903,103.5,103.5
2023,EU_XPD_LOCALGBPC,,,ES20903,PT,ES20903,126.23,126.23
2010,EU_XPD_LOCALGBPC,,,ES20903,PT,ES20903,105.95,94.05
2020,EU_XPD_LOCALGBPC,,,ES20903,PT,ES20903,111.3,111.3
2016,EU_XPD_LOCALGBPC,,,ES20903,PT,ES20903,108.81,91.19
2012,EU_XPD_LOCALGBPC,,,ES20903,PT,ES20903,103.4,103.4
2019,EU_XPD_LOCALGBPC,,,ES20903,PT,ES20903,126.73,126.73
2022,EU_XPD_LOCALGBPC,,,ES20903,PT,ES20903,104.96,104.96
2014,EU_XPD_LOCALGBPC,,,ES20903,PT,ES20903,106.53,93.47
2018,EU_XPD_LOCALGBPC,,,ES20903,PT,ES20903,110.27,89.73
2013,EU_XPD_LOCALGBPC,,,ES20903,PT,ES20903,114.97,114.97
2015,EU_XPD_LOCALGBPC,,,ES20903,PT,ES20903,106.83,106.83
2010,EU_XPD_LOCALGBPC,,,ES20015,PT,ES20015,108.67,108.67
2013,EU_XPD_LOCALGBPC,,,ES20015,PT,ES20015,131.51,131.51
2012,EU_XPD_LOCALGBPC,,,ES20015,PT,ES20015,102.73,97.27
2018,EU_XPD_LOCALGBPC,,,ES20015,PT,ES20015,108.43,91.57
2019,EU_XPD_LOCALGBPC,,,ES20015,PT,ES20015,104.85,95.15
2020,EU_XPD_LOCALGBPC,,,ES20015,PT,ES20015,108.14,91.86
2017,EU_XPD_LOCALGBPC,,,ES20015,PT,ES20015,114.83,114.83
2021,EU_XPD_LOCALGBPC,,,ES20015,PT,ES20015,104.49,95.51
2023,EU_XPD_LOCALGBPC,,,ES20015,PT,ES20015,109.11,90.89
2015,EU_XPD_LOCALGBPC,,,ES20015,PT,ES20015,110.21,89.79
2011,EU_XPD_LOCALGBPC,,,ES20015,PT,ES20015,117.18,117.18
2016,EU_XPD_LOCALGBPC,,,ES20015,PT,ES20015,112.6,87.4
2014,EU_XPD_LOCALGBPC,,,ES20015,PT,ES20015,106.62,106.62
2022,EU_XPD_LOCALGBPC,,,ES20015,PT,ES20015,106.91,106.91
2023,EU_XPD_LOCALGBPC,,,ES48091,PT,ES48091,110.31,110.31
2019,EU_XPD_LOCALGBPC,,,ES48091,PT,ES48091,118.57,118.57
2017,EU_XPD_LOCALGBPC,,,ES48091,PT,ES48091,103.97,96.03
2012,EU_XPD_LOCALGBPC,,,ES48091,PT,ES48091,101.86,98.14
2015,EU_XPD_LOCALGBPC,,,ES48091,PT,ES48091,109.7,90.3
2011,EU_XPD_LOCALGBPC,,,ES48091,PT,ES48091,105.57,105.57
2020,EU_XPD_LOCALGBPC,,,ES48091,PT,ES48091,101.87,98.13
2016,EU_XPD_LOCALGBPC,,,ES48091,PT,ES48091,107.52,107.52
2013,EU_XPD_LOCALGBPC,,,ES48091,PT,ES48091,104.05,104.05
2010,EU_XPD_LOCALGBPC,,,ES48091,PT,ES48091,108.64,91.36
2022,EU_XPD_LOCALGBPC,,,ES48091,PT,ES48091,126.06,126.06
2018,EU_XPD_LOCALGBPC,,,ES48091,PT,ES48091,114.43,85.57
2021,EU_XPD_LOCALGBPC,,,ES48091,PT,ES48091,134.86,65.14
2014,EU_XPD_LOCALGBPC,,,ES48091,PT,ES48091,104.23,95.77
2016,EU_XPD_LOCALGBPC,,,ES48070,PT,ES48070,108.08,91.92
2023,EU_XPD_LOCALGBPC,,,ES48070,PT,ES48070,101.7,98.3
2021,EU_XPD_LOCALGBPC,,,ES48070,PT,ES48070,123.22,76.78
2012,EU_XPD_LOCALGBPC,,,ES48070,PT,ES48070,106.95,93.05
2017,EU_XPD_LOCALGBPC,,,ES48070,PT,ES48070,102.99,97.01
2010,EU_XPD_LOCALGBPC,,,ES48070,PT,ES48070,107.13,92.87
2015,EU_XPD_LOCALGBPC,,,ES48070,PT,ES48070,119.34,119.34
2022,EU_XPD_LOCALGBPC,,,ES48070,PT,ES48070,113.1,86.9
2020,EU_XPD_LOCALGBPC,,,ES48070,PT,ES48070,113.48,86.52
2011,EU_XPD_LOCALGBPC,,,ES48070,PT,ES48070,123.13,76.87
2014,EU_XPD_LOCALGBPC,,,ES48070,PT,ES48070,120.49,120.49
2018,EU_XPD_LOCALGBPC,,,ES48070,PT,ES48070,109.97,90.03
2013,EU_XPD_LOCALGBPC,,,ES48070,PT,ES48070,107.38,107.38
2019,EU_XPD_LOCALGBPC,,,ES48070,PT,ES48070,113.71,86.29
2010,EU_XPD_LOCALGBPC,,,ES01010,PT,ES01010,117.88,117.88
2016,EU_XPD_LOCALGBPC,,,ES01010,PT,ES01010,109.35,109.35
2018,EU_XPD_LOCALGBPC,,,ES01010,PT,ES01010,105.08,105.08
2019,EU_XPD_LOCALGBPC,,,ES01010,PT,ES01010,101.36,98.64
2012,EU_XPD_LOCALGBPC,,,ES01010,PT,ES01010,100.12,99.88
2022,EU_XPD_LOCALGBPC,,,ES01010,PT,ES01010,102.87,102.87
2014,EU_XPD_LOCALGBPC,,,ES01010,PT,ES01010,125.19,125.19
2021,EU_XPD_LOCALGBPC,,,ES01010,PT,ES01010,100.53,100.53
2015,EU_XPD_LOCALGBPC,,,ES01010,PT,ES01010,113.82,113.82
2020,EU_XPD_LOCALGBPC,,,ES01010,PT,ES01010,112.3,112.3
2023,EU_XPD_LOCALGBPC,,,ES01010,PT,ES01010,100.57,99.43
2011,EU_XPD_LOCALGBPC,,,ES01010,PT,ES01010,103.55,103.55
2013,EU_XPD_LOCALGBPC,,,ES01010,PT,ES01010,101.46,101.46
2017,EU_XPD_LOCALGBPC,,,ES01010,PT,ES01010,114.23,114.23
2017,EU_XPD_LOCALGBPC,,,ES20017,PT,ES20017,109.58,90.42
2018,EU_XPD_LOCALGBPC,,,ES20017,PT,ES20017,111.48,111.48
2020,EU_XPD_LOCALGBPC,,,ES20017,PT,ES20017,111.85,88.15
2015,EU_XPD_LOCALGBPC,,,ES20017,PT,ES20017,104.62,104.62
2016,EU_XPD_LOCALGBPC,,,ES20017,PT,ES20017,104.94,95.06
2010,EU_XPD_LOCALGBPC,,,ES20017,PT,ES20017,100.9,100.9
2012,EU_XPD_LOCALGBPC,,,ES20017,PT,ES20017,103.89,103.89
2011,EU_XPD_LOCALGBPC,,,ES20017,PT,ES20017,115.9,115.9
2014,EU_XPD_LOCALGBPC,,,ES20017,PT,ES20017,102.27,102.27
2022,EU_XPD_LOCALGBPC,,,ES20017,PT,ES20017,107.26,107.26
2021,EU_XPD_LOCALGBPC,,,ES20017,PT,ES20017,100.94,99.06
2013,EU_XPD_LOCALGBPC,,,ES20017,PT,ES20017,100.61,99.39
2019,EU_XPD_LOCALGBPC,,,ES20017,PT,ES20017,100.51,100.51
2023,EU_XPD_LOCALGBPC,,,ES20017,PT,ES20017,115.88,115.88
2010,EU_XPD_LOCALGBPC,,,ES20018,PT,ES20018,112.91,112.91
2016,EU_XPD_LOCALGBPC,,,ES20018,PT,ES20018,108.77,91.23
2012,EU_XPD_LOCALGBPC,,,ES20018,PT,ES20018,101.04,98.96
2015,EU_XPD_LOCALGBPC,,,ES20018,PT,ES20018,109.18,109.18
2014,EU_XPD_LOCALGBPC,,,ES20018,PT,ES20018,100.4,100.4
2011,EU_XPD_LOCALGBPC,,,ES20018,PT,ES20018,109.23,109.23
2023,EU_XPD_LOCALGBPC,,,ES20018,PT,ES20018,110.32,110.32
2013,EU_XPD_LOCALGBPC,,,ES20018,PT,ES20018,102.21,102.21
2018,EU_XPD_LOCALGBPC,,,ES20018,PT,ES20018,109.07,109.07
2021,EU_XPD_LOCALGBPC,,,ES20018,PT,ES20018,105.74,105.74
2022,EU_XPD_LOCALGBPC,,,ES20018,PT,ES20018,108.74,108.74
2019,EU_XPD_LOCALGBPC,,,ES20018,PT,ES20018,103.48,96.52
2017,EU_XPD_LOCALGBPC,,,ES20018,PT,ES20018,128.01,128.01
2020,EU_XPD_LOCALGBPC,,,ES20018,PT,ES20018,112.92,87.08
2018,EU_XPD_LOCALGBPC,,,ES48012,PT,ES48012,101.25,101.25
2016,EU_XPD_LOCALGBPC,,,ES48012,PT,ES48012,119.27,119.27
2019,EU_XPD_LOCALGBPC,,,ES48012,PT,ES48012,108.63,108.63
2015,EU_XPD_LOCALGBPC,,,ES48012,PT,ES48012,113.92,113.92
2021,EU_XPD_LOCALGBPC,,,ES48012,PT,ES48012,140.47,140.47
2017,EU_XPD_LOCALGBPC,,,ES48012,PT,ES48012,139.78,139.78
2023,EU_XPD_LOCALGBPC,,,ES48012,PT,ES48012,107.49,107.49
2014,EU_XPD_LOCALGBPC,,,ES48012,PT,ES48012,113.91,86.09
2013,EU_XPD_LOCALGBPC,,,ES48012,PT,ES48012,104.81,95.19
2011,EU_XPD_LOCALGBPC,,,ES48012,PT,ES48012,111.25,88.75
2010,EU_XPD_LOCALGBPC,,,ES48012,PT,ES48012,109.79,109.79
2012,EU_XPD_LOCALGBPC,,,ES48012,PT,ES48012,141.59,58.41
2020,EU_XPD_LOCALGBPC,,,ES48012,PT,ES48012,116.36,83.64
2022,EU_XPD_LOCALGBPC,,,ES48012,PT,ES48012,106.13,106.13
2016,EU_XPD_LOCALGBPC,,,ES20904,PT,ES20904,107.77,107.77
2018,EU_XPD_LOCALGBPC,,,ES20904,PT,ES20904,110.57,110.57
2013,EU_XPD_LOCALGBPC,,,ES20904,PT,ES20904,116.78,116.78
2021,EU_XPD_LOCALGBPC,,,ES20904,PT,ES20904,112.29,112.29
2014,EU_XPD_LOCALGBPC,,,ES20904,PT,ES20904,118.51,118.51
2010,EU_XPD_LOCALGBPC,,,ES20904,PT,ES20904,169.82,30.18
2017,EU_XPD_LOCALGBPC,,,ES20904,PT,ES20904,114.29,114.29
2012,EU_XPD_LOCALGBPC,,,ES20904,PT,ES20904,149.16,149.16
2020,EU_XPD_LOCALGBPC,,,ES20904,PT,ES20904,131.61,68.39
2011,EU_XPD_LOCALGBPC,,,ES20904,PT,ES20904,186.09,186.09
2019,EU_XPD_LOCALGBPC,,,ES20904,PT,ES20904,122.9,77.1
2015,EU_XPD_LOCALGBPC,,,ES20904,PT,ES20904,120.77,120.77
2023,EU_XPD_LOCALGBPC,,,ES20904,PT,ES20904,135.96,135.96
2022,EU_XPD_LOCALGBPC,,,ES20904,PT,ES20904,114.26,114.26
2012,EU_XPD_LOCALGBPC,,,ES48090,PT,ES48090,104.37,104.37
2016,EU_XPD_LOCALGBPC,,,ES48090,PT,ES48090,117.06,117.06
2017,EU_XPD_LOCALGBPC,,,ES48090,PT,ES48090,110.31,110.31
2011,EU_XPD_LOCALGBPC,,,ES48090,PT,ES48090,140.02,140.02
2018,EU_XPD_LOCALGBPC,,,ES48090,PT,ES48090,115.29,115.29
2015,EU_XPD_LOCALGBPC,,,ES48090,PT,ES48090,118.22,118.22
2013,EU_XPD_LOCALGBPC,,,ES48090,PT,ES48090,106.19,106.19
2020,EU_XPD_LOCALGBPC,,,ES48090,PT,ES48090,106.62,93.38
2019,EU_XPD_LOCALGBPC,,,ES48090,PT,ES48090,121.59,121.59
2014,EU_XPD_LOCALGBPC,,,ES48090,PT,ES48090,119.24,119.24
2022,EU_XPD_LOCALGBPC,,,ES48090,PT,ES48090,104.84,95.16
2010,EU_XPD_LOCALGBPC,,,ES48090,PT,ES48090,137.85,137.85
2021,EU_XPD_LOCALGBPC,,,ES48090,PT,ES48090,102.15,97.85
2023,EU_XPD_LOCALGBPC,,,ES48090,PT,ES48090,116.9,83.1
2014,EU_XPD_LOCALGBPC,,,ES01011,PT,ES01011,185.93,14.07
2022,EU_XPD_LOCALGBPC,,,ES01011,PT,ES01011,124.79,124.79
2020,EU_XPD_LOCALGBPC,,,ES01011,PT,ES01011,100.69,100.69
2010,EU_XPD_LOCALGBPC,,,ES01011,PT,ES01011,174.71,25.29
2013,EU_XPD_LOCALGBPC,,,ES01011,PT,ES01011,176.56,23.44
2023,EU_XPD_LOCALGBPC,,,ES01011,PT,ES01011,131.07,131.07
2018,EU_XPD_LOCALGBPC,,,ES01011,PT,ES01011,118.38,81.62
2015,EU_XPD_LOCALGBPC,,,ES01011,PT,ES01011,156.55,43.45
2011,EU_XPD_LOCALGBPC,,,ES01011,PT,ES01011,145.57,54.43
2016,EU_XPD_LOCALGBPC,,,ES01011,PT,ES01011,156.71,43.29
2017,EU_XPD_LOCALGBPC,,,ES01011,PT,ES01011,195.26,195.26
2021,EU_XPD_LOCALGBPC,,,ES01011,PT,ES01011,113.76,113.76
2012,EU_XPD_LOCALGBPC,,,ES01011,PT,ES01011,157.64,42.36
2019,EU_XPD_LOCALGBPC,,,ES01011,PT,ES01011,119.95,80.05
2014,EU_XPD_LOCALGBPC,,,ES48013,PT,ES48013,108.97,108.97
2011,EU_XPD_LOCALGBPC,,,ES48013,PT,ES48013,102.26,102.26
2013,EU_XPD_LOCALGBPC,,,ES48013,PT,ES48013,111.29,111.29
2012,EU_XPD_LOCALGBPC,,,ES48013,PT,ES48013,100.46,100.46
2023,EU_XPD_LOCALGBPC,,,ES48013,PT,ES48013,107.27,107.27
2016,EU_XPD_LOCALGBPC,,,ES48013,PT,ES48013,107.53,92.47
2017,EU_XPD_LOCALGBPC,,,ES48013,PT,ES48013,101.06,98.94
2020,EU_XPD_LOCALGBPC,,,ES48013,PT,ES48013,100.59,99.41
2019,EU_XPD_LOCALGBPC,,,ES48013,PT,ES48013,104.69,104.69
2021,EU_XPD_LOCALGBPC,,,ES48013,PT,ES48013,115.6,115.6
2010,EU_XPD_LOCALGBPC,,,ES48013,PT,ES48013,112.09,112.09
2018,EU_XPD_LOCALGBPC,,,ES48013,PT,ES48013,105.68,94.32
2022,EU_XPD_LOCALGBPC,,,ES48013,PT,ES48013,111.29,111.29
2015,EU_XPD_LOCALGBPC,,,ES48013,PT,ES48013,104.53,104.53
2019,EU_XPD_LOCALGBPC,,,ES48014,PT,ES48014,134.94,134.94
2020,EU_XPD_LOCALGBPC,,,ES48014,PT,ES48014,104.86,95.14
2014,EU_XPD_LOCALGBPC,,,ES48014,PT,ES48014,105.92,94.08
2010,EU_XPD_LOCALGBPC,,,ES48014,PT,ES48014,118.06,81.94
2018,EU_XPD_LOCALGBPC,,,ES48014,PT,ES48014,103.93,103.93
2021,EU_XPD_LOCALGBPC,,,ES48014,PT,ES48014,127.33,127.33
2023,EU_XPD_LOCALGBPC,,,ES48014,PT,ES48014,103.88,103.88
2016,EU_XPD_LOCALGBPC,,,ES48014,PT,ES48014,101.79,98.21
2022,EU_XPD_LOCALGBPC,,,ES48014,PT,ES48014,106.8,106.8
2011,EU_XPD_LOCALGBPC,,,ES48014,PT,ES48014,135.55,64.45
2013,EU_XPD_LOCALGBPC,,,ES48014,PT,ES48014,100.44,100.44
2012,EU_XPD_LOCALGBPC,,,ES48014,PT,ES48014,110.66,89.34
2015,EU_XPD_LOCALGBPC,,,ES48014,PT,ES48014,108.86,91.14
2017,EU_XPD_LOCALGBPC,,,ES48014,PT,ES48014,101.79,98.21
2010,EU_XPD_LOCALGBPC,,,ES01013,PT,ES01013,102.79,102.79
2023,EU_XPD_LOCALGBPC,,,ES01013,PT,ES01013,112.89,87.11
2021,EU_XPD_LOCALGBPC,,,ES01013,PT,ES01013,102.19,102.19
2017,EU_XPD_LOCALGBPC,,,ES01013,PT,ES01013,102.46,97.54
2015,EU_XPD_LOCALGBPC,,,ES01013,PT,ES01013,105.1,105.1
2012,EU_XPD_LOCALGBPC,,,ES01013,PT,ES01013,146.83,146.83
2014,EU_XPD_LOCALGBPC,,,ES01013,PT,ES01013,117.22,82.78
2011,EU_XPD_LOCALGBPC,,,ES01013,PT,ES01013,106.36,106.36
2016,EU_XPD_LOCALGBPC,,,ES01013,PT,ES01013,107.19,92.81
2022,EU_XPD_LOCALGBPC,,,ES01013,PT,ES01013,125.03,125.03
2020,EU_XPD_LOCALGBPC,,,ES01013,PT,ES01013,104.08,104.08
2019,EU_XPD_LOCALGBPC,,,ES01013,PT,ES01013,100.57,100.57
2013,EU_XPD_LOCALGBPC,,,ES01013,PT,ES01013,111.9,88.1
2018,EU_XPD_LOCALGBPC,,,ES01013,PT,ES01013,103.11,96.89
2019,EU_XPD_LOCALGBPC,,,ES48015,PT,ES48015,106.3,106.3
2011,EU_XPD_LOCALGBPC,,,ES48015,PT,ES48015,125.16,125.16
2021,EU_XPD_LOCALGBPC,,,ES48015,PT,ES48015,107.92,107.92
2023,EU_XPD_LOCALGBPC,,,ES48015,PT,ES48015,105.98,105.98
2010,EU_XPD_LOCALGBPC,,,ES48015,PT,ES48015,135.65,135.65
2015,EU_XPD_LOCALGBPC,,,ES48015,PT,ES48015,107.2,107.2
2013,EU_XPD_LOCALGBPC,,,ES48015,PT,ES48015,100.1,99.9
2017,EU_XPD_LOCALGBPC,,,ES48015,PT,ES48015,100.27,100.27
2014,EU_XPD_LOCALGBPC,,,ES48015,PT,ES48015,104.81,104.81
2016,EU_XPD_LOCALGBPC,,,ES48015,PT,ES48015,100.3,99.7
2020,EU_XPD_LOCALGBPC,,,ES48015,PT,ES48015,102.18,97.82
2022,EU_XPD_LOCALGBPC,,,ES48015,PT,ES48015,106.6,106.6
2012,EU_XPD_LOCALGBPC,,,ES48015,PT,ES48015,109.07,109.07
2018,EU_XPD_LOCALGBPC,,,ES48015,PT,ES48015,116.55,116.55
2020,EU_XPD_LOCALGBPC,,,ES20019,PT,ES20019,100.5,99.5
2016,EU_XPD_LOCALGBPC,,,ES20019,PT,ES20019,103.21,96.79
2012,EU_XPD_LOCALGBPC,,,ES20019,PT,ES20019,106.83,106.83
2022,EU_XPD_LOCALGBPC,,,ES20019,PT,ES20019,104.17,104.17
2011,EU_XPD_LOCALGBPC,,,ES20019,PT,ES20019,110.61,110.61
2018,EU_XPD_LOCALGBPC,,,ES20019,PT,ES20019,108.61,91.39
2010,EU_XPD_LOCALGBPC,,,ES20019,PT,ES20019,138.71,138.71
2017,EU_XPD_LOCALGBPC,,,ES20019,PT,ES20019,104.94,95.06
2014,EU_XPD_LOCALGBPC,,,ES20019,PT,ES20019,102.68,102.68
2021,EU_XPD_LOCALGBPC,,,ES20019,PT,ES20019,103.01,103.01
2015,EU_XPD_LOCALGBPC,,,ES20019,PT,ES20019,101.39,98.61
2023,EU_XPD_LOCALGBPC,,,ES20019,PT,ES20019,100.73,99.27
2013,EU_XPD_LOCALGBPC,,,ES20019,PT,ES20019,102.53,102.53
2019,EU_XPD_LOCALGBPC,,,ES20019,PT,ES20019,100.7,99.3
2023,EU_XPD_LOCALGBPC,,,ES48092,PT,ES48092,117.08,117.08
2021,EU_XPD_LOCALGBPC,,,ES48092,PT,ES48092,113.21,86.79
2016,EU_XPD_LOCALGBPC,,,ES48092,PT,ES48092,100.05,100.05
2010,EU_XPD_LOCALGBPC,,,ES48092,PT,ES48092,115.52,115.52
2015,EU_XPD_LOCALGBPC,,,ES48092,PT,ES48092,132.89,132.89
2018,EU_XPD_LOCALGBPC,,,ES48092,PT,ES48092,105.35,94.65
2014,EU_XPD_LOCALGBPC,,,ES48092,PT,ES48092,125.16,125.16
2022,EU_XPD_LOCALGBPC,,,ES48092,PT,ES48092,102.97,97.03
2017,EU_XPD_LOCALGBPC,,,ES48092,PT,ES48092,112.47,112.47
2020,EU_XPD_LOCALGBPC,,,ES48092,PT,ES48092,101.25,101.25
2011,EU_XPD_LOCALGBPC,,,ES48092,PT,ES48092,121.21,121.21
2019,EU_XPD_LOCALGBPC,,,ES48092,PT,ES48092,120.31,120.31
2013,EU_XPD_LOCALGBPC,,,ES48092,PT,ES48092,117.58,117.58
2012,EU_XPD_LOCALGBPC,,,ES48092,PT,ES48092,133.06,133.06
2013,EU_XPD_LOCALGBPC,,,ES20020,PT,ES20020,100.45,100.45
2019,EU_XPD_LOCALGBPC,,,ES20020,PT,ES20020,103.65,103.65
2016,EU_XPD_LOCALGBPC,,,ES20020,PT,ES20020,134.03,134.03
2011,EU_XPD_LOCALGBPC,,,ES20020,PT,ES20020,104.05,104.05
2012,EU_XPD_LOCALGBPC,,,ES20020,PT,ES20020,107.82,107.82
2021,EU_XPD_LOCALGBPC,,,ES20020,PT,ES20020,105.74,94.26
2010,EU_XPD_LOCALGBPC,,,ES20020,PT,ES20020,127.0,127.0
2020,EU_XPD_LOCALGBPC,,,ES20020,PT,ES20020,104.68,95.32
2017,EU_XPD_LOCALGBPC,,,ES20020,PT,ES20020,114.32,85.68
2022,EU_XPD_LOCALGBPC,,,ES20020,PT,ES20020,111.98,111.98
2018,EU_XPD_LOCALGBPC,,,ES20020,PT,ES20020,125.25,125.25
2014,EU_XPD_LOCALGBPC,,,ES20020,PT,ES20020,109.55,109.55
2023,EU_XPD_LOCALGBPC,,,ES20020,PT,ES20020,128.23,128.23
2015,EU_XPD_LOCALGBPC,,,ES20020,PT,ES20020,116.74,83.26
2017,EU_XPD_LOCALGBPC,,,ES20021,PT,ES20021,113.42,113.42
2021,EU_XPD_LOCALGBPC,,,ES20021,PT,ES20021,113.07,86.93
2011,EU_XPD_LOCALGBPC,,,ES20021,PT,ES20021,105.49,105.49
2016,EU_XPD_LOCALGBPC,,,ES20021,PT,ES20021,132.88,132.88
2022,EU_XPD_LOCALGBPC,,,ES20021,PT,ES20021,129.14,129.14
2012,EU_XPD_LOCALGBPC,,,ES20021,PT,ES20021,118.62,118.62
2018,EU_XPD_LOCALGBPC,,,ES20021,PT,ES20021,121.02,121.02
2010,EU_XPD_LOCALGBPC,,,ES20021,PT,ES20021,225.89,225.89
2013,EU_XPD_LOCALGBPC,,,ES20021,PT,ES20021,133.63,133.63
2014,EU_XPD_LOCALGBPC,,,ES20021,PT,ES20021,123.18,123.18
2023,EU_XPD_LOCALGBPC,,,ES20021,PT,ES20021,116.24,116.24
2020,EU_XPD_LOCALGBPC,,,ES20021,PT,ES20021,192.9,192.9
2019,EU_XPD_LOCALGBPC,,,ES20021,PT,ES20021,147.53,147.53
2015,EU_XPD_LOCALGBPC,,,ES20021,PT,ES20021,109.81,109.81
2011,EU_XPD_LOCALGBPC,,,ES48016,PT,ES48016,107.56,92.44
2021,EU_XPD_LOCALGBPC,,,ES48016,PT,ES48016,126.48,73.52
2017,EU_XPD_LOCALGBPC,,,ES48016,PT,ES48016,111.03,111.03
2014,EU_XPD_LOCALGBPC,,,ES48016,PT,ES48016,102.76,102.76
2016,EU_XPD_LOCALGBPC,,,ES48016,PT,ES48016,105.47,94.53
2018,EU_XPD_LOCALGBPC,,,ES48016,PT,ES48016,111.05,111.05
2019,EU_XPD_LOCALGBPC,,,ES48016,PT,ES48016,111.77,111.77
2013,EU_XPD_LOCALGBPC,,,ES48016,PT,ES48016,100.14,99.86
2015,EU_XPD_LOCALGBPC,,,ES48016,PT,ES48016,129.85,70.15
2023,EU_XPD_LOCALGBPC,,,ES48016,PT,ES48016,123.68,123.68
2010,EU_XPD_LOCALGBPC,,,ES48016,PT,ES48016,114.51,85.49
2012,EU_XPD_LOCALGBPC,,,ES48016,PT,ES48016,114.03,85.97
2020,EU_XPD_LOCALGBPC,,,ES48016,PT,ES48016,107.7,92.3
2022,EU_XPD_LOCALGBPC,,,ES48016,PT,ES48016,108.45,91.55
2019,EU_XPD_LOCALGBPC,,,ES01014,PT,ES01014,138.62,61.38
2023,EU_XPD_LOCALGBPC,,,ES01014,PT,ES01014,112.13,112.13
2013,EU_XPD_LOCALGBPC,,,ES01014,PT,ES01014,127.04,72.96
2021,EU_XPD_LOCALGBPC,,,ES01014,PT,ES01014,110.36,110.36
2010,EU_XPD_LOCALGBPC,,,ES01014,PT,ES01014,125.18,74.82
2015,EU_XPD_LOCALGBPC,,,ES01014,PT,ES01014,115.54,84.46
2020,EU_XPD_LOCALGBPC,,,ES01014,PT,ES01014,136.71,136.71
2016,EU_XPD_LOCALGBPC,,,ES01014,PT,ES01014,115.5,84.5
2017,EU_XPD_LOCALGBPC,,,ES01014,PT,ES01014,117.06,82.94
2018,EU_XPD_LOCALGBPC,,,ES01014,PT,ES01014,138.56,61.44
2014,EU_XPD_LOCALGBPC,,,ES01014,PT,ES01014,110.05,110.05
2022,EU_XPD_LOCALGBPC,,,ES01014,PT,ES01014,120.62,120.62
2012,EU_XPD_LOCALGBPC,,,ES01014,PT,ES01014,105.48,94.52
2011,EU_XPD_LOCALGBPC,,,ES01014,PT,ES01014,116.03,116.03
2022,EU_XPD_LOCALGBPC,,,ES20022,PT,ES20022,129.11,129.11
2021,EU_XPD_LOCALGBPC,,,ES20022,PT,ES20022,138.76,138.76
2012,EU_XPD_LOCALGBPC,,,ES20022,PT,ES20022,112.77,112.77
2011,EU_XPD_LOCALGBPC,,,ES20022,PT,ES20022,111.76,88.24
2010,EU_XPD_LOCALGBPC,,,ES20022,PT,ES20022,102.91,97.09
2017,EU_XPD_LOCALGBPC,,,ES20022,PT,ES20022,133.19,133.19
2014,EU_XPD_LOCALGBPC,,,ES20022,PT,ES20022,109.15,90.85
2019,EU_XPD_LOCALGBPC,,,ES20022,PT,ES20022,106.59,106.59
2016,EU_XPD_LOCALGBPC,,,ES20022,PT,ES20022,109.3,109.3
2020,EU_XPD_LOCALGBPC,,,ES20022,PT,ES20022,106.68,93.32
2015,EU_XPD_LOCALGBPC,,,ES20022,PT,ES20022,147.1,147.1
2023,EU_XPD_LOCALGBPC,,,ES20022,PT,ES20022,132.85,132.85
2013,EU_XPD_LOCALGBPC,,,ES20022,PT,ES20022,105.31,105.31
2018,EU_XPD_LOCALGBPC,,,ES20022,PT,ES20022,103.95,103.95
2018,EU_XPD_LOCALGBPC,,,ES20074,PT,ES20074,111.74,88.26
2019,EU_XPD_LOCALGBPC,,,ES20074,PT,ES20074,107.3,92.7
2022,EU_XPD_LOCALGBPC,,,ES20074,PT,ES20074,100.88,100.88
2021,EU_XPD_LOCALGBPC,,,ES20074,PT,ES20074,108.29,91.71
2012,EU_XPD_LOCALGBPC,,,ES20074,PT,ES20074,111.02,88.98
2015,EU_XPD_LOCALGBPC,,,ES20074,PT,ES20074,102.75,97.25
2023,EU_XPD_LOCALGBPC,,,ES20074,PT,ES20074,107.43,92.57
2010,EU_XPD_LOCALGBPC,,,ES20074,PT,ES20074,107.73,107.73
2017,EU_XPD_LOCALGBPC,,,ES20074,PT,ES20074,107.4,92.6
2013,EU_XPD_LOCALGBPC,,,ES20074,PT,ES20074,111.15,88.85
2011,EU_XPD_LOCALGBPC,,,ES20074,PT,ES20074,100.28,100.28
2020,EU_XPD_LOCALGBPC,,,ES20074,PT,ES20074,107.25,92.75
2016,EU_XPD_LOCALGBPC,,,ES20074,PT,ES20074,100.56,100.56
2014,EU_XPD_LOCALGBPC,,,ES20074,PT,ES20074,107.05,107.05
2011,EU_XPD_LOCALGBPC,,,ES48017,PT,ES48017,108.42,108.42
2016,EU_XPD_LOCALGBPC,,,ES48017,PT,ES48017,108.06,108.06
2010,EU_XPD_LOCALGBPC,,,ES48017,PT,ES48017,126.5,126.5
2018,EU_XPD_LOCALGBPC,,,ES48017,PT,ES48017,108.51,108.51
2022,EU_XPD_LOCALGBPC,,,ES48017,PT,ES48017,110.87,110.87
2023,EU_XPD_LOCALGBPC,,,ES48017,PT,ES48017,107.03,107.03
2014,EU_XPD_LOCALGBPC,,,ES48017,PT,ES48017,100.46,99.54
2021,EU_XPD_LOCALGBPC,,,ES48017,PT,ES48017,101.85,98.15
2012,EU_XPD_LOCALGBPC,,,ES48017,PT,ES48017,108.75,91.25
2015,EU_XPD_LOCALGBPC,,,ES48017,PT,ES48017,105.94,105.94
2019,EU_XPD_LOCALGBPC,,,ES48017,PT,ES48017,103.65,103.65
2017,EU_XPD_LOCALGBPC,,,ES48017,PT,ES48017,102.31,102.31
2013,EU_XPD_LOCALGBPC,,,ES48017,PT,ES48017,109.32,109.32
2020,EU_XPD_LOCALGBPC,,,ES48017,PT,ES48017,100.3,100.3
2016,EU_XPD_LOCALGBPC,,,ES01016,PT,ES01016,114.24,114.24
2018,EU_XPD_LOCALGBPC,,,ES01016,PT,ES01016,110.2,110.2
2021,EU_XPD_LOCALGBPC,,,ES01016,PT,ES01016,111.27,88.73
2023,EU_XPD_LOCALGBPC,,,ES01016,PT,ES01016,111.71,88.29
2012,EU_XPD_LOCALGBPC,,,ES01016,PT,ES01016,104.31,95.69
2019,EU_XPD_LOCALGBPC,,,ES01016,PT,ES01016,126.05,126.05
2010,EU_XPD_LOCALGBPC,,,ES01016,PT,ES01016,113.07,113.07
2013,EU_XPD_LOCALGBPC,,,ES01016,PT,ES01016,103.68,103.68
2011,EU_XPD_LOCALGBPC,,,ES01016,PT,ES01016,154.29,154.29
2017,EU_XPD_LOCALGBPC,,,ES01016,PT,ES01016,123.44,76.56
2020,EU_XPD_LOCALGBPC,,,ES01016,PT,ES01016,105.55,94.45
2022,EU_XPD_LOCALGBPC,,,ES01016,PT,ES01016,135.27,135.27
2015,EU_XPD_LOCALGBPC,,,ES01016,PT,ES01016,136.92000000000002,63.08
2014,EU_XPD_LOCALGBPC,,,ES01016,PT,ES01016,106.11,93.89
2016,EU_XPD_LOCALGBPC,,,ES48018,PT,ES48018,110.0,110.0
2017,EU_XPD_LOCALGBPC,,,ES48018,PT,ES48018,127.06,127.06
2011,EU_XPD_LOCALGBPC,,,ES48018,PT,ES48018,175.98,175.98
2023,EU_XPD_LOCALGBPC,,,ES48018,PT,ES48018,105.67,94.33
2015,EU_XPD_LOCALGBPC,,,ES48018,PT,ES48018,117.36,82.64
2014,EU_XPD_LOCALGBPC,,,ES48018,PT,ES48018,112.88,112.88
2020,EU_XPD_LOCALGBPC,,,ES48018,PT,ES48018,113.85,86.15
2022,EU_XPD_LOCALGBPC,,,ES48018,PT,ES48018,105.24,105.24
2021,EU_XPD_LOCALGBPC,,,ES48018,PT,ES48018,101.35,98.65
2018,EU_XPD_LOCALGBPC,,,ES48018,PT,ES48018,105.29,105.29
2012,EU_XPD_LOCALGBPC,,,ES48018,PT,ES48018,129.27,129.27
2010,EU_XPD_LOCALGBPC,,,ES48018,PT,ES48018,107.28,107.28
2013,EU_XPD_LOCALGBPC,,,ES48018,PT,ES48018,111.4,111.4
2019,EU_XPD_LOCALGBPC,,,ES48018,PT,ES48018,113.37,86.63
2013,EU_XPD_LOCALGBPC,,,ES48019,PT,ES48019,100.15,99.85
2018,EU_XPD_LOCALGBPC,,,ES48019,PT,ES48019,113.0,113.0
2019,EU_XPD_LOCALGBPC,,,ES48019,PT,ES48019,106.49,106.49
2021,EU_XPD_LOCALGBPC,,,ES48019,PT,ES48019,101.27,101.27
2010,EU_XPD_LOCALGBPC,,,ES48019,PT,ES48019,123.7,123.7
2014,EU_XPD_LOCALGBPC,,,ES48019,PT,ES48019,108.0,108.0
2015,EU_XPD_LOCALGBPC,,,ES48019,PT,ES48019,107.56,107.56
2017,EU_XPD_LOCALGBPC,,,ES48019,PT,ES48019,105.5,105.5
2012,EU_XPD_LOCALGBPC,,,ES48019,PT,ES48019,120.03,120.03
2016,EU_XPD_LOCALGBPC,,,ES48019,PT,ES48019,132.8,132.8
2020,EU_XPD_LOCALGBPC,,,ES48019,PT,ES48019,112.21,87.79
2022,EU_XPD_LOCALGBPC,,,ES48019,PT,ES48019,114.84,114.84
2023,EU_XPD_LOCALGBPC,,,ES48019,PT,ES48019,122.15,122.15
2011,EU_XPD_LOCALGBPC,,,ES48019,PT,ES48019,122.79,122.79
2010,EU_XPD_LOCALGBPC,,,ES20023,PT,ES20023,141.45,141.45
2018,EU_XPD_LOCALGBPC,,,ES20023,PT,ES20023,112.9,87.1
2017,EU_XPD_LOCALGBPC,,,ES20023,PT,ES20023,107.06,107.06
2020,EU_XPD_LOCALGBPC,,,ES20023,PT,ES20023,102.84,102.84
2014,EU_XPD_LOCALGBPC,,,ES20023,PT,ES20023,120.09,120.09
2023,EU_XPD_LOCALGBPC,,,ES20023,PT,ES20023,109.11,109.11
2019,EU_XPD_LOCALGBPC,,,ES20023,PT,ES20023,101.6,98.4
2021,EU_XPD_LOCALGBPC,,,ES20023,PT,ES20023,105.04,105.04
2016,EU_XPD_LOCALGBPC,,,ES20023,PT,ES20023,114.11,114.11
2012,EU_XPD_LOCALGBPC,,,ES20023,PT,ES20023,111.68,111.68
2011,EU_XPD_LOCALGBPC,,,ES20023,PT,ES20023,102.06,97.94
2022,EU_XPD_LOCALGBPC,,,ES20023,PT,ES20023,115.21,115.21
2015,EU_XPD_LOCALGBPC,,,ES20023,PT,ES20023,108.66,91.34
2013,EU_XPD_LOCALGBPC,,,ES20023,PT,ES20023,105.12,105.12
2020,EU_XPD_LOCALGBPC,,,ES20024,PT,ES20024,131.5,131.5
2019,EU_XPD_LOCALGBPC,,,ES20024,PT,ES20024,102.17,102.17
2021,EU_XPD_LOCALGBPC,,,ES20024,PT,ES20024,112.83,112.83
2017,EU_XPD_LOCALGBPC,,,ES20024,PT,ES20024,105.07,94.93
2016,EU_XPD_LOCALGBPC,,,ES20024,PT,ES20024,105.52,105.52
2015,EU_XPD_LOCALGBPC,,,ES20024,PT,ES20024,111.35,111.35
2022,EU_XPD_LOCALGBPC,,,ES20024,PT,ES20024,103.72,103.72
2013,EU_XPD_LOCALGBPC,,,ES20024,PT,ES20024,101.41,101.41
2010,EU_XPD_LOCALGBPC,,,ES20024,PT,ES20024,117.15,117.15
2018,EU_XPD_LOCALGBPC,,,ES20024,PT,ES20024,102.53,97.47
2023,EU_XPD_LOCALGBPC,,,ES20024,PT,ES20024,111.85,111.85
2012,EU_XPD_LOCALGBPC,,,ES20024,PT,ES20024,100.37,100.37
2011,EU_XPD_LOCALGBPC,,,ES20024,PT,ES20024,100.72,100.72
2014,EU_XPD_LOCALGBPC,,,ES20024,PT,ES20024,108.13,108.13
2014,EU_XPD_LOCALGBPC,,,ES48020,PT,ES48020,105.01,94.99
2019,EU_XPD_LOCALGBPC,,,ES48020,PT,ES48020,101.64,98.36
2011,EU_XPD_LOCALGBPC,,,ES48020,PT,ES48020,100.79,100.79
2023,EU_XPD_LOCALGBPC,,,ES48020,PT,ES48020,101.16,98.84
2010,EU_XPD_LOCALGBPC,,,ES48020,PT,ES48020,110.75,110.75
2012,EU_XPD_LOCALGBPC,,,ES48020,PT,ES48020,104.78,95.22
2016,EU_XPD_LOCALGBPC,,,ES48020,PT,ES48020,109.55,90.45
2020,EU_XPD_LOCALGBPC,,,ES48020,PT,ES48020,106.7,93.3
2022,EU_XPD_LOCALGBPC,,,ES48020,PT,ES48020,102.26,97.74
2021,EU_XPD_LOCALGBPC,,,ES48020,PT,ES48020,102.98,97.02
2018,EU_XPD_LOCALGBPC,,,ES48020,PT,ES48020,103.77,96.23
2017,EU_XPD_LOCALGBPC,,,ES48020,PT,ES48020,102.55,97.45
2015,EU_XPD_LOCALGBPC,,,ES48020,PT,ES48020,106.08,93.92
2013,EU_XPD_LOCALGBPC,,,ES48020,PT,ES48020,103.85,96.15
2020,EU_XPD_LOCALGBPC,,,ES48021,PT,ES48021,110.69,89.31
2012,EU_XPD_LOCALGBPC,,,ES48021,PT,ES48021,123.19,123.19
2021,EU_XPD_LOCALGBPC,,,ES48021,PT,ES48021,110.76,89.24
2019,EU_XPD_LOCALGBPC,,,ES48021,PT,ES48021,116.73,116.73
2014,EU_XPD_LOCALGBPC,,,ES48021,PT,ES48021,105.43,105.43
2013,EU_XPD_LOCALGBPC,,,ES48021,PT,ES48021,110.35,110.35
2011,EU_XPD_LOCALGBPC,,,ES48021,PT,ES48021,101.01,98.99
2015,EU_XPD_LOCALGBPC,,,ES48021,PT,ES48021,108.34,108.34
2023,EU_XPD_LOCALGBPC,,,ES48021,PT,ES48021,100.02,100.02
2010,EU_XPD_LOCALGBPC,,,ES48021,PT,ES48021,116.58,116.58
2018,EU_XPD_LOCALGBPC,,,ES48021,PT,ES48021,115.55,84.45
2022,EU_XPD_LOCALGBPC,,,ES48021,PT,ES48021,115.86,115.86
2017,EU_XPD_LOCALGBPC,,,ES48021,PT,ES48021,102.32,97.68
2016,EU_XPD_LOCALGBPC,,,ES48021,PT,ES48021,109.85,109.85
2017,EU_XPD_LOCALGBPC,,,ES01017,PT,ES01017,111.51,111.51
2011,EU_XPD_LOCALGBPC,,,ES01017,PT,ES01017,105.63,105.63
2021,EU_XPD_LOCALGBPC,,,ES01017,PT,ES01017,135.63,64.37
2010,EU_XPD_LOCALGBPC,,,ES01017,PT,ES01017,150.71,150.71
2012,EU_XPD_LOCALGBPC,,,ES01017,PT,ES01017,109.81,109.81
2016,EU_XPD_LOCALGBPC,,,ES01017,PT,ES01017,123.59,76.41
2022,EU_XPD_LOCALGBPC,,,ES01017,PT,ES01017,149.25,149.25
2015,EU_XPD_LOCALGBPC,,,ES01017,PT,ES01017,103.57,103.57
2013,EU_XPD_LOCALGBPC,,,ES01017,PT,ES01017,122.18,122.18
2020,EU_XPD_LOCALGBPC,,,ES01017,PT,ES01017,128.28,71.72
2014,EU_XPD_LOCALGBPC,,,ES01017,PT,ES01017,100.86,100.86
2019,EU_XPD_LOCALGBPC,,,ES01017,PT,ES01017,120.48,79.52
2018,EU_XPD_LOCALGBPC,,,ES01017,PT,ES01017,123.03,76.97
2023,EU_XPD_LOCALGBPC,,,ES01017,PT,ES01017,139.9,139.9
2013,EU_XPD_LOCALGBPC,,,ES20029,PT,ES20029,112.12,112.12
2017,EU_XPD_LOCALGBPC,,,ES20029,PT,ES20029,103.32,103.32
2014,EU_XPD_LOCALGBPC,,,ES20029,PT,ES20029,119.53,119.53
2023,EU_XPD_LOCALGBPC,,,ES20029,PT,ES20029,115.27,115.27
2021,EU_XPD_LOCALGBPC,,,ES20029,PT,ES20029,102.16,102.16
2019,EU_XPD_LOCALGBPC,,,ES20029,PT,ES20029,122.16,122.16
2011,EU_XPD_LOCALGBPC,,,ES20029,PT,ES20029,122.59,122.59
2012,EU_XPD_LOCALGBPC,,,ES20029,PT,ES20029,100.63,99.37
2015,EU_XPD_LOCALGBPC,,,ES20029,PT,ES20029,132.72,132.72
2020,EU_XPD_LOCALGBPC,,,ES20029,PT,ES20029,106.14,106.14
2016,EU_XPD_LOCALGBPC,,,ES20029,PT,ES20029,102.64,97.36
2018,EU_XPD_LOCALGBPC,,,ES20029,PT,ES20029,108.96,108.96
2010,EU_XPD_LOCALGBPC,,,ES20029,PT,ES20029,143.17,143.17
2022,EU_XPD_LOCALGBPC,,,ES20029,PT,ES20029,114.51,114.51
2014,EU_XPD_LOCALGBPC,,,ES48901,PT,ES48901,103.99,96.01
2017,EU_XPD_LOCALGBPC,,,ES48901,PT,ES48901,107.33,107.33
2020,EU_XPD_LOCALGBPC,,,ES48901,PT,ES48901,105.33,94.67
2016,EU_XPD_LOCALGBPC,,,ES48901,PT,ES48901,110.02,110.02
2018,EU_XPD_LOCALGBPC,,,ES48901,PT,ES48901,105.61,105.61
2011,EU_XPD_LOCALGBPC,,,ES48901,PT,ES48901,126.78,126.78
2022,EU_XPD_LOCALGBPC,,,ES48901,PT,ES48901,114.9,114.9
2013,EU_XPD_LOCALGBPC,,,ES48901,PT,ES48901,100.55,99.45
2012,EU_XPD_LOCALGBPC,,,ES48901,PT,ES48901,101.51,101.51
2019,EU_XPD_LOCALGBPC,,,ES48901,PT,ES48901,105.86,105.86
2023,EU_XPD_LOCALGBPC,,,ES48901,PT,ES48901,105.88,105.88
2021,EU_XPD_LOCALGBPC,,,ES48901,PT,ES48901,118.58,118.58
2015,EU_XPD_LOCALGBPC,,,ES48901,PT,ES48901,122.99,77.01
2010,EU_XPD_LOCALGBPC,,,ES48901,PT,ES48901,128.66,128.66
2021,EU_XPD_LOCALGBPC,,,ES48026,PT,ES48026,107.41,107.41
2022,EU_XPD_LOCALGBPC,,,ES48026,PT,ES48026,137.66,137.66
2018,EU_XPD_LOCALGBPC,,,ES48026,PT,ES48026,111.21,111.21
2014,EU_XPD_LOCALGBPC,,,ES48026,PT,ES48026,171.1,171.1
2015,EU_XPD_LOCALGBPC,,,ES48026,PT,ES48026,120.53,120.53
2023,EU_XPD_LOCALGBPC,,,ES48026,PT,ES48026,139.25,139.25
2011,EU_XPD_LOCALGBPC,,,ES48026,PT,ES48026,135.42,135.42
2010,EU_XPD_LOCALGBPC,,,ES48026,PT,ES48026,131.49,131.49
2019,EU_XPD_LOCALGBPC,,,ES48026,PT,ES48026,104.45,104.45
2012,EU_XPD_LOCALGBPC,,,ES48026,PT,ES48026,145.63,145.63
2016,EU_XPD_LOCALGBPC,,,ES48026,PT,ES48026,121.67,121.67
2020,EU_XPD_LOCALGBPC,,,ES48026,PT,ES48026,101.25,98.75
2017,EU_XPD_LOCALGBPC,,,ES48026,PT,ES48026,122.28,122.28
2013,EU_XPD_LOCALGBPC,,,ES48026,PT,ES48026,149.53,149.53
2012,EU_XPD_LOCALGBPC,,,ES20069,PT,ES20069,117.26,82.74
2022,EU_XPD_LOCALGBPC,,,ES20069,PT,ES20069,101.28,98.72
2013,EU_XPD_LOCALGBPC,,,ES20069,PT,ES20069,107.08,92.92
2017,EU_XPD_LOCALGBPC,,,ES20069,PT,ES20069,113.98,86.02
2010,EU_XPD_LOCALGBPC,,,ES20069,PT,ES20069,106.28,106.28
2018,EU_XPD_LOCALGBPC,,,ES20069,PT,ES20069,111.29,88.71
2015,EU_XPD_LOCALGBPC,,,ES20069,PT,ES20069,120.35,79.65
2016,EU_XPD_LOCALGBPC,,,ES20069,PT,ES20069,100.63,100.63
2019,EU_XPD_LOCALGBPC,,,ES20069,PT,ES20069,103.7,96.3
2023,EU_XPD_LOCALGBPC,,,ES20069,PT,ES20069,104.32,95.68
2021,EU_XPD_LOCALGBPC,,,ES20069,PT,ES20069,109.13,109.13
2011,EU_XPD_LOCALGBPC,,,ES20069,PT,ES20069,100.52,100.52
2020,EU_XPD_LOCALGBPC,,,ES20069,PT,ES20069,103.9,96.1
2014,EU_XPD_LOCALGBPC,,,ES20069,PT,ES20069,119.52,80.48
2012,EU_XPD_LOCALGBPC,,,ES48027,PT,ES48027,113.98,86.02
2015,EU_XPD_LOCALGBPC,,,ES48027,PT,ES48027,101.99,98.01
2018,EU_XPD_LOCALGBPC,,,ES48027,PT,ES48027,103.45,103.45
2019,EU_XPD_LOCALGBPC,,,ES48027,PT,ES48027,102.06,102.06
2021,EU_XPD_LOCALGBPC,,,ES48027,PT,ES48027,105.79,94.21
2010,EU_XPD_LOCALGBPC,,,ES48027,PT,ES48027,100.66,100.66
2017,EU_XPD_LOCALGBPC,,,ES48027,PT,ES48027,105.87,105.87
2023,EU_XPD_LOCALGBPC,,,ES48027,PT,ES48027,103.15,103.15
2011,EU_XPD_LOCALGBPC,,,ES48027,PT,ES48027,101.38,101.38
2014,EU_XPD_LOCALGBPC,,,ES48027,PT,ES48027,108.37,108.37
2016,EU_XPD_LOCALGBPC,,,ES48027,PT,ES48027,106.15,106.15
2020,EU_XPD_LOCALGBPC,,,ES48027,PT,ES48027,111.83,88.17
2022,EU_XPD_LOCALGBPC,,,ES48027,PT,ES48027,102.19,97.81
2013,EU_XPD_LOCALGBPC,,,ES48027,PT,ES48027,111.03,111.03
2019,EU_XPD_LOCALGBPC,,,ES48028,PT,ES48028,131.72,131.72
2016,EU_XPD_LOCALGBPC,,,ES48028,PT,ES48028,135.86,135.86
2021,EU_XPD_LOCALGBPC,,,ES48028,PT,ES48028,136.52,136.52
2011,EU_XPD_LOCALGBPC,,,ES48028,PT,ES48028,138.58,138.58
2015,EU_XPD_LOCALGBPC,,,ES48028,PT,ES48028,107.77,92.23
2013,EU_XPD_LOCALGBPC,,,ES48028,PT,ES48028,145.37,145.37
2010,EU_XPD_LOCALGBPC,,,ES48028,PT,ES48028,258.18,258.18
2012,EU_XPD_LOCALGBPC,,,ES48028,PT,ES48028,248.61,248.61
2014,EU_XPD_LOCALGBPC,,,ES48028,PT,ES48028,111.05,111.05
2018,EU_XPD_LOCALGBPC,,,ES48028,PT,ES48028,124.02,124.02
2020,EU_XPD_LOCALGBPC,,,ES48028,PT,ES48028,119.32,119.32
2022,EU_XPD_LOCALGBPC,,,ES48028,PT,ES48028,168.14,168.14
2017,EU_XPD_LOCALGBPC,,,ES48028,PT,ES48028,134.64,134.64
2023,EU_XPD_LOCALGBPC,,,ES48028,PT,ES48028,177.23,177.23
2017,EU_XPD_LOCALGBPC,,,ES20030,PT,ES20030,113.04,86.96
2013,EU_XPD_LOCALGBPC,,,ES20030,PT,ES20030,101.17,98.83
2021,EU_XPD_LOCALGBPC,,,ES20030,PT,ES20030,113.09,86.91
2022,EU_XPD_LOCALGBPC,,,ES20030,PT,ES20030,102.21,97.79
2020,EU_XPD_LOCALGBPC,,,ES20030,PT,ES20030,114.67,85.33
2023,EU_XPD_LOCALGBPC,,,ES20030,PT,ES20030,110.08,89.92
2016,EU_XPD_LOCALGBPC,,,ES20030,PT,ES20030,111.07,88.93
2019,EU_XPD_LOCALGBPC,,,ES20030,PT,ES20030,103.48,96.52
2012,EU_XPD_LOCALGBPC,,,ES20030,PT,ES20030,105.95,94.05
2011,EU_XPD_LOCALGBPC,,,ES20030,PT,ES20030,116.87,116.87
2014,EU_XPD_LOCALGBPC,,,ES20030,PT,ES20030,104.62,95.38
2018,EU_XPD_LOCALGBPC,,,ES20030,PT,ES20030,106.1,93.9
2010,EU_XPD_LOCALGBPC,,,ES20030,PT,ES20030,109.92,109.92
2015,EU_XPD_LOCALGBPC,,,ES20030,PT,ES20030,107.59,92.41
2014,EU_XPD_LOCALGBPC,,,ES48031,PT,ES48031,111.01,88.99
2023,EU_XPD_LOCALGBPC,,,ES48031,PT,ES48031,122.2,122.2
2019,EU_XPD_LOCALGBPC,,,ES48031,PT,ES48031,120.92,120.92
2021,EU_XPD_LOCALGBPC,,,ES48031,PT,ES48031,115.57,115.57
2012,EU_XPD_LOCALGBPC,,,ES48031,PT,ES48031,128.17,128.17
2016,EU_XPD_LOCALGBPC,,,ES48031,PT,ES48031,123.13,123.13
2020,EU_XPD_LOCALGBPC,,,ES48031,PT,ES48031,110.8,110.8
2022,EU_XPD_LOCALGBPC,,,ES48031,PT,ES48031,197.1,197.1
2017,EU_XPD_LOCALGBPC,,,ES48031,PT,ES48031,122.49,122.49
2010,EU_XPD_LOCALGBPC,,,ES48031,PT,ES48031,203.24,203.24
2013,EU_XPD_LOCALGBPC,,,ES48031,PT,ES48031,125.04,125.04
2015,EU_XPD_LOCALGBPC,,,ES48031,PT,ES48031,107.2,92.8
2011,EU_XPD_LOCALGBPC,,,ES48031,PT,ES48031,102.45,97.55
2018,EU_XPD_LOCALGBPC,,,ES48031,PT,ES48031,126.29,126.29
2017,EU_XPD_LOCALGBPC,,,ES01021,PT,ES01021,197.71,197.71
2019,EU_XPD_LOCALGBPC,,,ES01021,PT,ES01021,108.47,91.53
2010,EU_XPD_LOCALGBPC,,,ES01021,PT,ES01021,107.51,92.49
2012,EU_XPD_LOCALGBPC,,,ES01021,PT,ES01021,116.75,116.75
2014,EU_XPD_LOCALGBPC,,,ES01021,PT,ES01021,105.57,105.57
2018,EU_XPD_LOCALGBPC,,,ES01021,PT,ES01021,103.39,96.61
2020,EU_XPD_LOCALGBPC,,,ES01021,PT,ES01021,130.87,69.13
2022,EU_XPD_LOCALGBPC,,,ES01021,PT,ES01021,110.81,110.81
2021,EU_XPD_LOCALGBPC,,,ES01021,PT,ES01021,101.81,98.19
2013,EU_XPD_LOCALGBPC,,,ES01021,PT,ES01021,106.98,93.02
2011,EU_XPD_LOCALGBPC,,,ES01021,PT,ES01021,100.67,100.67
2016,EU_XPD_LOCALGBPC,,,ES01021,PT,ES01021,105.31,105.31
2015,EU_XPD_LOCALGBPC,,,ES01021,PT,ES01021,115.64,115.64
2023,EU_XPD_LOCALGBPC,,,ES01021,PT,ES01021,103.89,96.11
2015,EU_XPD_LOCALGBPC,,,ES01022,PT,ES01022,103.23,103.23
2022,EU_XPD_LOCALGBPC,,,ES01022,PT,ES01022,106.44,93.56
2014,EU_XPD_LOCALGBPC,,,ES01022,PT,ES01022,108.93,91.07
2020,EU_XPD_LOCALGBPC,,,ES01022,PT,ES01022,106.3,106.3
2019,EU_XPD_LOCALGBPC,,,ES01022,PT,ES01022,185.29,185.29
2023,EU_XPD_LOCALGBPC,,,ES01022,PT,ES01022,105.82,94.18
2021,EU_XPD_LOCALGBPC,,,ES01022,PT,ES01022,106.8,93.2
2011,EU_XPD_LOCALGBPC,,,ES01022,PT,ES01022,105.35,105.35
2012,EU_XPD_LOCALGBPC,,,ES01022,PT,ES01022,108.02,108.02
2016,EU_XPD_LOCALGBPC,,,ES01022,PT,ES01022,135.15,64.85
2013,EU_XPD_LOCALGBPC,,,ES01022,PT,ES01022,104.17,104.17
2017,EU_XPD_LOCALGBPC,,,ES01022,PT,ES01022,121.68,121.68
2018,EU_XPD_LOCALGBPC,,,ES01022,PT,ES01022,102.37,97.63
2010,EU_XPD_LOCALGBPC,,,ES01022,PT,ES01022,147.24,147.24
2014,EU_XPD_LOCALGBPC,,,ES20031,PT,ES20031,102.07,102.07
2016,EU_XPD_LOCALGBPC,,,ES20031,PT,ES20031,105.19,94.81
2015,EU_XPD_LOCALGBPC,,,ES20031,PT,ES20031,112.69,87.31
2012,EU_XPD_LOCALGBPC,,,ES20031,PT,ES20031,101.16,98.84
2022,EU_XPD_LOCALGBPC,,,ES20031,PT,ES20031,127.23,127.23
2019,EU_XPD_LOCALGBPC,,,ES20031,PT,ES20031,132.74,67.26
2018,EU_XPD_LOCALGBPC,,,ES20031,PT,ES20031,115.34,84.66
2013,EU_XPD_LOCALGBPC,,,ES20031,PT,ES20031,105.13,105.13
2017,EU_XPD_LOCALGBPC,,,ES20031,PT,ES20031,107.16,92.84
2010,EU_XPD_LOCALGBPC,,,ES20031,PT,ES20031,106.27,93.73
2011,EU_XPD_LOCALGBPC,,,ES20031,PT,ES20031,102.88,102.88
2021,EU_XPD_LOCALGBPC,,,ES20031,PT,ES20031,110.53,89.47
2020,EU_XPD_LOCALGBPC,,,ES20031,PT,ES20031,127.37,72.63
2023,EU_XPD_LOCALGBPC,,,ES20033,PT,ES20033,102.53,97.47
2022,EU_XPD_LOCALGBPC,,,ES20033,PT,ES20033,110.09,110.09
2010,EU_XPD_LOCALGBPC,,,ES20033,PT,ES20033,123.2,123.2
2014,EU_XPD_LOCALGBPC,,,ES20033,PT,ES20033,106.76,93.24
2021,EU_XPD_LOCALGBPC,,,ES20033,PT,ES20033,101.01,98.99
2015,EU_XPD_LOCALGBPC,,,ES20033,PT,ES20033,112.77,87.23
2020,EU_XPD_LOCALGBPC,,,ES20033,PT,ES20033,113.45,86.55
2017,EU_XPD_LOCALGBPC,,,ES20033,PT,ES20033,103.93,96.07
2016,EU_XPD_LOCALGBPC,,,ES20033,PT,ES20033,103.07,96.93
2019,EU_XPD_LOCALGBPC,,,ES20033,PT,ES20033,110.82,110.82
2011,EU_XPD_LOCALGBPC,,,ES20033,PT,ES20033,134.4,134.4
2012,EU_XPD_LOCALGBPC,,,ES20033,PT,ES20033,105.33,105.33
2013,EU_XPD_LOCALGBPC,,,ES20033,PT,ES20033,121.36,121.36
2018,EU_XPD_LOCALGBPC,,,ES20033,PT,ES20033,106.27,106.27
2017,EU_XPD_LOCALGBPC,,,ES20032,PT,ES20032,111.27,88.73
2012,EU_XPD_LOCALGBPC,,,ES20032,PT,ES20032,106.47,93.53
2016,EU_XPD_LOCALGBPC,,,ES20032,PT,ES20032,107.69,92.31
2013,EU_XPD_LOCALGBPC,,,ES20032,PT,ES20032,103.74,103.74
2018,EU_XPD_LOCALGBPC,,,ES20032,PT,ES20032,108.99,91.01
2010,EU_XPD_LOCALGBPC,,,ES20032,PT,ES20032,116.74,116.74
2011,EU_XPD_LOCALGBPC,,,ES20032,PT,ES20032,105.05,105.05
2022,EU_XPD_LOCALGBPC,,,ES20032,PT,ES20032,105.06,94.94
2015,EU_XPD_LOCALGBPC,,,ES20032,PT,ES20032,105.67,105.67
2019,EU_XPD_LOCALGBPC,,,ES20032,PT,ES20032,100.26,100.26
2014,EU_XPD_LOCALGBPC,,,ES20032,PT,ES20032,100.77,99.23
2020,EU_XPD_LOCALGBPC,,,ES20032,PT,ES20032,111.42,88.58
2021,EU_XPD_LOCALGBPC,,,ES20032,PT,ES20032,103.4,103.4
2023,EU_XPD_LOCALGBPC,,,ES20032,PT,ES20032,101.76,101.76
2014,EU_XPD_LOCALGBPC,,,ES48032,PT,ES48032,116.73,116.73
2015,EU_XPD_LOCALGBPC,,,ES48032,PT,ES48032,103.49,103.49
2011,EU_XPD_LOCALGBPC,,,ES48032,PT,ES48032,115.58,115.58
2019,EU_XPD_LOCALGBPC,,,ES48032,PT,ES48032,103.31,103.31
2021,EU_XPD_LOCALGBPC,,,ES48032,PT,ES48032,113.37,113.37
2013,EU_XPD_LOCALGBPC,,,ES48032,PT,ES48032,108.58,108.58
2010,EU_XPD_LOCALGBPC,,,ES48032,PT,ES48032,133.83,133.83
2012,EU_XPD_LOCALGBPC,,,ES48032,PT,ES48032,116.63,116.63
2018,EU_XPD_LOCALGBPC,,,ES48032,PT,ES48032,105.5,94.5
2020,EU_XPD_LOCALGBPC,,,ES48032,PT,ES48032,112.48,87.52
2022,EU_XPD_LOCALGBPC,,,ES48032,PT,ES48032,103.43,103.43
2016,EU_XPD_LOCALGBPC,,,ES48032,PT,ES48032,100.42,100.42
2023,EU_XPD_LOCALGBPC,,,ES48032,PT,ES48032,119.15,119.15
2017,EU_XPD_LOCALGBPC,,,ES48032,PT,ES48032,100.65,100.65
2019,EU_XPD_LOCALGBPC,,,ES01023,PT,ES01023,126.93,126.93
2017,EU_XPD_LOCALGBPC,,,ES01023,PT,ES01023,249.81,249.81
2011,EU_XPD_LOCALGBPC,,,ES01023,PT,ES01023,100.6,99.4
2022,EU_XPD_LOCALGBPC,,,ES01023,PT,ES01023,100.28,99.72
2012,EU_XPD_LOCALGBPC,,,ES01023,PT,ES01023,348.88,348.88
2015,EU_XPD_LOCALGBPC,,,ES01023,PT,ES01023,116.26,116.26
2018,EU_XPD_LOCALGBPC,,,ES01023,PT,ES01023,134.97,134.97
2020,EU_XPD_LOCALGBPC,,,ES01023,PT,ES01023,104.47,95.53
2023,EU_XPD_LOCALGBPC,,,ES01023,PT,ES01023,114.48,85.52
2021,EU_XPD_LOCALGBPC,,,ES01023,PT,ES01023,111.0,111.0
2014,EU_XPD_LOCALGBPC,,,ES01023,PT,ES01023,124.95,124.95
2016,EU_XPD_LOCALGBPC,,,ES01023,PT,ES01023,109.16,109.16
2010,EU_XPD_LOCALGBPC,,,ES01023,PT,ES01023,123.75,76.25
2013,EU_XPD_LOCALGBPC,,,ES01023,PT,ES01023,101.06,101.06
2019,EU_XPD_LOCALGBPC,,,ES48902,PT,ES48902,112.78,112.78
2021,EU_XPD_LOCALGBPC,,,ES48902,PT,ES48902,103.53,103.53
2022,EU_XPD_LOCALGBPC,,,ES48902,PT,ES48902,101.16,101.16
2023,EU_XPD_LOCALGBPC,,,ES48902,PT,ES48902,103.88,103.88
2020,EU_XPD_LOCALGBPC,,,ES48902,PT,ES48902,100.55,100.55
2016,EU_XPD_LOCALGBPC,,,ES48902,PT,ES48902,100.49,100.49
2014,EU_XPD_LOCALGBPC,,,ES48902,PT,ES48902,105.34,94.66
2012,EU_XPD_LOCALGBPC,,,ES48902,PT,ES48902,104.79,95.21
2010,EU_XPD_LOCALGBPC,,,ES48902,PT,ES48902,100.64,99.36
2018,EU_XPD_LOCALGBPC,,,ES48902,PT,ES48902,104.93,104.93
2011,EU_XPD_LOCALGBPC,,,ES48902,PT,ES48902,106.76,93.24
2017,EU_XPD_LOCALGBPC,,,ES48902,PT,ES48902,100.9,99.1
2015,EU_XPD_LOCALGBPC,,,ES48902,PT,ES48902,103.09,103.09
2013,EU_XPD_LOCALGBPC,,,ES48902,PT,ES48902,101.71,98.29
2010,EU_XPD_LOCALGBPC,,,ES48033,PT,ES48033,150.15,150.15
2019,EU_XPD_LOCALGBPC,,,ES48033,PT,ES48033,122.71,122.71
2018,EU_XPD_LOCALGBPC,,,ES48033,PT,ES48033,106.18,106.18
2013,EU_XPD_LOCALGBPC,,,ES48033,PT,ES48033,100.33,100.33
2011,EU_XPD_LOCALGBPC,,,ES48033,PT,ES48033,126.21,73.79
2023,EU_XPD_LOCALGBPC,,,ES48033,PT,ES48033,132.04000000000002,67.96
2015,EU_XPD_LOCALGBPC,,,ES48033,PT,ES48033,114.14,114.14
2021,EU_XPD_LOCALGBPC,,,ES48033,PT,ES48033,108.95,91.05
2017,EU_XPD_LOCALGBPC,,,ES48033,PT,ES48033,103.8,96.2
2012,EU_XPD_LOCALGBPC,,,ES48033,PT,ES48033,116.28,83.72
2014,EU_XPD_LOCALGBPC,,,ES48033,PT,ES48033,113.88,86.12
2016,EU_XPD_LOCALGBPC,,,ES48033,PT,ES48033,122.41,77.59
2020,EU_XPD_LOCALGBPC,,,ES48033,PT,ES48033,109.31,90.69
2022,EU_XPD_LOCALGBPC,,,ES48033,PT,ES48033,142.12,57.88
2011,EU_XPD_LOCALGBPC,,,ES48034,PT,ES48034,105.93,105.93
2010,EU_XPD_LOCALGBPC,,,ES48034,PT,ES48034,123.19,123.19
2014,EU_XPD_LOCALGBPC,,,ES48034,PT,ES48034,112.56,112.56
2015,EU_XPD_LOCALGBPC,,,ES48034,PT,ES48034,112.34,112.34
2013,EU_XPD_LOCALGBPC,,,ES48034,PT,ES48034,113.3,113.3
2021,EU_XPD_LOCALGBPC,,,ES48034,PT,ES48034,102.33,102.33
2017,EU_XPD_LOCALGBPC,,,ES48034,PT,ES48034,101.28,101.28
2019,EU_XPD_LOCALGBPC,,,ES48034,PT,ES48034,104.91,95.09
2012,EU_XPD_LOCALGBPC,,,ES48034,PT,ES48034,115.02,115.02
2016,EU_XPD_LOCALGBPC,,,ES48034,PT,ES48034,108.0,108.0
2018,EU_XPD_LOCALGBPC,,,ES48034,PT,ES48034,107.27,92.73
2020,EU_XPD_LOCALGBPC,,,ES48034,PT,ES48034,101.23,101.23
2022,EU_XPD_LOCALGBPC,,,ES48034,PT,ES48034,108.19,108.19
2023,EU_XPD_LOCALGBPC,,,ES48034,PT,ES48034,102.41,102.41
2018,EU_XPD_LOCALGBPC,,,ES20067,PT,ES20067,102.31,102.31
2021,EU_XPD_LOCALGBPC,,,ES20067,PT,ES20067,107.32,92.68
2013,EU_XPD_LOCALGBPC,,,ES20067,PT,ES20067,103.04,96.96
2014,EU_XPD_LOCALGBPC,,,ES20067,PT,ES20067,106.97,93.03
2011,EU_XPD_LOCALGBPC,,,ES20067,PT,ES20067,102.31,97.69
2022,EU_XPD_LOCALGBPC,,,ES20067,PT,ES20067,101.07,101.07
2015,EU_XPD_LOCALGBPC,,,ES20067,PT,ES20067,103.77,96.23
2016,EU_XPD_LOCALGBPC,,,ES20067,PT,ES20067,109.58,90.42
2020,EU_XPD_LOCALGBPC,,,ES20067,PT,ES20067,102.39,97.61
2010,EU_XPD_LOCALGBPC,,,ES20067,PT,ES20067,108.07,91.93
2012,EU_XPD_LOCALGBPC,,,ES20067,PT,ES20067,105.97,94.03
2019,EU_XPD_LOCALGBPC,,,ES20067,PT,ES20067,100.0,100.0
2017,EU_XPD_LOCALGBPC,,,ES20067,PT,ES20067,109.0,91.0
2023,EU_XPD_LOCALGBPC,,,ES20067,PT,ES20067,102.04,102.04
2015,EU_XPD_LOCALGBPC,,,ES20066,PT,ES20066,107.72,107.72
2019,EU_XPD_LOCALGBPC,,,ES20066,PT,ES20066,112.31,112.31
2011,EU_XPD_LOCALGBPC,,,ES20066,PT,ES20066,101.61,98.39
2023,EU_XPD_LOCALGBPC,,,ES20066,PT,ES20066,107.22,92.78
2010,EU_XPD_LOCALGBPC,,,ES20066,PT,ES20066,100.73,99.27
2013,EU_XPD_LOCALGBPC,,,ES20066,PT,ES20066,103.32,96.68
2021,EU_XPD_LOCALGBPC,,,ES20066,PT,ES20066,106.76,106.76
2022,EU_XPD_LOCALGBPC,,,ES20066,PT,ES20066,100.38,100.38
2020,EU_XPD_LOCALGBPC,,,ES20066,PT,ES20066,105.37,94.63
2012,EU_XPD_LOCALGBPC,,,ES20066,PT,ES20066,103.88,96.12
2016,EU_XPD_LOCALGBPC,,,ES20066,PT,ES20066,113.29,113.29
2014,EU_XPD_LOCALGBPC,,,ES20066,PT,ES20066,103.37,96.63
2017,EU_XPD_LOCALGBPC,,,ES20066,PT,ES20066,114.24,114.24
2018,EU_XPD_LOCALGBPC,,,ES20066,PT,ES20066,108.96,108.96
2022,EU_XPD_LOCALGBPC,,,ES01046,PT,ES01046,110.55,89.45
2016,EU_XPD_LOCALGBPC,,,ES01046,PT,ES01046,106.65,106.65
2018,EU_XPD_LOCALGBPC,,,ES01046,PT,ES01046,103.67,96.33
2013,EU_XPD_LOCALGBPC,,,ES01046,PT,ES01046,105.93,94.07
2014,EU_XPD_LOCALGBPC,,,ES01046,PT,ES01046,126.23,73.77
2020,EU_XPD_LOCALGBPC,,,ES01046,PT,ES01046,136.88,63.12
2012,EU_XPD_LOCALGBPC,,,ES01046,PT,ES01046,104.99,104.99
2021,EU_XPD_LOCALGBPC,,,ES01046,PT,ES01046,130.36,69.64
2023,EU_XPD_LOCALGBPC,,,ES01046,PT,ES01046,131.34,131.34
2017,EU_XPD_LOCALGBPC,,,ES01046,PT,ES01046,100.5,100.5
2010,EU_XPD_LOCALGBPC,,,ES01046,PT,ES01046,138.1,138.1
2015,EU_XPD_LOCALGBPC,,,ES01046,PT,ES01046,119.55,119.55
2011,EU_XPD_LOCALGBPC,,,ES01046,PT,ES01046,198.01,198.01
2019,EU_XPD_LOCALGBPC,,,ES01046,PT,ES01046,118.36,81.64
2011,EU_XPD_LOCALGBPC,,,ES48079,PT,ES48079,112.79,87.21
2019,EU_XPD_LOCALGBPC,,,ES48079,PT,ES48079,135.45,135.45
2023,EU_XPD_LOCALGBPC,,,ES48079,PT,ES48079,162.16,162.16
2012,EU_XPD_LOCALGBPC,,,ES48079,PT,ES48079,141.25,58.75
2020,EU_XPD_LOCALGBPC,,,ES48079,PT,ES48079,105.37,94.63
2016,EU_XPD_LOCALGBPC,,,ES48079,PT,ES48079,138.1,138.1
2015,EU_XPD_LOCALGBPC,,,ES48079,PT,ES48079,154.35,154.35
2017,EU_XPD_LOCALGBPC,,,ES48079,PT,ES48079,100.91,100.91
2010,EU_XPD_LOCALGBPC,,,ES48079,PT,ES48079,147.19,147.19
2021,EU_XPD_LOCALGBPC,,,ES48079,PT,ES48079,101.59,98.41
2014,EU_XPD_LOCALGBPC,,,ES48079,PT,ES48079,103.56,96.44
2013,EU_XPD_LOCALGBPC,,,ES48079,PT,ES48079,100.2,100.2
2022,EU_XPD_LOCALGBPC,,,ES48079,PT,ES48079,110.62,110.62
2018,EU_XPD_LOCALGBPC,,,ES48079,PT,ES48079,128.68,128.68
2020,EU_XPD_LOCALGBPC,,,ES20034,PT,ES20034,114.72,85.28
2012,EU_XPD_LOCALGBPC,,,ES20034,PT,ES20034,106.34,106.34
2021,EU_XPD_LOCALGBPC,,,ES20034,PT,ES20034,100.43,100.43
2010,EU_XPD_LOCALGBPC,,,ES20034,PT,ES20034,119.41,119.41
2017,EU_XPD_LOCALGBPC,,,ES20034,PT,ES20034,105.84,105.84
2014,EU_XPD_LOCALGBPC,,,ES20034,PT,ES20034,117.4,117.4
2011,EU_XPD_LOCALGBPC,,,ES20034,PT,ES20034,106.54,106.54
2015,EU_XPD_LOCALGBPC,,,ES20034,PT,ES20034,107.6,107.6
2019,EU_XPD_LOCALGBPC,,,ES20034,PT,ES20034,115.68,115.68
2016,EU_XPD_LOCALGBPC,,,ES20034,PT,ES20034,104.69,104.69
2018,EU_XPD_LOCALGBPC,,,ES20034,PT,ES20034,104.33,104.33
2013,EU_XPD_LOCALGBPC,,,ES20034,PT,ES20034,120.8,120.8
2023,EU_XPD_LOCALGBPC,,,ES20034,PT,ES20034,125.03,74.97
2022,EU_XPD_LOCALGBPC,,,ES20034,PT,ES20034,108.55,108.55
2015,EU_XPD_LOCALGBPC,,,ES48029,PT,ES48029,109.75,109.75
2010,EU_XPD_LOCALGBPC,,,ES48029,PT,ES48029,102.31,102.31
2017,EU_XPD_LOCALGBPC,,,ES48029,PT,ES48029,100.38,99.62
2011,EU_XPD_LOCALGBPC,,,ES48029,PT,ES48029,101.22,98.78
2014,EU_XPD_LOCALGBPC,,,ES48029,PT,ES48029,100.27,100.27
2018,EU_XPD_LOCALGBPC,,,ES48029,PT,ES48029,100.17,100.17
2013,EU_XPD_LOCALGBPC,,,ES48029,PT,ES48029,102.88,97.12
2021,EU_XPD_LOCALGBPC,,,ES48029,PT,ES48029,105.11,105.11
2019,EU_XPD_LOCALGBPC,,,ES48029,PT,ES48029,100.16,100.16
2023,EU_XPD_LOCALGBPC,,,ES48029,PT,ES48029,113.28,113.28
2012,EU_XPD_LOCALGBPC,,,ES48029,PT,ES48029,109.02,90.98
2016,EU_XPD_LOCALGBPC,,,ES48029,PT,ES48029,103.18,103.18
2020,EU_XPD_LOCALGBPC,,,ES48029,PT,ES48029,103.38,96.62
2022,EU_XPD_LOCALGBPC,,,ES48029,PT,ES48029,115.7,115.7
2012,EU_XPD_LOCALGBPC,,,ES48030,PT,ES48030,129.08,129.08
2017,EU_XPD_LOCALGBPC,,,ES48030,PT,ES48030,112.93,112.93
2013,EU_XPD_LOCALGBPC,,,ES48030,PT,ES48030,105.57,105.57
2023,EU_XPD_LOCALGBPC,,,ES48030,PT,ES48030,102.48,102.48
2011,EU_XPD_LOCALGBPC,,,ES48030,PT,ES48030,113.18,113.18
2010,EU_XPD_LOCALGBPC,,,ES48030,PT,ES48030,149.42,149.42
2014,EU_XPD_LOCALGBPC,,,ES48030,PT,ES48030,104.66,104.66
2018,EU_XPD_LOCALGBPC,,,ES48030,PT,ES48030,121.92,121.92
2020,EU_XPD_LOCALGBPC,,,ES48030,PT,ES48030,128.57999999999998,71.42
2022,EU_XPD_LOCALGBPC,,,ES48030,PT,ES48030,107.09,107.09
2015,EU_XPD_LOCALGBPC,,,ES48030,PT,ES48030,108.95,108.95
2016,EU_XPD_LOCALGBPC,,,ES48030,PT,ES48030,112.27,112.27
2021,EU_XPD_LOCALGBPC,,,ES48030,PT,ES48030,108.95,108.95
2019,EU_XPD_LOCALGBPC,,,ES48030,PT,ES48030,104.47,104.47
2014,EU_XPD_LOCALGBPC,,,ES20035,PT,ES20035,131.06,131.06
2011,EU_XPD_LOCALGBPC,,,ES20035,PT,ES20035,136.55,63.45
2010,EU_XPD_LOCALGBPC,,,ES20035,PT,ES20035,100.77,100.77
2021,EU_XPD_LOCALGBPC,,,ES20035,PT,ES20035,152.71,152.71
2018,EU_XPD_LOCALGBPC,,,ES20035,PT,ES20035,100.66,99.34
2019,EU_XPD_LOCALGBPC,,,ES20035,PT,ES20035,111.52,111.52
2023,EU_XPD_LOCALGBPC,,,ES20035,PT,ES20035,100.67,100.67
2017,EU_XPD_LOCALGBPC,,,ES20035,PT,ES20035,106.69,93.31
2015,EU_XPD_LOCALGBPC,,,ES20035,PT,ES20035,100.0,100.0
2012,EU_XPD_LOCALGBPC,,,ES20035,PT,ES20035,107.87,107.87
2013,EU_XPD_LOCALGBPC,,,ES20035,PT,ES20035,111.67,111.67
2016,EU_XPD_LOCALGBPC,,,ES20035,PT,ES20035,146.07,146.07
2020,EU_XPD_LOCALGBPC,,,ES20035,PT,ES20035,105.56,105.56
2022,EU_XPD_LOCALGBPC,,,ES20035,PT,ES20035,112.91,112.91
2010,EU_XPD_LOCALGBPC,,,ES48906,PT,ES48906,149.88,149.88
2011,EU_XPD_LOCALGBPC,,,ES48906,PT,ES48906,144.24,144.24
2013,EU_XPD_LOCALGBPC,,,ES48906,PT,ES48906,111.07,111.07
2020,EU_XPD_LOCALGBPC,,,ES48906,PT,ES48906,125.8,74.2
2014,EU_XPD_LOCALGBPC,,,ES48906,PT,ES48906,117.06,117.06
2012,EU_XPD_LOCALGBPC,,,ES48906,PT,ES48906,109.09,109.09
2016,EU_XPD_LOCALGBPC,,,ES48906,PT,ES48906,108.41,108.41
2018,EU_XPD_LOCALGBPC,,,ES48906,PT,ES48906,107.01,92.99
2022,EU_XPD_LOCALGBPC,,,ES48906,PT,ES48906,119.16,119.16
2019,EU_XPD_LOCALGBPC,,,ES48906,PT,ES48906,110.53,89.47
2017,EU_XPD_LOCALGBPC,,,ES48906,PT,ES48906,114.26,114.26
2015,EU_XPD_LOCALGBPC,,,ES48906,PT,ES48906,105.24,105.24
2021,EU_XPD_LOCALGBPC,,,ES48906,PT,ES48906,103.11,96.89
2020,EU_XPD_LOCALGBPC,,,ES48035,PT,ES48035,125.32,74.68
2012,EU_XPD_LOCALGBPC,,,ES48035,PT,ES48035,105.04,105.04
2017,EU_XPD_LOCALGBPC,,,ES48035,PT,ES48035,106.27,106.27
2015,EU_XPD_LOCALGBPC,,,ES48035,PT,ES48035,103.47,103.47
2023,EU_XPD_LOCALGBPC,,,ES48035,PT,ES48035,107.38,107.38
2013,EU_XPD_LOCALGBPC,,,ES48035,PT,ES48035,123.8,123.8
2021,EU_XPD_LOCALGBPC,,,ES48035,PT,ES48035,112.25,87.75
2010,EU_XPD_LOCALGBPC,,,ES48035,PT,ES48035,156.53,156.53
2014,EU_XPD_LOCALGBPC,,,ES48035,PT,ES48035,107.56,107.56
2016,EU_XPD_LOCALGBPC,,,ES48035,PT,ES48035,101.58,98.42
2018,EU_XPD_LOCALGBPC,,,ES48035,PT,ES48035,116.89,83.11
2022,EU_XPD_LOCALGBPC,,,ES48035,PT,ES48035,101.91,98.09
2011,EU_XPD_LOCALGBPC,,,ES48035,PT,ES48035,103.02,96.98
2019,EU_XPD_LOCALGBPC,,,ES48035,PT,ES48035,110.39,110.39
2020,EU_XPD_LOCALGBPC,,,ES20038,PT,ES20038,151.94,151.94
2016,EU_XPD_LOCALGBPC,,,ES20038,PT,ES20038,106.49,106.49
2017,EU_XPD_LOCALGBPC,,,ES20038,PT,ES20038,109.52,109.52
2015,EU_XPD_LOCALGBPC,,,ES20038,PT,ES20038,118.34,118.34
2012,EU_XPD_LOCALGBPC,,,ES20038,PT,ES20038,100.55,99.45
2010,EU_XPD_LOCALGBPC,,,ES20038,PT,ES20038,152.9,152.9
2014,EU_XPD_LOCALGBPC,,,ES20038,PT,ES20038,113.87,113.87
2022,EU_XPD_LOCALGBPC,,,ES20038,PT,ES20038,109.27,109.27
2019,EU_XPD_LOCALGBPC,,,ES20038,PT,ES20038,102.13,97.87
2023,EU_XPD_LOCALGBPC,,,ES20038,PT,ES20038,125.84,125.84
2013,EU_XPD_LOCALGBPC,,,ES20038,PT,ES20038,115.99,115.99
2021,EU_XPD_LOCALGBPC,,,ES20038,PT,ES20038,101.71,98.29
2011,EU_XPD_LOCALGBPC,,,ES20038,PT,ES20038,126.35,126.35
2018,EU_XPD_LOCALGBPC,,,ES20038,PT,ES20038,101.12,98.88
2023,EU_XPD_LOCALGBPC,,,ES20037,PT,ES20037,136.38,136.38
2022,EU_XPD_LOCALGBPC,,,ES20037,PT,ES20037,118.14,118.14
2017,EU_XPD_LOCALGBPC,,,ES20037,PT,ES20037,106.32,106.32
2020,EU_XPD_LOCALGBPC,,,ES20037,PT,ES20037,109.97,90.03
2014,EU_XPD_LOCALGBPC,,,ES20037,PT,ES20037,103.21,96.79
2018,EU_XPD_LOCALGBPC,,,ES20037,PT,ES20037,101.16,101.16
2015,EU_XPD_LOCALGBPC,,,ES20037,PT,ES20037,106.88,106.88
2021,EU_XPD_LOCALGBPC,,,ES20037,PT,ES20037,113.37,113.37
2016,EU_XPD_LOCALGBPC,,,ES20037,PT,ES20037,108.54,108.54
2019,EU_XPD_LOCALGBPC,,,ES20037,PT,ES20037,109.02,109.02
2012,EU_XPD_LOCALGBPC,,,ES20037,PT,ES20037,103.21,103.21
2011,EU_XPD_LOCALGBPC,,,ES20037,PT,ES20037,148.26,51.74
2010,EU_XPD_LOCALGBPC,,,ES20037,PT,ES20037,138.89,61.11
2013,EU_XPD_LOCALGBPC,,,ES20037,PT,ES20037,115.79,115.79
2023,EU_XPD_LOCALGBPC,,,ES48036,PT,ES48036,106.12,106.12
2014,EU_XPD_LOCALGBPC,,,ES48036,PT,ES48036,113.0,113.0
2019,EU_XPD_LOCALGBPC,,,ES48036,PT,ES48036,120.11,79.89
2013,EU_XPD_LOCALGBPC,,,ES48036,PT,ES48036,110.79,110.79
2011,EU_XPD_LOCALGBPC,,,ES48036,PT,ES48036,113.55,113.55
2021,EU_XPD_LOCALGBPC,,,ES48036,PT,ES48036,104.99,104.99
2015,EU_XPD_LOCALGBPC,,,ES48036,PT,ES48036,112.18,112.18
2010,EU_XPD_LOCALGBPC,,,ES48036,PT,ES48036,150.13,150.13
2012,EU_XPD_LOCALGBPC,,,ES48036,PT,ES48036,105.25,94.75
2016,EU_XPD_LOCALGBPC,,,ES48036,PT,ES48036,105.45,94.55
2018,EU_XPD_LOCALGBPC,,,ES48036,PT,ES48036,111.87,88.13
2020,EU_XPD_LOCALGBPC,,,ES48036,PT,ES48036,115.49,84.51
2022,EU_XPD_LOCALGBPC,,,ES48036,PT,ES48036,109.27,109.27
2017,EU_XPD_LOCALGBPC,,,ES48036,PT,ES48036,105.44,94.56
2018,EU_XPD_LOCALGBPC,,,ES48037,PT,ES48037,113.88,86.12
2011,EU_XPD_LOCALGBPC,,,ES48037,PT,ES48037,107.15,107.15
2010,EU_XPD_LOCALGBPC,,,ES48037,PT,ES48037,127.38,127.38
2014,EU_XPD_LOCALGBPC,,,ES48037,PT,ES48037,133.1,133.1
2019,EU_XPD_LOCALGBPC,,,ES48037,PT,ES48037,103.55,96.45
2015,EU_XPD_LOCALGBPC,,,ES48037,PT,ES48037,122.32,122.32
2013,EU_XPD_LOCALGBPC,,,ES48037,PT,ES48037,107.25,107.25
2023,EU_XPD_LOCALGBPC,,,ES48037,PT,ES48037,117.39,117.39
2021,EU_XPD_LOCALGBPC,,,ES48037,PT,ES48037,102.08,102.08
2017,EU_XPD_LOCALGBPC,,,ES48037,PT,ES48037,111.67,111.67
2012,EU_XPD_LOCALGBPC,,,ES48037,PT,ES48037,116.38,116.38
2016,EU_XPD_LOCALGBPC,,,ES48037,PT,ES48037,116.93,116.93
2020,EU_XPD_LOCALGBPC,,,ES48037,PT,ES48037,100.33,99.67
2022,EU_XPD_LOCALGBPC,,,ES48037,PT,ES48037,129.68,129.68
2022,EU_XPD_LOCALGBPC,,,ES48038,PT,ES48038,101.69,98.31
2014,EU_XPD_LOCALGBPC,,,ES48038,PT,ES48038,125.53,125.53
2011,EU_XPD_LOCALGBPC,,,ES48038,PT,ES48038,119.99,80.01
2019,EU_XPD_LOCALGBPC,,,ES48038,PT,ES48038,111.22,88.78
2010,EU_XPD_LOCALGBPC,,,ES48038,PT,ES48038,134.73,134.73
2013,EU_XPD_LOCALGBPC,,,ES48038,PT,ES48038,118.45,118.45
2021,EU_XPD_LOCALGBPC,,,ES48038,PT,ES48038,100.22,99.78
2017,EU_XPD_LOCALGBPC,,,ES48038,PT,ES48038,102.6,102.6
2023,EU_XPD_LOCALGBPC,,,ES48038,PT,ES48038,120.83,120.83
2015,EU_XPD_LOCALGBPC,,,ES48038,PT,ES48038,142.05,142.05
2012,EU_XPD_LOCALGBPC,,,ES48038,PT,ES48038,110.2,89.8
2016,EU_XPD_LOCALGBPC,,,ES48038,PT,ES48038,109.62,90.38
2018,EU_XPD_LOCALGBPC,,,ES48038,PT,ES48038,107.59,107.59
2020,EU_XPD_LOCALGBPC,,,ES48038,PT,ES48038,112.59,87.41
2018,EU_XPD_LOCALGBPC,,,ES48039,PT,ES48039,120.96,120.96
2011,EU_XPD_LOCALGBPC,,,ES48039,PT,ES48039,124.11,124.11
2010,EU_XPD_LOCALGBPC,,,ES48039,PT,ES48039,169.63,169.63
2015,EU_XPD_LOCALGBPC,,,ES48039,PT,ES48039,127.65,127.65
2017,EU_XPD_LOCALGBPC,,,ES48039,PT,ES48039,131.69,131.69
2019,EU_XPD_LOCALGBPC,,,ES48039,PT,ES48039,122.22,122.22
2023,EU_XPD_LOCALGBPC,,,ES48039,PT,ES48039,135.53,135.53
2021,EU_XPD_LOCALGBPC,,,ES48039,PT,ES48039,106.76,93.24
2012,EU_XPD_LOCALGBPC,,,ES48039,PT,ES48039,139.42,139.42
2014,EU_XPD_LOCALGBPC,,,ES48039,PT,ES48039,125.4,125.4
2016,EU_XPD_LOCALGBPC,,,ES48039,PT,ES48039,106.09,93.91
2020,EU_XPD_LOCALGBPC,,,ES48039,PT,ES48039,132.14,132.14
2022,EU_XPD_LOCALGBPC,,,ES48039,PT,ES48039,125.4,125.4
2013,EU_XPD_LOCALGBPC,,,ES48039,PT,ES48039,137.27,137.27
2018,EU_XPD_LOCALGBPC,,,ES48040,PT,ES48040,106.53,93.47
2010,EU_XPD_LOCALGBPC,,,ES48040,PT,ES48040,112.59,87.41
2014,EU_XPD_LOCALGBPC,,,ES48040,PT,ES48040,104.45,104.45
2021,EU_XPD_LOCALGBPC,,,ES48040,PT,ES48040,119.61,119.61
2016,EU_XPD_LOCALGBPC,,,ES48040,PT,ES48040,106.36,106.36
2011,EU_XPD_LOCALGBPC,,,ES48040,PT,ES48040,125.48,74.52
2019,EU_XPD_LOCALGBPC,,,ES48040,PT,ES48040,109.69,109.69
2023,EU_XPD_LOCALGBPC,,,ES48040,PT,ES48040,109.07,109.07
2015,EU_XPD_LOCALGBPC,,,ES48040,PT,ES48040,108.89,108.89
2017,EU_XPD_LOCALGBPC,,,ES48040,PT,ES48040,110.95,110.95
2012,EU_XPD_LOCALGBPC,,,ES48040,PT,ES48040,148.27,148.27
2020,EU_XPD_LOCALGBPC,,,ES48040,PT,ES48040,104.43,95.57
2022,EU_XPD_LOCALGBPC,,,ES48040,PT,ES48040,118.32,118.32
2013,EU_XPD_LOCALGBPC,,,ES48040,PT,ES48040,113.58,113.58
2018,EU_XPD_LOCALGBPC,,,ES48041,PT,ES48041,123.98,123.98
2010,EU_XPD_LOCALGBPC,,,ES48041,PT,ES48041,174.41,174.41
2013,EU_XPD_LOCALGBPC,,,ES48041,PT,ES48041,124.33,124.33
2023,EU_XPD_LOCALGBPC,,,ES48041,PT,ES48041,104.75,95.25
2021,EU_XPD_LOCALGBPC,,,ES48041,PT,ES48041,103.87,103.87
2011,EU_XPD_LOCALGBPC,,,ES48041,PT,ES48041,114.77,114.77
2019,EU_XPD_LOCALGBPC,,,ES48041,PT,ES48041,100.59,100.59
2012,EU_XPD_LOCALGBPC,,,ES48041,PT,ES48041,107.45,107.45
2014,EU_XPD_LOCALGBPC,,,ES48041,PT,ES48041,107.99,107.99
2016,EU_XPD_LOCALGBPC,,,ES48041,PT,ES48041,112.65,87.35
2020,EU_XPD_LOCALGBPC,,,ES48041,PT,ES48041,121.01,78.99
2022,EU_XPD_LOCALGBPC,,,ES48041,PT,ES48041,115.96,84.04
2015,EU_XPD_LOCALGBPC,,,ES48041,PT,ES48041,103.07,103.07
2017,EU_XPD_LOCALGBPC,,,ES48041,PT,ES48041,113.64,113.64
2013,EU_XPD_LOCALGBPC,,,ES20907,PT,ES20907,118.69,118.69
2023,EU_XPD_LOCALGBPC,,,ES20907,PT,ES20907,101.1,98.9
2016,EU_XPD_LOCALGBPC,,,ES20907,PT,ES20907,115.6,115.6
2015,EU_XPD_LOCALGBPC,,,ES20907,PT,ES20907,116.0,116.0
2010,EU_XPD_LOCALGBPC,,,ES20907,PT,ES20907,106.55,93.45
2012,EU_XPD_LOCALGBPC,,,ES20907,PT,ES20907,178.81,21.19
2014,EU_XPD_LOCALGBPC,,,ES20907,PT,ES20907,120.65,120.65
2018,EU_XPD_LOCALGBPC,,,ES20907,PT,ES20907,106.32,106.32
2020,EU_XPD_LOCALGBPC,,,ES20907,PT,ES20907,103.0,103.0
2022,EU_XPD_LOCALGBPC,,,ES20907,PT,ES20907,118.68,118.68
2017,EU_XPD_LOCALGBPC,,,ES20907,PT,ES20907,108.06,91.94
2011,EU_XPD_LOCALGBPC,,,ES20907,PT,ES20907,179.01999999999998,20.98
2021,EU_XPD_LOCALGBPC,,,ES20907,PT,ES20907,101.15,98.85
2019,EU_XPD_LOCALGBPC,,,ES20907,PT,ES20907,101.63,101.63
2023,EU_XPD_LOCALGBPC,,,ES48046,PT,ES48046,105.22,105.22
2016,EU_XPD_LOCALGBPC,,,ES48046,PT,ES48046,101.72,101.72
2021,EU_XPD_LOCALGBPC,,,ES48046,PT,ES48046,110.23,89.77
2011,EU_XPD_LOCALGBPC,,,ES48046,PT,ES48046,102.15,97.85
2019,EU_XPD_LOCALGBPC,,,ES48046,PT,ES48046,101.58,98.42
2017,EU_XPD_LOCALGBPC,,,ES48046,PT,ES48046,102.73,102.73
2015,EU_XPD_LOCALGBPC,,,ES48046,PT,ES48046,106.43,93.57
2013,EU_XPD_LOCALGBPC,,,ES48046,PT,ES48046,104.34,95.66
2010,EU_XPD_LOCALGBPC,,,ES48046,PT,ES48046,115.87,115.87
2012,EU_XPD_LOCALGBPC,,,ES48046,PT,ES48046,100.52,99.48
2014,EU_XPD_LOCALGBPC,,,ES48046,PT,ES48046,106.35,106.35
2018,EU_XPD_LOCALGBPC,,,ES48046,PT,ES48046,116.43,83.57
2020,EU_XPD_LOCALGBPC,,,ES48046,PT,ES48046,109.39,90.61
2022,EU_XPD_LOCALGBPC,,,ES48046,PT,ES48046,120.85,79.15
2020,EU_XPD_LOCALGBPC,,,ES20039,PT,ES20039,108.5,108.5
2016,EU_XPD_LOCALGBPC,,,ES20039,PT,ES20039,102.59,97.41
2013,EU_XPD_LOCALGBPC,,,ES20039,PT,ES20039,106.81,93.19
2012,EU_XPD_LOCALGBPC,,,ES20039,PT,ES20039,119.2,80.8
2015,EU_XPD_LOCALGBPC,,,ES20039,PT,ES20039,110.0,110.0
2023,EU_XPD_LOCALGBPC,,,ES20039,PT,ES20039,105.2,105.2
2010,EU_XPD_LOCALGBPC,,,ES20039,PT,ES20039,109.29,109.29
2017,EU_XPD_LOCALGBPC,,,ES20039,PT,ES20039,100.87,100.87
2011,EU_XPD_LOCALGBPC,,,ES20039,PT,ES20039,113.99,86.01
2014,EU_XPD_LOCALGBPC,,,ES20039,PT,ES20039,105.24,94.76
2019,EU_XPD_LOCALGBPC,,,ES20039,PT,ES20039,102.15,97.85
2022,EU_XPD_LOCALGBPC,,,ES20039,PT,ES20039,116.23,116.23
2018,EU_XPD_LOCALGBPC,,,ES20039,PT,ES20039,101.91,101.91
2021,EU_XPD_LOCALGBPC,,,ES20039,PT,ES20039,107.26,107.26
2022,EU_XPD_LOCALGBPC,,,ES48044,PT,ES48044,107.93,92.07
2014,EU_XPD_LOCALGBPC,,,ES48044,PT,ES48044,100.95,100.95
2019,EU_XPD_LOCALGBPC,,,ES48044,PT,ES48044,109.77,109.77
2021,EU_XPD_LOCALGBPC,,,ES48044,PT,ES48044,106.57,93.43
2015,EU_XPD_LOCALGBPC,,,ES48044,PT,ES48044,108.05,108.05
2013,EU_XPD_LOCALGBPC,,,ES48044,PT,ES48044,102.55,97.45
2017,EU_XPD_LOCALGBPC,,,ES48044,PT,ES48044,104.86,104.86
2010,EU_XPD_LOCALGBPC,,,ES48044,PT,ES48044,126.52,126.52
2012,EU_XPD_LOCALGBPC,,,ES48044,PT,ES48044,122.3,77.7
2016,EU_XPD_LOCALGBPC,,,ES48044,PT,ES48044,101.09,101.09
2018,EU_XPD_LOCALGBPC,,,ES48044,PT,ES48044,113.93,113.93
2020,EU_XPD_LOCALGBPC,,,ES48044,PT,ES48044,100.34,99.66
2023,EU_XPD_LOCALGBPC,,,ES48044,PT,ES48044,106.85,93.15
2011,EU_XPD_LOCALGBPC,,,ES48044,PT,ES48044,102.19,97.81
2010,EU_XPD_LOCALGBPC,,,ES48047,PT,ES48047,104.49,95.51
2013,EU_XPD_LOCALGBPC,,,ES48047,PT,ES48047,102.42,97.58
2019,EU_XPD_LOCALGBPC,,,ES48047,PT,ES48047,116.21,83.79
2021,EU_XPD_LOCALGBPC,,,ES48047,PT,ES48047,119.36,80.64
2011,EU_XPD_LOCALGBPC,,,ES48047,PT,ES48047,123.94,76.06
2017,EU_XPD_LOCALGBPC,,,ES48047,PT,ES48047,146.95,146.95
2023,EU_XPD_LOCALGBPC,,,ES48047,PT,ES48047,170.88,170.88
2015,EU_XPD_LOCALGBPC,,,ES48047,PT,ES48047,101.11,98.89
2012,EU_XPD_LOCALGBPC,,,ES48047,PT,ES48047,106.38,106.38
2014,EU_XPD_LOCALGBPC,,,ES48047,PT,ES48047,110.08,110.08
2016,EU_XPD_LOCALGBPC,,,ES48047,PT,ES48047,100.17,100.17
2018,EU_XPD_LOCALGBPC,,,ES48047,PT,ES48047,118.35,81.65
2020,EU_XPD_LOCALGBPC,,,ES48047,PT,ES48047,112.93,87.07
2022,EU_XPD_LOCALGBPC,,,ES48047,PT,ES48047,156.57999999999998,43.42
2015,EU_XPD_LOCALGBPC,,,ES48042,PT,ES48042,131.13,131.13
2010,EU_XPD_LOCALGBPC,,,ES48042,PT,ES48042,144.42,144.42
2011,EU_XPD_LOCALGBPC,,,ES48042,PT,ES48042,110.05,110.05
2021,EU_XPD_LOCALGBPC,,,ES48042,PT,ES48042,138.92,138.92
2014,EU_XPD_LOCALGBPC,,,ES48042,PT,ES48042,128.4,128.4
2018,EU_XPD_LOCALGBPC,,,ES48042,PT,ES48042,112.62,112.62
2022,EU_XPD_LOCALGBPC,,,ES48042,PT,ES48042,136.4,136.4
2017,EU_XPD_LOCALGBPC,,,ES48042,PT,ES48042,117.31,117.31
2019,EU_XPD_LOCALGBPC,,,ES48042,PT,ES48042,105.43,105.43
2013,EU_XPD_LOCALGBPC,,,ES48042,PT,ES48042,100.16,99.84
2012,EU_XPD_LOCALGBPC,,,ES48042,PT,ES48042,107.17,92.83
2016,EU_XPD_LOCALGBPC,,,ES48042,PT,ES48042,117.45,117.45
2020,EU_XPD_LOCALGBPC,,,ES48042,PT,ES48042,157.26,157.26
2023,EU_XPD_LOCALGBPC,,,ES48042,PT,ES48042,192.12,192.12
2013,EU_XPD_LOCALGBPC,,,ES48043,PT,ES48043,102.49,97.51
2020,EU_XPD_LOCALGBPC,,,ES48043,PT,ES48043,106.61,93.39
2015,EU_XPD_LOCALGBPC,,,ES48043,PT,ES48043,103.23,103.23
2019,EU_XPD_LOCALGBPC,,,ES48043,PT,ES48043,104.85,104.85
2017,EU_XPD_LOCALGBPC,,,ES48043,PT,ES48043,123.52,123.52
2012,EU_XPD_LOCALGBPC,,,ES48043,PT,ES48043,102.8,102.8
2011,EU_XPD_LOCALGBPC,,,ES48043,PT,ES48043,161.33,161.33
2021,EU_XPD_LOCALGBPC,,,ES48043,PT,ES48043,106.29,93.71
2023,EU_XPD_LOCALGBPC,,,ES48043,PT,ES48043,113.59,113.59
2010,EU_XPD_LOCALGBPC,,,ES48043,PT,ES48043,159.22,159.22
2014,EU_XPD_LOCALGBPC,,,ES48043,PT,ES48043,103.7,103.7
2016,EU_XPD_LOCALGBPC,,,ES48043,PT,ES48043,106.33,93.67
2018,EU_XPD_LOCALGBPC,,,ES48043,PT,ES48043,104.32,95.68
2022,EU_XPD_LOCALGBPC,,,ES48043,PT,ES48043,107.16,92.84
2010,EU_XPD_LOCALGBPC,,,ES48045,PT,ES48045,144.91,144.91
2017,EU_XPD_LOCALGBPC,,,ES48045,PT,ES48045,106.26,106.26
2021,EU_XPD_LOCALGBPC,,,ES48045,PT,ES48045,105.19,94.81
2015,EU_XPD_LOCALGBPC,,,ES48045,PT,ES48045,102.86,102.86
2013,EU_XPD_LOCALGBPC,,,ES48045,PT,ES48045,104.5,95.5
2011,EU_XPD_LOCALGBPC,,,ES48045,PT,ES48045,110.93,110.93
2019,EU_XPD_LOCALGBPC,,,ES48045,PT,ES48045,107.79,107.79
2012,EU_XPD_LOCALGBPC,,,ES48045,PT,ES48045,132.91,132.91
2014,EU_XPD_LOCALGBPC,,,ES48045,PT,ES48045,112.38,112.38
2016,EU_XPD_LOCALGBPC,,,ES48045,PT,ES48045,104.05,95.95
2018,EU_XPD_LOCALGBPC,,,ES48045,PT,ES48045,103.84,103.84
2020,EU_XPD_LOCALGBPC,,,ES48045,PT,ES48045,104.68,95.32
2022,EU_XPD_LOCALGBPC,,,ES48045,PT,ES48045,101.42,101.42
2023,EU_XPD_LOCALGBPC,,,ES48045,PT,ES48045,107.91,107.91
2013,EU_XPD_LOCALGBPC,,,ES01056,PT,ES01056,106.12,93.88
2017,EU_XPD_LOCALGBPC,,,ES01056,PT,ES01056,101.33,98.67
2019,EU_XPD_LOCALGBPC,,,ES01056,PT,ES01056,105.39,94.61
2016,EU_XPD_LOCALGBPC,,,ES01056,PT,ES01056,105.05,105.05
2010,EU_XPD_LOCALGBPC,,,ES01056,PT,ES01056,109.58,109.58
2015,EU_XPD_LOCALGBPC,,,ES01056,PT,ES01056,111.38,88.62
2023,EU_XPD_LOCALGBPC,,,ES01056,PT,ES01056,107.6,92.4
2018,EU_XPD_LOCALGBPC,,,ES01056,PT,ES01056,125.67,74.33
2014,EU_XPD_LOCALGBPC,,,ES01056,PT,ES01056,113.45,113.45
2021,EU_XPD_LOCALGBPC,,,ES01056,PT,ES01056,101.27,101.27
2011,EU_XPD_LOCALGBPC,,,ES01056,PT,ES01056,108.03,91.97
2020,EU_XPD_LOCALGBPC,,,ES01056,PT,ES01056,185.5,185.5
2022,EU_XPD_LOCALGBPC,,,ES01056,PT,ES01056,105.08,94.92
2012,EU_XPD_LOCALGBPC,,,ES01056,PT,ES01056,104.92,104.92
2015,EU_XPD_LOCALGBPC,,,ES20040,PT,ES20040,101.69,98.31
2023,EU_XPD_LOCALGBPC,,,ES20040,PT,ES20040,109.78,109.78
2010,EU_XPD_LOCALGBPC,,,ES20040,PT,ES20040,117.46,117.46
2014,EU_XPD_LOCALGBPC,,,ES20040,PT,ES20040,107.56,92.44
2016,EU_XPD_LOCALGBPC,,,ES20040,PT,ES20040,107.85,92.15
2012,EU_XPD_LOCALGBPC,,,ES20040,PT,ES20040,111.06,88.94
2019,EU_XPD_LOCALGBPC,,,ES20040,PT,ES20040,115.73,84.27
2013,EU_XPD_LOCALGBPC,,,ES20040,PT,ES20040,102.63,97.37
2011,EU_XPD_LOCALGBPC,,,ES20040,PT,ES20040,101.8,98.2
2018,EU_XPD_LOCALGBPC,,,ES20040,PT,ES20040,104.3,95.7
2017,EU_XPD_LOCALGBPC,,,ES20040,PT,ES20040,102.67,102.67
2020,EU_XPD_LOCALGBPC,,,ES20040,PT,ES20040,102.19,97.81
2022,EU_XPD_LOCALGBPC,,,ES20040,PT,ES20040,102.35,102.35
2021,EU_XPD_LOCALGBPC,,,ES20040,PT,ES20040,100.6,99.4
2015,EU_XPD_LOCALGBPC,,,ES20041,PT,ES20041,117.91,82.09
2014,EU_XPD_LOCALGBPC,,,ES20041,PT,ES20041,126.46,73.54
2010,EU_XPD_LOCALGBPC,,,ES20041,PT,ES20041,252.9,252.9
2013,EU_XPD_LOCALGBPC,,,ES20041,PT,ES20041,124.29,75.71
2023,EU_XPD_LOCALGBPC,,,ES20041,PT,ES20041,123.17,76.83
2022,EU_XPD_LOCALGBPC,,,ES20041,PT,ES20041,196.37,196.37
2017,EU_XPD_LOCALGBPC,,,ES20041,PT,ES20041,102.66,97.34
2012,EU_XPD_LOCALGBPC,,,ES20041,PT,ES20041,120.73,79.27
2016,EU_XPD_LOCALGBPC,,,ES20041,PT,ES20041,107.73,92.27
2020,EU_XPD_LOCALGBPC,,,ES20041,PT,ES20041,129.85,129.85
2021,EU_XPD_LOCALGBPC,,,ES20041,PT,ES20041,111.1,111.1
2011,EU_XPD_LOCALGBPC,,,ES20041,PT,ES20041,104.35,104.35
2018,EU_XPD_LOCALGBPC,,,ES20041,PT,ES20041,108.11,91.89
2019,EU_XPD_LOCALGBPC,,,ES20041,PT,ES20041,127.66,72.34
2019,EU_XPD_LOCALGBPC,,,ES20036,PT,ES20036,104.9,95.1
2021,EU_XPD_LOCALGBPC,,,ES20036,PT,ES20036,114.69,85.31
2020,EU_XPD_LOCALGBPC,,,ES20036,PT,ES20036,117.0,83.0
2012,EU_XPD_LOCALGBPC,,,ES20036,PT,ES20036,138.35,138.35
2016,EU_XPD_LOCALGBPC,,,ES20036,PT,ES20036,106.9,93.1
2023,EU_XPD_LOCALGBPC,,,ES20036,PT,ES20036,108.65,108.65
2018,EU_XPD_LOCALGBPC,,,ES20036,PT,ES20036,101.25,101.25
2011,EU_XPD_LOCALGBPC,,,ES20036,PT,ES20036,114.99,114.99
2010,EU_XPD_LOCALGBPC,,,ES20036,PT,ES20036,133.35,133.35
2017,EU_XPD_LOCALGBPC,,,ES20036,PT,ES20036,108.13,91.87
2013,EU_XPD_LOCALGBPC,,,ES20036,PT,ES20036,131.95,131.95
2014,EU_XPD_LOCALGBPC,,,ES20036,PT,ES20036,112.2,112.2
2015,EU_XPD_LOCALGBPC,,,ES20036,PT,ES20036,103.73,96.27
2022,EU_XPD_LOCALGBPC,,,ES20036,PT,ES20036,107.55,107.55
2010,EU_XPD_LOCALGBPC,,,ES20042,PT,ES20042,126.8,73.2
2014,EU_XPD_LOCALGBPC,,,ES20042,PT,ES20042,103.35,103.35
2011,EU_XPD_LOCALGBPC,,,ES20042,PT,ES20042,114.05,114.05
2021,EU_XPD_LOCALGBPC,,,ES20042,PT,ES20042,100.06,100.06
2022,EU_XPD_LOCALGBPC,,,ES20042,PT,ES20042,130.47,130.47
2018,EU_XPD_LOCALGBPC,,,ES20042,PT,ES20042,101.68,101.68
2016,EU_XPD_LOCALGBPC,,,ES20042,PT,ES20042,104.99,95.01
2020,EU_XPD_LOCALGBPC,,,ES20042,PT,ES20042,110.49,89.51
2017,EU_XPD_LOCALGBPC,,,ES20042,PT,ES20042,106.95,93.05
2019,EU_XPD_LOCALGBPC,,,ES20042,PT,ES20042,100.61,99.39
2023,EU_XPD_LOCALGBPC,,,ES20042,PT,ES20042,102.03,102.03
2012,EU_XPD_LOCALGBPC,,,ES20042,PT,ES20042,130.98,130.98
2015,EU_XPD_LOCALGBPC,,,ES20042,PT,ES20042,100.17,99.83
2013,EU_XPD_LOCALGBPC,,,ES20042,PT,ES20042,102.1,97.9
2014,EU_XPD_LOCALGBPC,,,ES48048,PT,ES48048,100.75,99.25
2023,EU_XPD_LOCALGBPC,,,ES48048,PT,ES48048,110.25,110.25
2021,EU_XPD_LOCALGBPC,,,ES48048,PT,ES48048,108.18,108.18
2015,EU_XPD_LOCALGBPC,,,ES48048,PT,ES48048,110.17,110.17
2011,EU_XPD_LOCALGBPC,,,ES48048,PT,ES48048,102.21,102.21
2019,EU_XPD_LOCALGBPC,,,ES48048,PT,ES48048,101.58,101.58
2017,EU_XPD_LOCALGBPC,,,ES48048,PT,ES48048,103.97,96.03
2010,EU_XPD_LOCALGBPC,,,ES48048,PT,ES48048,113.7,113.7
2012,EU_XPD_LOCALGBPC,,,ES48048,PT,ES48048,106.01,106.01
2016,EU_XPD_LOCALGBPC,,,ES48048,PT,ES48048,105.1,105.1
2018,EU_XPD_LOCALGBPC,,,ES48048,PT,ES48048,105.88,105.88
2020,EU_XPD_LOCALGBPC,,,ES48048,PT,ES48048,106.67,93.33
2022,EU_XPD_LOCALGBPC,,,ES48048,PT,ES48048,149.63,149.63
2013,EU_XPD_LOCALGBPC,,,ES48048,PT,ES48048,110.86,110.86
2013,EU_XPD_LOCALGBPC,,,ES20043,PT,ES20043,107.19,107.19
2012,EU_XPD_LOCALGBPC,,,ES20043,PT,ES20043,104.33,104.33
2023,EU_XPD_LOCALGBPC,,,ES20043,PT,ES20043,139.74,60.26
2021,EU_XPD_LOCALGBPC,,,ES20043,PT,ES20043,103.42,96.58
2022,EU_XPD_LOCALGBPC,,,ES20043,PT,ES20043,100.31,100.31
2015,EU_XPD_LOCALGBPC,,,ES20043,PT,ES20043,111.24,88.76
2017,EU_XPD_LOCALGBPC,,,ES20043,PT,ES20043,105.13,105.13
2011,EU_XPD_LOCALGBPC,,,ES20043,PT,ES20043,101.68,101.68
2018,EU_XPD_LOCALGBPC,,,ES20043,PT,ES20043,101.66,98.34
2019,EU_XPD_LOCALGBPC,,,ES20043,PT,ES20043,107.11,92.89
2016,EU_XPD_LOCALGBPC,,,ES20043,PT,ES20043,118.61,81.39
2020,EU_XPD_LOCALGBPC,,,ES20043,PT,ES20043,111.53,88.47
2010,EU_XPD_LOCALGBPC,,,ES20043,PT,ES20043,141.29,141.29
2014,EU_XPD_LOCALGBPC,,,ES20043,PT,ES20043,104.82,104.82
2019,EU_XPD_LOCALGBPC,,,ES48094,PT,ES48094,111.35,111.35
2021,EU_XPD_LOCALGBPC,,,ES48094,PT,ES48094,103.7,103.7
2017,EU_XPD_LOCALGBPC,,,ES48094,PT,ES48094,112.38,112.38
2015,EU_XPD_LOCALGBPC,,,ES48094,PT,ES48094,105.84,105.84
2023,EU_XPD_LOCALGBPC,,,ES48094,PT,ES48094,100.33,100.33
2014,EU_XPD_LOCALGBPC,,,ES48094,PT,ES48094,106.0,94.0
2010,EU_XPD_LOCALGBPC,,,ES48094,PT,ES48094,117.84,117.84
2016,EU_XPD_LOCALGBPC,,,ES48094,PT,ES48094,104.65,104.65
2018,EU_XPD_LOCALGBPC,,,ES48094,PT,ES48094,100.13,99.87
2022,EU_XPD_LOCALGBPC,,,ES48094,PT,ES48094,105.23,105.23
2012,EU_XPD_LOCALGBPC,,,ES48094,PT,ES48094,153.64,153.64
2011,EU_XPD_LOCALGBPC,,,ES48094,PT,ES48094,119.89,119.89
2020,EU_XPD_LOCALGBPC,,,ES48094,PT,ES48094,109.94,90.06
2013,EU_XPD_LOCALGBPC,,,ES48094,PT,ES48094,113.56,86.44
2021,EU_XPD_LOCALGBPC,,,ES20044,PT,ES20044,114.65,114.65
2017,EU_XPD_LOCALGBPC,,,ES20044,PT,ES20044,104.84,104.84
2020,EU_XPD_LOCALGBPC,,,ES20044,PT,ES20044,140.43,140.43
2016,EU_XPD_LOCALGBPC,,,ES20044,PT,ES20044,103.55,96.45
2023,EU_XPD_LOCALGBPC,,,ES20044,PT,ES20044,116.68,116.68
2019,EU_XPD_LOCALGBPC,,,ES20044,PT,ES20044,100.8,99.2
2022,EU_XPD_LOCALGBPC,,,ES20044,PT,ES20044,124.54,124.54
2012,EU_XPD_LOCALGBPC,,,ES20044,PT,ES20044,102.95,97.05
2014,EU_XPD_LOCALGBPC,,,ES20044,PT,ES20044,103.38,103.38
2015,EU_XPD_LOCALGBPC,,,ES20044,PT,ES20044,101.82,98.18
2013,EU_XPD_LOCALGBPC,,,ES20044,PT,ES20044,114.46,114.46
2018,EU_XPD_LOCALGBPC,,,ES20044,PT,ES20044,111.53,111.53
2010,EU_XPD_LOCALGBPC,,,ES20044,PT,ES20044,126.46,73.54
2011,EU_XPD_LOCALGBPC,,,ES20044,PT,ES20044,231.53,231.53
2023,EU_XPD_LOCALGBPC,,,ES20045,PT,ES20045,109.7,109.7
2012,EU_XPD_LOCALGBPC,,,ES20045,PT,ES20045,102.63,97.37
2013,EU_XPD_LOCALGBPC,,,ES20045,PT,ES20045,108.25,91.75
2021,EU_XPD_LOCALGBPC,,,ES20045,PT,ES20045,115.22,84.78
2019,EU_XPD_LOCALGBPC,,,ES20045,PT,ES20045,106.43,106.43
2016,EU_XPD_LOCALGBPC,,,ES20045,PT,ES20045,101.73,98.27
2017,EU_XPD_LOCALGBPC,,,ES20045,PT,ES20045,106.62,93.38
2020,EU_XPD_LOCALGBPC,,,ES20045,PT,ES20045,105.35,94.65
2022,EU_XPD_LOCALGBPC,,,ES20045,PT,ES20045,100.31,99.69
2018,EU_XPD_LOCALGBPC,,,ES20045,PT,ES20045,101.41,101.41
2015,EU_XPD_LOCALGBPC,,,ES20045,PT,ES20045,102.64,102.64
2014,EU_XPD_LOCALGBPC,,,ES20045,PT,ES20045,110.31,110.31
2011,EU_XPD_LOCALGBPC,,,ES20045,PT,ES20045,107.57,107.57
2010,EU_XPD_LOCALGBPC,,,ES20045,PT,ES20045,111.53,111.53
2014,EU_XPD_LOCALGBPC,,,ES01901,PT,ES01901,171.04,171.04
2012,EU_XPD_LOCALGBPC,,,ES01901,PT,ES01901,122.5,122.5
2020,EU_XPD_LOCALGBPC,,,ES01901,PT,ES01901,141.41,141.41
2016,EU_XPD_LOCALGBPC,,,ES01901,PT,ES01901,107.14,107.14
2010,EU_XPD_LOCALGBPC,,,ES01901,PT,ES01901,114.16,114.16
2017,EU_XPD_LOCALGBPC,,,ES01901,PT,ES01901,118.85,81.15
2018,EU_XPD_LOCALGBPC,,,ES01901,PT,ES01901,106.84,93.16
2013,EU_XPD_LOCALGBPC,,,ES01901,PT,ES01901,107.36,92.64
2011,EU_XPD_LOCALGBPC,,,ES01901,PT,ES01901,160.61,160.61
2022,EU_XPD_LOCALGBPC,,,ES01901,PT,ES01901,103.34,96.66
2021,EU_XPD_LOCALGBPC,,,ES01901,PT,ES01901,100.59,100.59
2015,EU_XPD_LOCALGBPC,,,ES01901,PT,ES01901,108.06,108.06
2019,EU_XPD_LOCALGBPC,,,ES01901,PT,ES01901,118.05,118.05
2023,EU_XPD_LOCALGBPC,,,ES01901,PT,ES01901,115.33,115.33
2022,EU_XPD_LOCALGBPC,,,ES20046,PT,ES20046,124.96,124.96
2010,EU_XPD_LOCALGBPC,,,ES20046,PT,ES20046,124.45,124.45
2011,EU_XPD_LOCALGBPC,,,ES20046,PT,ES20046,111.18,111.18
2014,EU_XPD_LOCALGBPC,,,ES20046,PT,ES20046,110.5,110.5
2023,EU_XPD_LOCALGBPC,,,ES20046,PT,ES20046,143.62,143.62
2015,EU_XPD_LOCALGBPC,,,ES20046,PT,ES20046,103.47,103.47
2012,EU_XPD_LOCALGBPC,,,ES20046,PT,ES20046,108.18,91.82
2013,EU_XPD_LOCALGBPC,,,ES20046,PT,ES20046,114.12,114.12
2016,EU_XPD_LOCALGBPC,,,ES20046,PT,ES20046,103.32,103.32
2017,EU_XPD_LOCALGBPC,,,ES20046,PT,ES20046,101.43,98.57
2021,EU_XPD_LOCALGBPC,,,ES20046,PT,ES20046,134.42000000000002,65.58
2019,EU_XPD_LOCALGBPC,,,ES20046,PT,ES20046,105.25,94.75
2018,EU_XPD_LOCALGBPC,,,ES20046,PT,ES20046,132.20999999999998,67.79
2020,EU_XPD_LOCALGBPC,,,ES20046,PT,ES20046,104.44,95.56
2015,EU_XPD_LOCALGBPC,,,ES01027,PT,ES01027,113.53,86.47
2021,EU_XPD_LOCALGBPC,,,ES01027,PT,ES01027,164.57,35.43
2013,EU_XPD_LOCALGBPC,,,ES01027,PT,ES01027,113.77,86.23
2012,EU_XPD_LOCALGBPC,,,ES01027,PT,ES01027,138.63,61.37
2017,EU_XPD_LOCALGBPC,,,ES01027,PT,ES01027,110.41,89.59
2023,EU_XPD_LOCALGBPC,,,ES01027,PT,ES01027,106.4,93.6
2010,EU_XPD_LOCALGBPC,,,ES01027,PT,ES01027,133.01999999999998,66.98
2014,EU_XPD_LOCALGBPC,,,ES01027,PT,ES01027,109.32,90.68
2016,EU_XPD_LOCALGBPC,,,ES01027,PT,ES01027,115.61,84.39
2020,EU_XPD_LOCALGBPC,,,ES01027,PT,ES01027,165.88,34.12
2019,EU_XPD_LOCALGBPC,,,ES01027,PT,ES01027,148.05,51.95
2011,EU_XPD_LOCALGBPC,,,ES01027,PT,ES01027,127.69,72.31
2022,EU_XPD_LOCALGBPC,,,ES01027,PT,ES01027,137.23,62.77
2018,EU_XPD_LOCALGBPC,,,ES01027,PT,ES01027,116.53,83.47
2018,EU_XPD_LOCALGBPC,,,ES48049,PT,ES48049,114.02,85.98
2010,EU_XPD_LOCALGBPC,,,ES48049,PT,ES48049,104.59,95.41
2015,EU_XPD_LOCALGBPC,,,ES48049,PT,ES48049,134.11,134.11
2013,EU_XPD_LOCALGBPC,,,ES48049,PT,ES48049,123.14,123.14
2023,EU_XPD_LOCALGBPC,,,ES48049,PT,ES48049,100.31,100.31
2017,EU_XPD_LOCALGBPC,,,ES48049,PT,ES48049,103.52,96.48
2011,EU_XPD_LOCALGBPC,,,ES48049,PT,ES48049,104.65,95.35
2019,EU_XPD_LOCALGBPC,,,ES48049,PT,ES48049,116.2,116.2
2012,EU_XPD_LOCALGBPC,,,ES48049,PT,ES48049,131.89,131.89
2014,EU_XPD_LOCALGBPC,,,ES48049,PT,ES48049,107.98,107.98
2016,EU_XPD_LOCALGBPC,,,ES48049,PT,ES48049,106.6,106.6
2020,EU_XPD_LOCALGBPC,,,ES48049,PT,ES48049,109.09,90.91
2022,EU_XPD_LOCALGBPC,,,ES48049,PT,ES48049,104.98,95.02
2021,EU_XPD_LOCALGBPC,,,ES48049,PT,ES48049,102.58,97.42
2016,EU_XPD_LOCALGBPC,,,ES20047,PT,ES20047,103.29,96.71
2010,EU_XPD_LOCALGBPC,,,ES20047,PT,ES20047,137.99,137.99
2022,EU_XPD_LOCALGBPC,,,ES20047,PT,ES20047,101.66,101.66
2012,EU_XPD_LOCALGBPC,,,ES20047,PT,ES20047,108.31,108.31
2013,EU_XPD_LOCALGBPC,,,ES20047,PT,ES20047,100.25,99.75
2021,EU_XPD_LOCALGBPC,,,ES20047,PT,ES20047,131.64,68.36
2015,EU_XPD_LOCALGBPC,,,ES20047,PT,ES20047,104.48,104.48
2018,EU_XPD_LOCALGBPC,,,ES20047,PT,ES20047,111.37,111.37
2011,EU_XPD_LOCALGBPC,,,ES20047,PT,ES20047,117.61,82.39
2014,EU_XPD_LOCALGBPC,,,ES20047,PT,ES20047,103.95,96.05
2017,EU_XPD_LOCALGBPC,,,ES20047,PT,ES20047,115.47,84.53
2019,EU_XPD_LOCALGBPC,,,ES20047,PT,ES20047,103.48,96.52
2023,EU_XPD_LOCALGBPC,,,ES20047,PT,ES20047,102.87,102.87
2020,EU_XPD_LOCALGBPC,,,ES20047,PT,ES20047,100.03,100.03
2022,EU_XPD_LOCALGBPC,,,ES48910,PT,ES48910,104.68,95.32
2023,EU_XPD_LOCALGBPC,,,ES48910,PT,ES48910,103.21,96.79
2011,EU_XPD_LOCALGBPC,,,ES48910,PT,ES48910,117.55,82.45
2018,EU_XPD_LOCALGBPC,,,ES48910,PT,ES48910,110.23,110.23
2015,EU_XPD_LOCALGBPC,,,ES48910,PT,ES48910,109.6,90.4
2019,EU_XPD_LOCALGBPC,,,ES48910,PT,ES48910,106.51,93.49
2016,EU_XPD_LOCALGBPC,,,ES48910,PT,ES48910,108.2,91.8
2010,EU_XPD_LOCALGBPC,,,ES48910,PT,ES48910,146.92000000000002,53.08
2017,EU_XPD_LOCALGBPC,,,ES48910,PT,ES48910,104.06,104.06
2014,EU_XPD_LOCALGBPC,,,ES48910,PT,ES48910,102.4,102.4
2021,EU_XPD_LOCALGBPC,,,ES48910,PT,ES48910,106.56,93.44
2012,EU_XPD_LOCALGBPC,,,ES48910,PT,ES48910,103.16,96.84
2013,EU_XPD_LOCALGBPC,,,ES48910,PT,ES48910,102.8,97.2
2020,EU_XPD_LOCALGBPC,,,ES48910,PT,ES48910,114.39,85.61
2015,EU_XPD_LOCALGBPC,,,ES48050,PT,ES48050,172.21,172.21
2013,EU_XPD_LOCALGBPC,,,ES48050,PT,ES48050,102.45,102.45
2017,EU_XPD_LOCALGBPC,,,ES48050,PT,ES48050,114.53,85.47
2014,EU_XPD_LOCALGBPC,,,ES48050,PT,ES48050,116.13,83.87
2019,EU_XPD_LOCALGBPC,,,ES48050,PT,ES48050,106.43,106.43
2011,EU_XPD_LOCALGBPC,,,ES48050,PT,ES48050,110.34,110.34
2021,EU_XPD_LOCALGBPC,,,ES48050,PT,ES48050,101.54,98.46
2023,EU_XPD_LOCALGBPC,,,ES48050,PT,ES48050,127.89,127.89
2010,EU_XPD_LOCALGBPC,,,ES48050,PT,ES48050,181.42,181.42
2012,EU_XPD_LOCALGBPC,,,ES48050,PT,ES48050,121.27,78.73
2016,EU_XPD_LOCALGBPC,,,ES48050,PT,ES48050,105.29,105.29
2018,EU_XPD_LOCALGBPC,,,ES48050,PT,ES48050,110.35,89.65
2020,EU_XPD_LOCALGBPC,,,ES48050,PT,ES48050,125.61,74.39
2022,EU_XPD_LOCALGBPC,,,ES48050,PT,ES48050,122.05,77.95
2014,EU_XPD_LOCALGBPC,,,ES48022,PT,ES48022,123.72,123.72
2010,EU_XPD_LOCALGBPC,,,ES48022,PT,ES48022,128.16,128.16
2021,EU_XPD_LOCALGBPC,,,ES48022,PT,ES48022,113.43,113.43
2023,EU_XPD_LOCALGBPC,,,ES48022,PT,ES48022,101.33,98.67
2015,EU_XPD_LOCALGBPC,,,ES48022,PT,ES48022,115.48,115.48
2013,EU_XPD_LOCALGBPC,,,ES48022,PT,ES48022,116.29,116.29
2019,EU_XPD_LOCALGBPC,,,ES48022,PT,ES48022,113.58,113.58
2011,EU_XPD_LOCALGBPC,,,ES48022,PT,ES48022,111.74,111.74
2017,EU_XPD_LOCALGBPC,,,ES48022,PT,ES48022,107.12,107.12
2012,EU_XPD_LOCALGBPC,,,ES48022,PT,ES48022,110.07,89.93
2016,EU_XPD_LOCALGBPC,,,ES48022,PT,ES48022,116.57,116.57
2018,EU_XPD_LOCALGBPC,,,ES48022,PT,ES48022,115.16,115.16
2020,EU_XPD_LOCALGBPC,,,ES48022,PT,ES48022,106.09,93.91
2022,EU_XPD_LOCALGBPC,,,ES48022,PT,ES48022,122.9,122.9
2022,EU_XPD_LOCALGBPC,,,ES48907,PT,ES48907,105.25,94.75
2013,EU_XPD_LOCALGBPC,,,ES48907,PT,ES48907,118.55,118.55
2020,EU_XPD_LOCALGBPC,,,ES48907,PT,ES48907,111.28,88.72
2017,EU_XPD_LOCALGBPC,,,ES48907,PT,ES48907,117.0,117.0
2021,EU_XPD_LOCALGBPC,,,ES48907,PT,ES48907,101.42,98.58
2023,EU_XPD_LOCALGBPC,,,ES48907,PT,ES48907,106.83,106.83
2015,EU_XPD_LOCALGBPC,,,ES48907,PT,ES48907,159.01,159.01
2018,EU_XPD_LOCALGBPC,,,ES48907,PT,ES48907,116.35,116.35
2010,EU_XPD_LOCALGBPC,,,ES48907,PT,ES48907,100.06,99.94
2014,EU_XPD_LOCALGBPC,,,ES48907,PT,ES48907,145.98,145.98
2011,EU_XPD_LOCALGBPC,,,ES48907,PT,ES48907,143.12,143.12
2016,EU_XPD_LOCALGBPC,,,ES48907,PT,ES48907,106.61,106.61
2019,EU_XPD_LOCALGBPC,,,ES48907,PT,ES48907,100.62,99.38
2012,EU_XPD_LOCALGBPC,,,ES48907,PT,ES48907,100.62,99.38
2020,EU_XPD_LOCALGBPC,,,ES01019,PT,ES01019,112.64,112.64
2013,EU_XPD_LOCALGBPC,,,ES01019,PT,ES01019,178.15,178.15
2019,EU_XPD_LOCALGBPC,,,ES01019,PT,ES01019,135.2,135.2
2012,EU_XPD_LOCALGBPC,,,ES01019,PT,ES01019,108.03,108.03
2014,EU_XPD_LOCALGBPC,,,ES01019,PT,ES01019,150.0,150.0
2016,EU_XPD_LOCALGBPC,,,ES01019,PT,ES01019,109.43,90.57
2021,EU_XPD_LOCALGBPC,,,ES01019,PT,ES01019,112.19,112.19
2010,EU_XPD_LOCALGBPC,,,ES01019,PT,ES01019,104.75,104.75
2011,EU_XPD_LOCALGBPC,,,ES01019,PT,ES01019,237.17,237.17
2017,EU_XPD_LOCALGBPC,,,ES01019,PT,ES01019,124.53,124.53
2015,EU_XPD_LOCALGBPC,,,ES01019,PT,ES01019,106.58,93.42
2018,EU_XPD_LOCALGBPC,,,ES01019,PT,ES01019,125.96,125.96
2022,EU_XPD_LOCALGBPC,,,ES01019,PT,ES01019,131.89,131.89
2023,EU_XPD_LOCALGBPC,,,ES01019,PT,ES01019,199.95,199.95
2013,EU_XPD_LOCALGBPC,,,ES01020,PT,ES01020,104.38,104.38
2010,EU_XPD_LOCALGBPC,,,ES01020,PT,ES01020,200.37,200.37
2020,EU_XPD_LOCALGBPC,,,ES01020,PT,ES01020,141.93,141.93
2023,EU_XPD_LOCALGBPC,,,ES01020,PT,ES01020,105.8,105.8
2022,EU_XPD_LOCALGBPC,,,ES01020,PT,ES01020,137.26,137.26
2011,EU_XPD_LOCALGBPC,,,ES01020,PT,ES01020,116.31,83.69
2021,EU_XPD_LOCALGBPC,,,ES01020,PT,ES01020,188.98,188.98
2017,EU_XPD_LOCALGBPC,,,ES01020,PT,ES01020,136.27,136.27
2012,EU_XPD_LOCALGBPC,,,ES01020,PT,ES01020,116.84,116.84
2018,EU_XPD_LOCALGBPC,,,ES01020,PT,ES01020,111.02,111.02
2014,EU_XPD_LOCALGBPC,,,ES01020,PT,ES01020,103.97,103.97
2015,EU_XPD_LOCALGBPC,,,ES01020,PT,ES01020,117.13,117.13
2019,EU_XPD_LOCALGBPC,,,ES01020,PT,ES01020,104.12,104.12
2016,EU_XPD_LOCALGBPC,,,ES01020,PT,ES01020,169.25,169.25
2019,EU_XPD_LOCALGBPC,,,ES01028,PT,ES01028,117.97,117.97
2017,EU_XPD_LOCALGBPC,,,ES01028,PT,ES01028,116.26,83.74
2023,EU_XPD_LOCALGBPC,,,ES01028,PT,ES01028,118.01,118.01
2013,EU_XPD_LOCALGBPC,,,ES01028,PT,ES01028,209.39,209.39
2015,EU_XPD_LOCALGBPC,,,ES01028,PT,ES01028,113.23,113.23
2011,EU_XPD_LOCALGBPC,,,ES01028,PT,ES01028,103.97,96.03
2010,EU_XPD_LOCALGBPC,,,ES01028,PT,ES01028,119.5,80.5
2018,EU_XPD_LOCALGBPC,,,ES01028,PT,ES01028,111.22,111.22
2020,EU_XPD_LOCALGBPC,,,ES01028,PT,ES01028,128.72,71.28
2022,EU_XPD_LOCALGBPC,,,ES01028,PT,ES01028,108.59,91.41
2014,EU_XPD_LOCALGBPC,,,ES01028,PT,ES01028,121.84,121.84
2012,EU_XPD_LOCALGBPC,,,ES01028,PT,ES01028,126.54,73.46
2021,EU_XPD_LOCALGBPC,,,ES01028,PT,ES01028,106.32,106.32
2016,EU_XPD_LOCALGBPC,,,ES01028,PT,ES01028,111.28,88.72
2012,EU_XPD_LOCALGBPC,,,ES01030,PT,ES01030,130.04000000000002,69.96
2016,EU_XPD_LOCALGBPC,,,ES01030,PT,ES01030,129.0,71.0
2011,EU_XPD_LOCALGBPC,,,ES01030,PT,ES01030,138.38,61.62
2018,EU_XPD_LOCALGBPC,,,ES01030,PT,ES01030,120.19,79.81
2015,EU_XPD_LOCALGBPC,,,ES01030,PT,ES01030,115.53,84.47
2021,EU_XPD_LOCALGBPC,,,ES01030,PT,ES01030,114.05,114.05
2023,EU_XPD_LOCALGBPC,,,ES01030,PT,ES01030,157.05,157.05
2010,EU_XPD_LOCALGBPC,,,ES01030,PT,ES01030,122.29,77.71
2017,EU_XPD_LOCALGBPC,,,ES01030,PT,ES01030,102.58,97.42
2020,EU_XPD_LOCALGBPC,,,ES01030,PT,ES01030,134.73000000000002,65.27
2022,EU_XPD_LOCALGBPC,,,ES01030,PT,ES01030,121.83,121.83
2019,EU_XPD_LOCALGBPC,,,ES01030,PT,ES01030,114.36,85.64
2014,EU_XPD_LOCALGBPC,,,ES01030,PT,ES01030,117.14,82.86
2013,EU_XPD_LOCALGBPC,,,ES01030,PT,ES01030,104.89,95.11
2017,EU_XPD_LOCALGBPC,,,ES01031,PT,ES01031,109.72,109.72
2019,EU_XPD_LOCALGBPC,,,ES01031,PT,ES01031,104.21,95.79
2013,EU_XPD_LOCALGBPC,,,ES01031,PT,ES01031,138.99,61.01
2015,EU_XPD_LOCALGBPC,,,ES01031,PT,ES01031,136.19,136.19
2023,EU_XPD_LOCALGBPC,,,ES01031,PT,ES01031,110.89,110.89
2011,EU_XPD_LOCALGBPC,,,ES01031,PT,ES01031,123.92,123.92
2021,EU_XPD_LOCALGBPC,,,ES01031,PT,ES01031,109.51,109.51
2010,EU_XPD_LOCALGBPC,,,ES01031,PT,ES01031,145.13,145.13
2012,EU_XPD_LOCALGBPC,,,ES01031,PT,ES01031,125.15,125.15
2016,EU_XPD_LOCALGBPC,,,ES01031,PT,ES01031,102.46,102.46
2018,EU_XPD_LOCALGBPC,,,ES01031,PT,ES01031,150.14,150.14
2020,EU_XPD_LOCALGBPC,,,ES01031,PT,ES01031,112.15,112.15
2022,EU_XPD_LOCALGBPC,,,ES01031,PT,ES01031,111.96,111.96
2014,EU_XPD_LOCALGBPC,,,ES01031,PT,ES01031,101.66,98.34
2021,EU_XPD_LOCALGBPC,,,ES01032,PT,ES01032,110.22,110.22
2016,EU_XPD_LOCALGBPC,,,ES01032,PT,ES01032,106.82,93.18
2013,EU_XPD_LOCALGBPC,,,ES01032,PT,ES01032,208.23,208.23
2011,EU_XPD_LOCALGBPC,,,ES01032,PT,ES01032,161.26,161.26
2012,EU_XPD_LOCALGBPC,,,ES01032,PT,ES01032,140.35,140.35
2015,EU_XPD_LOCALGBPC,,,ES01032,PT,ES01032,112.7,112.7
2020,EU_XPD_LOCALGBPC,,,ES01032,PT,ES01032,105.52,105.52
2019,EU_XPD_LOCALGBPC,,,ES01032,PT,ES01032,149.87,149.87
2023,EU_XPD_LOCALGBPC,,,ES01032,PT,ES01032,114.58,114.58
2010,EU_XPD_LOCALGBPC,,,ES01032,PT,ES01032,234.53,234.53
2014,EU_XPD_LOCALGBPC,,,ES01032,PT,ES01032,110.43,110.43
2018,EU_XPD_LOCALGBPC,,,ES01032,PT,ES01032,114.56,114.56
2017,EU_XPD_LOCALGBPC,,,ES01032,PT,ES01032,139.8,139.8
2022,EU_XPD_LOCALGBPC,,,ES01032,PT,ES01032,137.09,62.91
2021,EU_XPD_LOCALGBPC,,,ES48051,PT,ES48051,114.75,114.75
2013,EU_XPD_LOCALGBPC,,,ES48051,PT,ES48051,112.52,112.52
2010,EU_XPD_LOCALGBPC,,,ES48051,PT,ES48051,159.94,40.06
2018,EU_XPD_LOCALGBPC,,,ES48051,PT,ES48051,101.33,98.67
2015,EU_XPD_LOCALGBPC,,,ES48051,PT,ES48051,157.45,157.45
2023,EU_XPD_LOCALGBPC,,,ES48051,PT,ES48051,165.01,165.01
2011,EU_XPD_LOCALGBPC,,,ES48051,PT,ES48051,158.26,41.74
2017,EU_XPD_LOCALGBPC,,,ES48051,PT,ES48051,105.15,105.15
2012,EU_XPD_LOCALGBPC,,,ES48051,PT,ES48051,138.22,138.22
2014,EU_XPD_LOCALGBPC,,,ES48051,PT,ES48051,111.02,88.98
2016,EU_XPD_LOCALGBPC,,,ES48051,PT,ES48051,100.43,99.57
2020,EU_XPD_LOCALGBPC,,,ES48051,PT,ES48051,129.74,70.26
2022,EU_XPD_LOCALGBPC,,,ES48051,PT,ES48051,145.0,145.0
2019,EU_XPD_LOCALGBPC,,,ES48051,PT,ES48051,129.27,129.27
2021,EU_XPD_LOCALGBPC,,,ES01902,PT,ES01902,105.29,94.71
2014,EU_XPD_LOCALGBPC,,,ES01902,PT,ES01902,102.2,97.8
2011,EU_XPD_LOCALGBPC,,,ES01902,PT,ES01902,158.88,41.12
2019,EU_XPD_LOCALGBPC,,,ES01902,PT,ES01902,104.23,95.77
2012,EU_XPD_LOCALGBPC,,,ES01902,PT,ES01902,169.38,169.38
2022,EU_XPD_LOCALGBPC,,,ES01902,PT,ES01902,139.14,139.14
2010,EU_XPD_LOCALGBPC,,,ES01902,PT,ES01902,131.14,68.86
2016,EU_XPD_LOCALGBPC,,,ES01902,PT,ES01902,118.0,82.0
2018,EU_XPD_LOCALGBPC,,,ES01902,PT,ES01902,119.87,80.13
2020,EU_XPD_LOCALGBPC,,,ES01902,PT,ES01902,102.69,97.31
2015,EU_XPD_LOCALGBPC,,,ES01902,PT,ES01902,114.45,85.55
2013,EU_XPD_LOCALGBPC,,,ES01902,PT,ES01902,166.71,166.71
2017,EU_XPD_LOCALGBPC,,,ES01902,PT,ES01902,107.15,107.15
2023,EU_XPD_LOCALGBPC,,,ES01902,PT,ES01902,118.35,81.65
2015,EU_XPD_LOCALGBPC,,,ES01033,PT,ES01033,124.51,124.51
2014,EU_XPD_LOCALGBPC,,,ES01033,PT,ES01033,104.96,95.04
2021,EU_XPD_LOCALGBPC,,,ES01033,PT,ES01033,163.24,163.24
2017,EU_XPD_LOCALGBPC,,,ES01033,PT,ES01033,108.88,108.88
2020,EU_XPD_LOCALGBPC,,,ES01033,PT,ES01033,148.57,51.43
2023,EU_XPD_LOCALGBPC,,,ES01033,PT,ES01033,140.9,59.1
2013,EU_XPD_LOCALGBPC,,,ES01033,PT,ES01033,157.66,42.34
2010,EU_XPD_LOCALGBPC,,,ES01033,PT,ES01033,119.41,80.59
2012,EU_XPD_LOCALGBPC,,,ES01033,PT,ES01033,149.28,50.72
2016,EU_XPD_LOCALGBPC,,,ES01033,PT,ES01033,135.03,64.97
2018,EU_XPD_LOCALGBPC,,,ES01033,PT,ES01033,149.63,50.37
2019,EU_XPD_LOCALGBPC,,,ES01033,PT,ES01033,134.56,65.44
2022,EU_XPD_LOCALGBPC,,,ES01033,PT,ES01033,140.77,59.23
2011,EU_XPD_LOCALGBPC,,,ES01033,PT,ES01033,115.32,84.68
2014,EU_XPD_LOCALGBPC,,,ES48052,PT,ES48052,111.95,111.95
2011,EU_XPD_LOCALGBPC,,,ES48052,PT,ES48052,120.48,79.52
2015,EU_XPD_LOCALGBPC,,,ES48052,PT,ES48052,132.0,132.0
2021,EU_XPD_LOCALGBPC,,,ES48052,PT,ES48052,102.02,102.02
2023,EU_XPD_LOCALGBPC,,,ES48052,PT,ES48052,106.56,106.56
2017,EU_XPD_LOCALGBPC,,,ES48052,PT,ES48052,104.16,104.16
2013,EU_XPD_LOCALGBPC,,,ES48052,PT,ES48052,105.58,105.58
2019,EU_XPD_LOCALGBPC,,,ES48052,PT,ES48052,105.75,105.75
2010,EU_XPD_LOCALGBPC,,,ES48052,PT,ES48052,102.62,97.38
2012,EU_XPD_LOCALGBPC,,,ES48052,PT,ES48052,114.29,114.29
2016,EU_XPD_LOCALGBPC,,,ES48052,PT,ES48052,113.45,113.45
2018,EU_XPD_LOCALGBPC,,,ES48052,PT,ES48052,106.64,93.36
2020,EU_XPD_LOCALGBPC,,,ES48052,PT,ES48052,109.42,109.42
2022,EU_XPD_LOCALGBPC,,,ES48052,PT,ES48052,119.48,80.52
2011,EU_XPD_LOCALGBPC,,,ES20048,PT,ES20048,153.55,46.45
2021,EU_XPD_LOCALGBPC,,,ES20048,PT,ES20048,112.96,112.96
2017,EU_XPD_LOCALGBPC,,,ES20048,PT,ES20048,122.75,77.25
2020,EU_XPD_LOCALGBPC,,,ES20048,PT,ES20048,112.42,87.58
2013,EU_XPD_LOCALGBPC,,,ES20048,PT,ES20048,105.86,105.86
2015,EU_XPD_LOCALGBPC,,,ES20048,PT,ES20048,112.03,87.97
2019,EU_XPD_LOCALGBPC,,,ES20048,PT,ES20048,112.58,112.58
2016,EU_XPD_LOCALGBPC,,,ES20048,PT,ES20048,110.62,110.62
2023,EU_XPD_LOCALGBPC,,,ES20048,PT,ES20048,100.82,99.18
2012,EU_XPD_LOCALGBPC,,,ES20048,PT,ES20048,157.34,42.66
2014,EU_XPD_LOCALGBPC,,,ES20048,PT,ES20048,108.68,91.32
2010,EU_XPD_LOCALGBPC,,,ES20048,PT,ES20048,101.45,98.55
2018,EU_XPD_LOCALGBPC,,,ES20048,PT,ES20048,121.77,121.77
2022,EU_XPD_LOCALGBPC,,,ES20048,PT,ES20048,106.92,106.92
2015,EU_XPD_LOCALGBPC,,,ES20902,PT,ES20902,108.41,91.59
2019,EU_XPD_LOCALGBPC,,,ES20902,PT,ES20902,101.43,98.57
2017,EU_XPD_LOCALGBPC,,,ES20902,PT,ES20902,108.36,91.64
2011,EU_XPD_LOCALGBPC,,,ES20902,PT,ES20902,135.43,64.57
2013,EU_XPD_LOCALGBPC,,,ES20902,PT,ES20902,116.48,83.52
2023,EU_XPD_LOCALGBPC,,,ES20902,PT,ES20902,147.04,52.96
2021,EU_XPD_LOCALGBPC,,,ES20902,PT,ES20902,146.05,53.95
2010,EU_XPD_LOCALGBPC,,,ES20902,PT,ES20902,128.82,71.18
2012,EU_XPD_LOCALGBPC,,,ES20902,PT,ES20902,105.44,94.56
2014,EU_XPD_LOCALGBPC,,,ES20902,PT,ES20902,120.87,79.13
2016,EU_XPD_LOCALGBPC,,,ES20902,PT,ES20902,112.63,87.37
2018,EU_XPD_LOCALGBPC,,,ES20902,PT,ES20902,117.5,82.5
2020,EU_XPD_LOCALGBPC,,,ES20902,PT,ES20902,127.29,72.71
2022,EU_XPD_LOCALGBPC,,,ES20902,PT,ES20902,147.04,52.96
2013,EU_XPD_LOCALGBPC,,,ES01036,PT,ES01036,102.64,102.64
2012,EU_XPD_LOCALGBPC,,,ES01036,PT,ES01036,100.18,99.82
2020,EU_XPD_LOCALGBPC,,,ES01036,PT,ES01036,106.52,106.52
2021,EU_XPD_LOCALGBPC,,,ES01036,PT,ES01036,107.78,92.22
2019,EU_XPD_LOCALGBPC,,,ES01036,PT,ES01036,111.98,111.98
2018,EU_XPD_LOCALGBPC,,,ES01036,PT,ES01036,109.49,109.49
2015,EU_XPD_LOCALGBPC,,,ES01036,PT,ES01036,105.93,105.93
2011,EU_XPD_LOCALGBPC,,,ES01036,PT,ES01036,118.63,118.63
2017,EU_XPD_LOCALGBPC,,,ES01036,PT,ES01036,103.07,103.07
2010,EU_XPD_LOCALGBPC,,,ES01036,PT,ES01036,127.11,127.11
2022,EU_XPD_LOCALGBPC,,,ES01036,PT,ES01036,105.08,105.08
2014,EU_XPD_LOCALGBPC,,,ES01036,PT,ES01036,101.98,101.98
2016,EU_XPD_LOCALGBPC,,,ES01036,PT,ES01036,107.41,107.41
2023,EU_XPD_LOCALGBPC,,,ES01036,PT,ES01036,110.33,110.33
2014,EU_XPD_LOCALGBPC,,,ES48053,PT,ES48053,105.32,105.32
2010,EU_XPD_LOCALGBPC,,,ES48053,PT,ES48053,112.02,112.02
2015,EU_XPD_LOCALGBPC,,,ES48053,PT,ES48053,100.99,100.99
2018,EU_XPD_LOCALGBPC,,,ES48053,PT,ES48053,108.36,91.64
2023,EU_XPD_LOCALGBPC,,,ES48053,PT,ES48053,102.84,102.84
2019,EU_XPD_LOCALGBPC,,,ES48053,PT,ES48053,104.18,95.82
2017,EU_XPD_LOCALGBPC,,,ES48053,PT,ES48053,103.74,96.26
2011,EU_XPD_LOCALGBPC,,,ES48053,PT,ES48053,101.53,101.53
2013,EU_XPD_LOCALGBPC,,,ES48053,PT,ES48053,103.65,96.35
2021,EU_XPD_LOCALGBPC,,,ES48053,PT,ES48053,108.64,91.36
2012,EU_XPD_LOCALGBPC,,,ES48053,PT,ES48053,101.71,101.71
2016,EU_XPD_LOCALGBPC,,,ES48053,PT,ES48053,107.21,92.79
2020,EU_XPD_LOCALGBPC,,,ES48053,PT,ES48053,111.37,88.63
2022,EU_XPD_LOCALGBPC,,,ES48053,PT,ES48053,115.92,84.08
2019,EU_XPD_LOCALGBPC,,,ES20049,PT,ES20049,100.89,99.11
2018,EU_XPD_LOCALGBPC,,,ES20049,PT,ES20049,136.31,136.31
2015,EU_XPD_LOCALGBPC,,,ES20049,PT,ES20049,113.04,86.96
2014,EU_XPD_LOCALGBPC,,,ES20049,PT,ES20049,125.24,125.24
2021,EU_XPD_LOCALGBPC,,,ES20049,PT,ES20049,104.78,95.22
2022,EU_XPD_LOCALGBPC,,,ES20049,PT,ES20049,107.69,92.31
2020,EU_XPD_LOCALGBPC,,,ES20049,PT,ES20049,114.93,85.07
2017,EU_XPD_LOCALGBPC,,,ES20049,PT,ES20049,105.4,105.4
2016,EU_XPD_LOCALGBPC,,,ES20049,PT,ES20049,111.29,88.71
2012,EU_XPD_LOCALGBPC,,,ES20049,PT,ES20049,109.99,90.01
2013,EU_XPD_LOCALGBPC,,,ES20049,PT,ES20049,103.27,103.27
2023,EU_XPD_LOCALGBPC,,,ES20049,PT,ES20049,124.25,124.25
2011,EU_XPD_LOCALGBPC,,,ES20049,PT,ES20049,173.19,173.19
2010,EU_XPD_LOCALGBPC,,,ES20049,PT,ES20049,125.6,125.6
2015,EU_XPD_LOCALGBPC,,,ES20050,PT,ES20050,123.59,123.59
2018,EU_XPD_LOCALGBPC,,,ES20050,PT,ES20050,184.72,184.72
2019,EU_XPD_LOCALGBPC,,,ES20050,PT,ES20050,100.68,100.68
2022,EU_XPD_LOCALGBPC,,,ES20050,PT,ES20050,158.35,158.35
2023,EU_XPD_LOCALGBPC,,,ES20050,PT,ES20050,130.51,130.51
2020,EU_XPD_LOCALGBPC,,,ES20050,PT,ES20050,147.04,147.04
2013,EU_XPD_LOCALGBPC,,,ES20050,PT,ES20050,110.87,110.87
2016,EU_XPD_LOCALGBPC,,,ES20050,PT,ES20050,118.16,118.16
2012,EU_XPD_LOCALGBPC,,,ES20050,PT,ES20050,102.56,97.44
2011,EU_XPD_LOCALGBPC,,,ES20050,PT,ES20050,194.67,194.67
2014,EU_XPD_LOCALGBPC,,,ES20050,PT,ES20050,111.23,111.23
2010,EU_XPD_LOCALGBPC,,,ES20050,PT,ES20050,154.89,154.89
2017,EU_XPD_LOCALGBPC,,,ES20050,PT,ES20050,149.24,50.76
2021,EU_XPD_LOCALGBPC,,,ES20050,PT,ES20050,115.69,115.69
2014,EU_XPD_LOCALGBPC,,,ES20051,PT,ES20051,114.29,85.71
2015,EU_XPD_LOCALGBPC,,,ES20051,PT,ES20051,102.68,102.68
2010,EU_XPD_LOCALGBPC,,,ES20051,PT,ES20051,118.39,118.39
2018,EU_XPD_LOCALGBPC,,,ES20051,PT,ES20051,101.01,101.01
2022,EU_XPD_LOCALGBPC,,,ES20051,PT,ES20051,107.52,107.52
2019,EU_XPD_LOCALGBPC,,,ES20051,PT,ES20051,102.28,102.28
2016,EU_XPD_LOCALGBPC,,,ES20051,PT,ES20051,104.68,95.32
2021,EU_XPD_LOCALGBPC,,,ES20051,PT,ES20051,104.55,95.45
2017,EU_XPD_LOCALGBPC,,,ES20051,PT,ES20051,104.31,104.31
2020,EU_XPD_LOCALGBPC,,,ES20051,PT,ES20051,103.2,96.8
2011,EU_XPD_LOCALGBPC,,,ES20051,PT,ES20051,116.98,116.98
2023,EU_XPD_LOCALGBPC,,,ES20051,PT,ES20051,110.33,110.33
2012,EU_XPD_LOCALGBPC,,,ES20051,PT,ES20051,101.1,98.9
2013,EU_XPD_LOCALGBPC,,,ES20051,PT,ES20051,102.33,102.33
2020,EU_XPD_LOCALGBPC,,,ES20052,PT,ES20052,112.27,87.73
2016,EU_XPD_LOCALGBPC,,,ES20052,PT,ES20052,115.82,115.82
2012,EU_XPD_LOCALGBPC,,,ES20052,PT,ES20052,102.27,97.73
2013,EU_XPD_LOCALGBPC,,,ES20052,PT,ES20052,103.4,96.6
2010,EU_XPD_LOCALGBPC,,,ES20052,PT,ES20052,113.83,113.83
2011,EU_XPD_LOCALGBPC,,,ES20052,PT,ES20052,102.55,102.55
2021,EU_XPD_LOCALGBPC,,,ES20052,PT,ES20052,101.34,98.66
2014,EU_XPD_LOCALGBPC,,,ES20052,PT,ES20052,103.48,103.48
2018,EU_XPD_LOCALGBPC,,,ES20052,PT,ES20052,121.5,121.5
2015,EU_XPD_LOCALGBPC,,,ES20052,PT,ES20052,141.01,141.01
2022,EU_XPD_LOCALGBPC,,,ES20052,PT,ES20052,104.68,104.68
2017,EU_XPD_LOCALGBPC,,,ES20052,PT,ES20052,105.9,105.9
2023,EU_XPD_LOCALGBPC,,,ES20052,PT,ES20052,102.96,97.04
2019,EU_XPD_LOCALGBPC,,,ES20052,PT,ES20052,113.18,113.18
2010,EU_XPD_LOCALGBPC,,,ES01058,PT,ES01058,106.25,106.25
2016,EU_XPD_LOCALGBPC,,,ES01058,PT,ES01058,105.56,94.44
2011,EU_XPD_LOCALGBPC,,,ES01058,PT,ES01058,104.9,104.9
2022,EU_XPD_LOCALGBPC,,,ES01058,PT,ES01058,105.78,94.22
2019,EU_XPD_LOCALGBPC,,,ES01058,PT,ES01058,109.84,90.16
2012,EU_XPD_LOCALGBPC,,,ES01058,PT,ES01058,109.54,90.46
2020,EU_XPD_LOCALGBPC,,,ES01058,PT,ES01058,125.43,74.57
2013,EU_XPD_LOCALGBPC,,,ES01058,PT,ES01058,112.15,112.15
2021,EU_XPD_LOCALGBPC,,,ES01058,PT,ES01058,126.43,73.57
2017,EU_XPD_LOCALGBPC,,,ES01058,PT,ES01058,106.87,106.87
2023,EU_XPD_LOCALGBPC,,,ES01058,PT,ES01058,101.03,98.97
2015,EU_XPD_LOCALGBPC,,,ES01058,PT,ES01058,109.19,109.19
2018,EU_XPD_LOCALGBPC,,,ES01058,PT,ES01058,113.98,86.02
2014,EU_XPD_LOCALGBPC,,,ES01058,PT,ES01058,104.14,104.14
2023,EU_XPD_LOCALGBPC,,,ES20068,PT,ES20068,111.58,111.58
2019,EU_XPD_LOCALGBPC,,,ES20068,PT,ES20068,111.55,111.55
2020,EU_XPD_LOCALGBPC,,,ES20068,PT,ES20068,104.28,95.72
2011,EU_XPD_LOCALGBPC,,,ES20068,PT,ES20068,199.54,199.54
2012,EU_XPD_LOCALGBPC,,,ES20068,PT,ES20068,108.61,91.39
2015,EU_XPD_LOCALGBPC,,,ES20068,PT,ES20068,142.35,142.35
2016,EU_XPD_LOCALGBPC,,,ES20068,PT,ES20068,139.98,139.98
2010,EU_XPD_LOCALGBPC,,,ES20068,PT,ES20068,142.89,142.89
2018,EU_XPD_LOCALGBPC,,,ES20068,PT,ES20068,129.39,129.39
2013,EU_XPD_LOCALGBPC,,,ES20068,PT,ES20068,100.82,100.82
2014,EU_XPD_LOCALGBPC,,,ES20068,PT,ES20068,115.18,115.18
2017,EU_XPD_LOCALGBPC,,,ES20068,PT,ES20068,105.55,94.45
2021,EU_XPD_LOCALGBPC,,,ES20068,PT,ES20068,105.21,94.79
2022,EU_XPD_LOCALGBPC,,,ES20068,PT,ES20068,106.75,93.25
2010,EU_XPD_LOCALGBPC,,,ES48054,PT,ES48054,129.27,129.27
2015,EU_XPD_LOCALGBPC,,,ES48054,PT,ES48054,102.13,97.87
2014,EU_XPD_LOCALGBPC,,,ES48054,PT,ES48054,102.96,97.04
2013,EU_XPD_LOCALGBPC,,,ES48054,PT,ES48054,102.58,102.58
2021,EU_XPD_LOCALGBPC,,,ES48054,PT,ES48054,101.4,98.6
2017,EU_XPD_LOCALGBPC,,,ES48054,PT,ES48054,109.81,90.19
2011,EU_XPD_LOCALGBPC,,,ES48054,PT,ES48054,110.81,110.81
2019,EU_XPD_LOCALGBPC,,,ES48054,PT,ES48054,101.75,98.25
2023,EU_XPD_LOCALGBPC,,,ES48054,PT,ES48054,102.07,102.07
2012,EU_XPD_LOCALGBPC,,,ES48054,PT,ES48054,110.31,110.31
2016,EU_XPD_LOCALGBPC,,,ES48054,PT,ES48054,100.78,99.22
2018,EU_XPD_LOCALGBPC,,,ES48054,PT,ES48054,107.91,92.09
2020,EU_XPD_LOCALGBPC,,,ES48054,PT,ES48054,113.63,86.37
2022,EU_XPD_LOCALGBPC,,,ES48054,PT,ES48054,104.02,95.98
2010,EU_XPD_LOCALGBPC,,,ES48057,PT,ES48057,112.1,112.1
2023,EU_XPD_LOCALGBPC,,,ES48057,PT,ES48057,115.8,115.8
2015,EU_XPD_LOCALGBPC,,,ES48057,PT,ES48057,105.33,94.67
2017,EU_XPD_LOCALGBPC,,,ES48057,PT,ES48057,104.4,104.4
2018,EU_XPD_LOCALGBPC,,,ES48057,PT,ES48057,110.74,110.74
2011,EU_XPD_LOCALGBPC,,,ES48057,PT,ES48057,124.75,124.75
2019,EU_XPD_LOCALGBPC,,,ES48057,PT,ES48057,123.3,123.3
2013,EU_XPD_LOCALGBPC,,,ES48057,PT,ES48057,101.81,98.19
2021,EU_XPD_LOCALGBPC,,,ES48057,PT,ES48057,103.35,103.35
2012,EU_XPD_LOCALGBPC,,,ES48057,PT,ES48057,104.87,95.13
2014,EU_XPD_LOCALGBPC,,,ES48057,PT,ES48057,106.53,106.53
2016,EU_XPD_LOCALGBPC,,,ES48057,PT,ES48057,101.37,101.37
2020,EU_XPD_LOCALGBPC,,,ES48057,PT,ES48057,104.9,95.1
2022,EU_XPD_LOCALGBPC,,,ES48057,PT,ES48057,110.18,110.18
2015,EU_XPD_LOCALGBPC,,,ES48055,PT,ES48055,113.59,86.41
2010,EU_XPD_LOCALGBPC,,,ES48055,PT,ES48055,120.43,79.57
2018,EU_XPD_LOCALGBPC,,,ES48055,PT,ES48055,102.81,102.81
2011,EU_XPD_LOCALGBPC,,,ES48055,PT,ES48055,120.83,79.17
2023,EU_XPD_LOCALGBPC,,,ES48055,PT,ES48055,106.06,106.06
2021,EU_XPD_LOCALGBPC,,,ES48055,PT,ES48055,116.25,116.25
2019,EU_XPD_LOCALGBPC,,,ES48055,PT,ES48055,114.44,114.44
2017,EU_XPD_LOCALGBPC,,,ES48055,PT,ES48055,102.97,97.03
2012,EU_XPD_LOCALGBPC,,,ES48055,PT,ES48055,103.03,103.03
2014,EU_XPD_LOCALGBPC,,,ES48055,PT,ES48055,106.41,106.41
2016,EU_XPD_LOCALGBPC,,,ES48055,PT,ES48055,103.82,96.18
2020,EU_XPD_LOCALGBPC,,,ES48055,PT,ES48055,107.9,92.1
2022,EU_XPD_LOCALGBPC,,,ES48055,PT,ES48055,109.55,109.55
2013,EU_XPD_LOCALGBPC,,,ES48055,PT,ES48055,113.89,113.89
2014,EU_XPD_LOCALGBPC,,,ES48056,PT,ES48056,111.38,111.38
2011,EU_XPD_LOCALGBPC,,,ES48056,PT,ES48056,101.84,98.16
2013,EU_XPD_LOCALGBPC,,,ES48056,PT,ES48056,112.95,112.95
2017,EU_XPD_LOCALGBPC,,,ES48056,PT,ES48056,110.83,110.83
2021,EU_XPD_LOCALGBPC,,,ES48056,PT,ES48056,105.85,94.15
2015,EU_XPD_LOCALGBPC,,,ES48056,PT,ES48056,100.72,99.28
2023,EU_XPD_LOCALGBPC,,,ES48056,PT,ES48056,101.4,101.4
2019,EU_XPD_LOCALGBPC,,,ES48056,PT,ES48056,101.6,101.6
2010,EU_XPD_LOCALGBPC,,,ES48056,PT,ES48056,128.82,71.18
2012,EU_XPD_LOCALGBPC,,,ES48056,PT,ES48056,106.65,106.65
2016,EU_XPD_LOCALGBPC,,,ES48056,PT,ES48056,104.14,95.86
2018,EU_XPD_LOCALGBPC,,,ES48056,PT,ES48056,115.79,84.21
2020,EU_XPD_LOCALGBPC,,,ES48056,PT,ES48056,120.78,79.22
2022,EU_XPD_LOCALGBPC,,,ES48056,PT,ES48056,104.88,95.12
2021,EU_XPD_LOCALGBPC,,,ES01034,PT,ES01034,125.33,125.33
2017,EU_XPD_LOCALGBPC,,,ES01034,PT,ES01034,134.87,65.13
2018,EU_XPD_LOCALGBPC,,,ES01034,PT,ES01034,104.63,104.63
2013,EU_XPD_LOCALGBPC,,,ES01034,PT,ES01034,100.25,99.75
2019,EU_XPD_LOCALGBPC,,,ES01034,PT,ES01034,136.25,63.75
2011,EU_XPD_LOCALGBPC,,,ES01034,PT,ES01034,123.54,123.54
2020,EU_XPD_LOCALGBPC,,,ES01034,PT,ES01034,114.66,85.34
2015,EU_XPD_LOCALGBPC,,,ES01034,PT,ES01034,111.5,88.5
2010,EU_XPD_LOCALGBPC,,,ES01034,PT,ES01034,224.68,224.68
2012,EU_XPD_LOCALGBPC,,,ES01034,PT,ES01034,118.4,81.6
2023,EU_XPD_LOCALGBPC,,,ES01034,PT,ES01034,124.8,75.2
2014,EU_XPD_LOCALGBPC,,,ES01034,PT,ES01034,101.14,98.86
2016,EU_XPD_LOCALGBPC,,,ES01034,PT,ES01034,131.78,68.22
2022,EU_XPD_LOCALGBPC,,,ES01034,PT,ES01034,137.39,137.39
2016,EU_XPD_LOCALGBPC,,,ES48081,PT,ES48081,101.57,98.43
2022,EU_XPD_LOCALGBPC,,,ES48081,PT,ES48081,137.84,137.84
2010,EU_XPD_LOCALGBPC,,,ES48081,PT,ES48081,240.6,240.6
2012,EU_XPD_LOCALGBPC,,,ES48081,PT,ES48081,123.7,123.7
2020,EU_XPD_LOCALGBPC,,,ES48081,PT,ES48081,111.16,88.84
2011,EU_XPD_LOCALGBPC,,,ES48081,PT,ES48081,178.46,178.46
2015,EU_XPD_LOCALGBPC,,,ES48081,PT,ES48081,105.76,94.24
2017,EU_XPD_LOCALGBPC,,,ES48081,PT,ES48081,102.44,97.56
2019,EU_XPD_LOCALGBPC,,,ES48081,PT,ES48081,101.6,101.6
2023,EU_XPD_LOCALGBPC,,,ES48081,PT,ES48081,167.18,167.18
2014,EU_XPD_LOCALGBPC,,,ES48081,PT,ES48081,121.93,121.93
2013,EU_XPD_LOCALGBPC,,,ES48081,PT,ES48081,106.9,93.1
2018,EU_XPD_LOCALGBPC,,,ES48081,PT,ES48081,116.19,116.19
2021,EU_XPD_LOCALGBPC,,,ES48081,PT,ES48081,110.61,110.61
2018,EU_XPD_LOCALGBPC,,,ES20053,PT,ES20053,101.47,101.47
2019,EU_XPD_LOCALGBPC,,,ES20053,PT,ES20053,101.14,101.14
2010,EU_XPD_LOCALGBPC,,,ES20053,PT,ES20053,130.65,130.65
2014,EU_XPD_LOCALGBPC,,,ES20053,PT,ES20053,102.02,102.02
2011,EU_XPD_LOCALGBPC,,,ES20053,PT,ES20053,112.2,112.2
2015,EU_XPD_LOCALGBPC,,,ES20053,PT,ES20053,101.36,101.36
2021,EU_XPD_LOCALGBPC,,,ES20053,PT,ES20053,103.6,103.6
2012,EU_XPD_LOCALGBPC,,,ES20053,PT,ES20053,100.66,100.66
2013,EU_XPD_LOCALGBPC,,,ES20053,PT,ES20053,100.85,99.15
2022,EU_XPD_LOCALGBPC,,,ES20053,PT,ES20053,109.47,109.47
2023,EU_XPD_LOCALGBPC,,,ES20053,PT,ES20053,102.52,97.48
2016,EU_XPD_LOCALGBPC,,,ES20053,PT,ES20053,103.36,96.64
2017,EU_XPD_LOCALGBPC,,,ES20053,PT,ES20053,105.2,105.2
2020,EU_XPD_LOCALGBPC,,,ES20053,PT,ES20053,103.16,103.16
2019,EU_XPD_LOCALGBPC,,,ES20054,PT,ES20054,105.38,105.38
2013,EU_XPD_LOCALGBPC,,,ES20054,PT,ES20054,112.64,112.64
2022,EU_XPD_LOCALGBPC,,,ES20054,PT,ES20054,127.68,127.68
2023,EU_XPD_LOCALGBPC,,,ES20054,PT,ES20054,131.99,68.01
2017,EU_XPD_LOCALGBPC,,,ES20054,PT,ES20054,112.89,87.11
2016,EU_XPD_LOCALGBPC,,,ES20054,PT,ES20054,102.52,102.52
2015,EU_XPD_LOCALGBPC,,,ES20054,PT,ES20054,101.42,101.42
2012,EU_XPD_LOCALGBPC,,,ES20054,PT,ES20054,109.33,109.33
2018,EU_XPD_LOCALGBPC,,,ES20054,PT,ES20054,101.14,101.14
2021,EU_XPD_LOCALGBPC,,,ES20054,PT,ES20054,103.7,103.7
2011,EU_XPD_LOCALGBPC,,,ES20054,PT,ES20054,111.58,111.58
2010,EU_XPD_LOCALGBPC,,,ES20054,PT,ES20054,121.02,121.02
2020,EU_XPD_LOCALGBPC,,,ES20054,PT,ES20054,100.43,100.43
2014,EU_XPD_LOCALGBPC,,,ES20054,PT,ES20054,103.26,103.26
2018,EU_XPD_LOCALGBPC,,,ES48903,PT,ES48903,105.92,105.92
2011,EU_XPD_LOCALGBPC,,,ES48903,PT,ES48903,111.01,111.01
2023,EU_XPD_LOCALGBPC,,,ES48903,PT,ES48903,110.76,110.76
2012,EU_XPD_LOCALGBPC,,,ES48903,PT,ES48903,114.88,114.88
2017,EU_XPD_LOCALGBPC,,,ES48903,PT,ES48903,114.92,114.92
2013,EU_XPD_LOCALGBPC,,,ES48903,PT,ES48903,118.2,118.2
2019,EU_XPD_LOCALGBPC,,,ES48903,PT,ES48903,107.32,107.32
2014,EU_XPD_LOCALGBPC,,,ES48903,PT,ES48903,116.98,116.98
2016,EU_XPD_LOCALGBPC,,,ES48903,PT,ES48903,124.68,124.68
2020,EU_XPD_LOCALGBPC,,,ES48903,PT,ES48903,114.96,85.04
2022,EU_XPD_LOCALGBPC,,,ES48903,PT,ES48903,102.91,102.91
2015,EU_XPD_LOCALGBPC,,,ES48903,PT,ES48903,113.35,113.35
2021,EU_XPD_LOCALGBPC,,,ES48903,PT,ES48903,104.94,104.94
2010,EU_XPD_LOCALGBPC,,,ES48903,PT,ES48903,136.83,136.83
2013,EU_XPD_LOCALGBPC,,,ES48058,PT,ES48058,104.97,104.97
2017,EU_XPD_LOCALGBPC,,,ES48058,PT,ES48058,108.81,108.81
2014,EU_XPD_LOCALGBPC,,,ES48058,PT,ES48058,101.65,98.35
2015,EU_XPD_LOCALGBPC,,,ES48058,PT,ES48058,114.96,114.96
2011,EU_XPD_LOCALGBPC,,,ES48058,PT,ES48058,112.11,112.11
2021,EU_XPD_LOCALGBPC,,,ES48058,PT,ES48058,100.78,100.78
2019,EU_XPD_LOCALGBPC,,,ES48058,PT,ES48058,108.57,108.57
2023,EU_XPD_LOCALGBPC,,,ES48058,PT,ES48058,148.12,148.12
2010,EU_XPD_LOCALGBPC,,,ES48058,PT,ES48058,114.85,114.85
2012,EU_XPD_LOCALGBPC,,,ES48058,PT,ES48058,115.46,115.46
2016,EU_XPD_LOCALGBPC,,,ES48058,PT,ES48058,113.4,113.4
2018,EU_XPD_LOCALGBPC,,,ES48058,PT,ES48058,108.26,108.26
2020,EU_XPD_LOCALGBPC,,,ES48058,PT,ES48058,126.62,126.62
2022,EU_XPD_LOCALGBPC,,,ES48058,PT,ES48058,100.87,99.13
2019,EU_XPD_LOCALGBPC,,,ES48059,PT,ES48059,107.08,107.08
2015,EU_XPD_LOCALGBPC,,,ES48059,PT,ES48059,103.11,96.89
2010,EU_XPD_LOCALGBPC,,,ES48059,PT,ES48059,249.88,249.88
2011,EU_XPD_LOCALGBPC,,,ES48059,PT,ES48059,118.93,118.93
2018,EU_XPD_LOCALGBPC,,,ES48059,PT,ES48059,108.27,91.73
2021,EU_XPD_LOCALGBPC,,,ES48059,PT,ES48059,162.76,162.76
2013,EU_XPD_LOCALGBPC,,,ES48059,PT,ES48059,119.82,119.82
2023,EU_XPD_LOCALGBPC,,,ES48059,PT,ES48059,100.48,99.52
2017,EU_XPD_LOCALGBPC,,,ES48059,PT,ES48059,102.93,102.93
2012,EU_XPD_LOCALGBPC,,,ES48059,PT,ES48059,106.4,106.4
2014,EU_XPD_LOCALGBPC,,,ES48059,PT,ES48059,109.31,109.31
2016,EU_XPD_LOCALGBPC,,,ES48059,PT,ES48059,138.31,138.31
2020,EU_XPD_LOCALGBPC,,,ES48059,PT,ES48059,117.13,82.87
2022,EU_XPD_LOCALGBPC,,,ES48059,PT,ES48059,106.08,106.08
2014,EU_XPD_LOCALGBPC,,,ES48060,PT,ES48060,107.42,107.42
2013,EU_XPD_LOCALGBPC,,,ES48060,PT,ES48060,105.67,105.67
2023,EU_XPD_LOCALGBPC,,,ES48060,PT,ES48060,116.71,116.71
2011,EU_XPD_LOCALGBPC,,,ES48060,PT,ES48060,113.13,113.13
2017,EU_XPD_LOCALGBPC,,,ES48060,PT,ES48060,103.91,103.91
2015,EU_XPD_LOCALGBPC,,,ES48060,PT,ES48060,121.92,121.92
2021,EU_XPD_LOCALGBPC,,,ES48060,PT,ES48060,126.04,126.04
2010,EU_XPD_LOCALGBPC,,,ES48060,PT,ES48060,113.71,113.71
2012,EU_XPD_LOCALGBPC,,,ES48060,PT,ES48060,102.25,102.25
2016,EU_XPD_LOCALGBPC,,,ES48060,PT,ES48060,117.86,117.86
2018,EU_XPD_LOCALGBPC,,,ES48060,PT,ES48060,131.01,131.01
2020,EU_XPD_LOCALGBPC,,,ES48060,PT,ES48060,102.46,102.46
2022,EU_XPD_LOCALGBPC,,,ES48060,PT,ES48060,110.73,110.73
2019,EU_XPD_LOCALGBPC,,,ES48060,PT,ES48060,136.26,136.26
2019,EU_XPD_LOCALGBPC,,,ES48061,PT,ES48061,102.23,97.77
2013,EU_XPD_LOCALGBPC,,,ES48061,PT,ES48061,111.97,111.97
2015,EU_XPD_LOCALGBPC,,,ES48061,PT,ES48061,105.21,105.21
2010,EU_XPD_LOCALGBPC,,,ES48061,PT,ES48061,171.09,171.09
2014,EU_XPD_LOCALGBPC,,,ES48061,PT,ES48061,204.23,204.23
2018,EU_XPD_LOCALGBPC,,,ES48061,PT,ES48061,107.55,92.45
2022,EU_XPD_LOCALGBPC,,,ES48061,PT,ES48061,109.14,109.14
2011,EU_XPD_LOCALGBPC,,,ES48061,PT,ES48061,128.16,128.16
2016,EU_XPD_LOCALGBPC,,,ES48061,PT,ES48061,100.17,100.17
2017,EU_XPD_LOCALGBPC,,,ES48061,PT,ES48061,103.49,103.49
2012,EU_XPD_LOCALGBPC,,,ES48061,PT,ES48061,120.63,120.63
2021,EU_XPD_LOCALGBPC,,,ES48061,PT,ES48061,106.43,106.43
2020,EU_XPD_LOCALGBPC,,,ES48061,PT,ES48061,113.28,86.72
2023,EU_XPD_LOCALGBPC,,,ES20901,PT,ES20901,148.09,148.09
2017,EU_XPD_LOCALGBPC,,,ES20901,PT,ES20901,109.39,90.61
2011,EU_XPD_LOCALGBPC,,,ES20901,PT,ES20901,101.85,98.15
2019,EU_XPD_LOCALGBPC,,,ES20901,PT,ES20901,101.76,98.24
2015,EU_XPD_LOCALGBPC,,,ES20901,PT,ES20901,110.6,89.4
2013,EU_XPD_LOCALGBPC,,,ES20901,PT,ES20901,105.46,94.54
2012,EU_XPD_LOCALGBPC,,,ES20901,PT,ES20901,116.86,116.86
2021,EU_XPD_LOCALGBPC,,,ES20901,PT,ES20901,101.35,101.35
2010,EU_XPD_LOCALGBPC,,,ES20901,PT,ES20901,102.66,102.66
2014,EU_XPD_LOCALGBPC,,,ES20901,PT,ES20901,101.53,101.53
2016,EU_XPD_LOCALGBPC,,,ES20901,PT,ES20901,107.5,92.5
2018,EU_XPD_LOCALGBPC,,,ES20901,PT,ES20901,109.52,109.52
2020,EU_XPD_LOCALGBPC,,,ES20901,PT,ES20901,111.0,89.0
2022,EU_XPD_LOCALGBPC,,,ES20901,PT,ES20901,115.87,115.87
2016,EU_XPD_LOCALGBPC,,,ES48062,PT,ES48062,105.35,94.65
2014,EU_XPD_LOCALGBPC,,,ES48062,PT,ES48062,102.85,102.85
2020,EU_XPD_LOCALGBPC,,,ES48062,PT,ES48062,117.1,82.9
2010,EU_XPD_LOCALGBPC,,,ES48062,PT,ES48062,115.75,115.75
2011,EU_XPD_LOCALGBPC,,,ES48062,PT,ES48062,100.86,100.86
2015,EU_XPD_LOCALGBPC,,,ES48062,PT,ES48062,107.1,107.1
2017,EU_XPD_LOCALGBPC,,,ES48062,PT,ES48062,103.99,103.99
2019,EU_XPD_LOCALGBPC,,,ES48062,PT,ES48062,121.33,78.67
2021,EU_XPD_LOCALGBPC,,,ES48062,PT,ES48062,120.87,79.13
2023,EU_XPD_LOCALGBPC,,,ES48062,PT,ES48062,122.74,77.26
2013,EU_XPD_LOCALGBPC,,,ES48062,PT,ES48062,129.72,129.72
2018,EU_XPD_LOCALGBPC,,,ES48062,PT,ES48062,114.98,85.02
2022,EU_XPD_LOCALGBPC,,,ES48062,PT,ES48062,116.33,83.67
2012,EU_XPD_LOCALGBPC,,,ES48062,PT,ES48062,103.77,96.23
2014,EU_XPD_LOCALGBPC,,,ES48063,PT,ES48063,103.35,96.65
2010,EU_XPD_LOCALGBPC,,,ES48063,PT,ES48063,110.29,89.71
2022,EU_XPD_LOCALGBPC,,,ES48063,PT,ES48063,103.23,96.77
2012,EU_XPD_LOCALGBPC,,,ES48063,PT,ES48063,104.2,104.2
2011,EU_XPD_LOCALGBPC,,,ES48063,PT,ES48063,124.24,124.24
2013,EU_XPD_LOCALGBPC,,,ES48063,PT,ES48063,109.27,109.27
2015,EU_XPD_LOCALGBPC,,,ES48063,PT,ES48063,141.41,141.41
2019,EU_XPD_LOCALGBPC,,,ES48063,PT,ES48063,100.95,100.95
2023,EU_XPD_LOCALGBPC,,,ES48063,PT,ES48063,127.66,127.66
2021,EU_XPD_LOCALGBPC,,,ES48063,PT,ES48063,107.88,92.12
2020,EU_XPD_LOCALGBPC,,,ES48063,PT,ES48063,112.55,87.45
2018,EU_XPD_LOCALGBPC,,,ES48063,PT,ES48063,101.18,98.82
2016,EU_XPD_LOCALGBPC,,,ES48063,PT,ES48063,110.37,110.37
2017,EU_XPD_LOCALGBPC,,,ES48063,PT,ES48063,101.79,101.79
2013,EU_XPD_LOCALGBPC,,,ES48064,PT,ES48064,105.43,94.57
2018,EU_XPD_LOCALGBPC,,,ES48064,PT,ES48064,109.42,109.42
2010,EU_XPD_LOCALGBPC,,,ES48064,PT,ES48064,130.8,69.2
2020,EU_XPD_LOCALGBPC,,,ES48064,PT,ES48064,110.77,110.77
2016,EU_XPD_LOCALGBPC,,,ES48064,PT,ES48064,106.72,93.28
2014,EU_XPD_LOCALGBPC,,,ES48064,PT,ES48064,107.92,92.08
2022,EU_XPD_LOCALGBPC,,,ES48064,PT,ES48064,115.65,84.35
2011,EU_XPD_LOCALGBPC,,,ES48064,PT,ES48064,147.82,52.18
2015,EU_XPD_LOCALGBPC,,,ES48064,PT,ES48064,115.21,115.21
2017,EU_XPD_LOCALGBPC,,,ES48064,PT,ES48064,103.81,96.19
2019,EU_XPD_LOCALGBPC,,,ES48064,PT,ES48064,114.08,85.92
2021,EU_XPD_LOCALGBPC,,,ES48064,PT,ES48064,103.78,96.22
2023,EU_XPD_LOCALGBPC,,,ES48064,PT,ES48064,103.79,103.79
2012,EU_XPD_LOCALGBPC,,,ES48064,PT,ES48064,102.08,97.92
2022,EU_XPD_LOCALGBPC,,,ES01039,PT,ES01039,146.43,53.57
2018,EU_XPD_LOCALGBPC,,,ES01039,PT,ES01039,170.17000000000002,29.83
2016,EU_XPD_LOCALGBPC,,,ES01039,PT,ES01039,201.95,201.95
2011,EU_XPD_LOCALGBPC,,,ES01039,PT,ES01039,403.34,403.34
2013,EU_XPD_LOCALGBPC,,,ES01039,PT,ES01039,122.77,122.77
2017,EU_XPD_LOCALGBPC,,,ES01039,PT,ES01039,108.68,91.32
2010,EU_XPD_LOCALGBPC,,,ES01039,PT,ES01039,280.92,280.92
2012,EU_XPD_LOCALGBPC,,,ES01039,PT,ES01039,214.79,214.79
2014,EU_XPD_LOCALGBPC,,,ES01039,PT,ES01039,185.07,185.07
2015,EU_XPD_LOCALGBPC,,,ES01039,PT,ES01039,106.65,93.35
2019,EU_XPD_LOCALGBPC,,,ES01039,PT,ES01039,104.59,95.41
2023,EU_XPD_LOCALGBPC,,,ES01039,PT,ES01039,108.65,91.35
2021,EU_XPD_LOCALGBPC,,,ES01039,PT,ES01039,172.26999999999998,27.73
2020,EU_XPD_LOCALGBPC,,,ES01039,PT,ES01039,112.42,87.58
2016,EU_XPD_LOCALGBPC,,,ES48066,PT,ES48066,112.04,87.96
2014,EU_XPD_LOCALGBPC,,,ES48066,PT,ES48066,108.93,91.07
2020,EU_XPD_LOCALGBPC,,,ES48066,PT,ES48066,124.25,75.75
2012,EU_XPD_LOCALGBPC,,,ES48066,PT,ES48066,108.38,91.62
2010,EU_XPD_LOCALGBPC,,,ES48066,PT,ES48066,107.11,107.11
2018,EU_XPD_LOCALGBPC,,,ES48066,PT,ES48066,109.67,90.33
2011,EU_XPD_LOCALGBPC,,,ES48066,PT,ES48066,103.91,103.91
2015,EU_XPD_LOCALGBPC,,,ES48066,PT,ES48066,121.72,121.72
2017,EU_XPD_LOCALGBPC,,,ES48066,PT,ES48066,109.54,109.54
2019,EU_XPD_LOCALGBPC,,,ES48066,PT,ES48066,109.31,109.31
2023,EU_XPD_LOCALGBPC,,,ES48066,PT,ES48066,167.5,167.5
2013,EU_XPD_LOCALGBPC,,,ES48066,PT,ES48066,113.34,86.66
2022,EU_XPD_LOCALGBPC,,,ES48066,PT,ES48066,118.2,118.2
2021,EU_XPD_LOCALGBPC,,,ES48066,PT,ES48066,136.47,136.47
2021,EU_XPD_LOCALGBPC,,,ES48068,PT,ES48068,117.49,82.51
2013,EU_XPD_LOCALGBPC,,,ES48068,PT,ES48068,127.96,127.96
2012,EU_XPD_LOCALGBPC,,,ES48068,PT,ES48068,116.34,116.34
2020,EU_XPD_LOCALGBPC,,,ES48068,PT,ES48068,121.23,78.77
2010,EU_XPD_LOCALGBPC,,,ES48068,PT,ES48068,144.9,144.9
2018,EU_XPD_LOCALGBPC,,,ES48068,PT,ES48068,120.1,79.9
2016,EU_XPD_LOCALGBPC,,,ES48068,PT,ES48068,115.07,84.93
2014,EU_XPD_LOCALGBPC,,,ES48068,PT,ES48068,103.62,103.62
2022,EU_XPD_LOCALGBPC,,,ES48068,PT,ES48068,118.17,81.83
2011,EU_XPD_LOCALGBPC,,,ES48068,PT,ES48068,121.0,121.0
2015,EU_XPD_LOCALGBPC,,,ES48068,PT,ES48068,102.88,102.88
2017,EU_XPD_LOCALGBPC,,,ES48068,PT,ES48068,114.37,85.63
2019,EU_XPD_LOCALGBPC,,,ES48068,PT,ES48068,117.01,82.99
2023,EU_XPD_LOCALGBPC,,,ES48068,PT,ES48068,116.02,83.98
2016,EU_XPD_LOCALGBPC,,,ES48069,PT,ES48069,105.09,105.09
2010,EU_XPD_LOCALGBPC,,,ES48069,PT,ES48069,111.8,111.8
2022,EU_XPD_LOCALGBPC,,,ES48069,PT,ES48069,121.48,121.48
2014,EU_XPD_LOCALGBPC,,,ES48069,PT,ES48069,115.5,115.5
2018,EU_XPD_LOCALGBPC,,,ES48069,PT,ES48069,101.23,98.77
2012,EU_XPD_LOCALGBPC,,,ES48069,PT,ES48069,103.33,103.33
2020,EU_XPD_LOCALGBPC,,,ES48069,PT,ES48069,108.71,91.29
2011,EU_XPD_LOCALGBPC,,,ES48069,PT,ES48069,102.67,102.67
2013,EU_XPD_LOCALGBPC,,,ES48069,PT,ES48069,108.18,108.18
2015,EU_XPD_LOCALGBPC,,,ES48069,PT,ES48069,108.78,108.78
2017,EU_XPD_LOCALGBPC,,,ES48069,PT,ES48069,109.86,109.86
2019,EU_XPD_LOCALGBPC,,,ES48069,PT,ES48069,109.89,90.11
2021,EU_XPD_LOCALGBPC,,,ES48069,PT,ES48069,101.52,101.52
2023,EU_XPD_LOCALGBPC,,,ES48069,PT,ES48069,100.18,99.82
2013,EU_XPD_LOCALGBPC,,,ES48007,PT,ES48007,105.59,94.41
2011,EU_XPD_LOCALGBPC,,,ES48007,PT,ES48007,117.9,82.1
2021,EU_XPD_LOCALGBPC,,,ES48007,PT,ES48007,119.18,80.82
2015,EU_XPD_LOCALGBPC,,,ES48007,PT,ES48007,109.03,90.97
2023,EU_XPD_LOCALGBPC,,,ES48007,PT,ES48007,113.47,113.47
2010,EU_XPD_LOCALGBPC,,,ES48007,PT,ES48007,105.97,105.97
2012,EU_XPD_LOCALGBPC,,,ES48007,PT,ES48007,101.81,98.19
2014,EU_XPD_LOCALGBPC,,,ES48007,PT,ES48007,117.24,82.76
2016,EU_XPD_LOCALGBPC,,,ES48007,PT,ES48007,110.45,89.55
2018,EU_XPD_LOCALGBPC,,,ES48007,PT,ES48007,115.74,84.26
2020,EU_XPD_LOCALGBPC,,,ES48007,PT,ES48007,128.68,71.32
2022,EU_XPD_LOCALGBPC,,,ES48007,PT,ES48007,117.82,82.18
2019,EU_XPD_LOCALGBPC,,,ES48007,PT,ES48007,146.66,53.34
2017,EU_XPD_LOCALGBPC,,,ES48007,PT,ES48007,106.49,93.51
2023,EU_XPD_LOCALGBPC,,,ES48908,PT,ES48908,102.01,97.99
2014,EU_XPD_LOCALGBPC,,,ES48908,PT,ES48908,100.2,100.2
2019,EU_XPD_LOCALGBPC,,,ES48908,PT,ES48908,110.9,110.9
2015,EU_XPD_LOCALGBPC,,,ES48908,PT,ES48908,117.75,82.25
2017,EU_XPD_LOCALGBPC,,,ES48908,PT,ES48908,106.42,93.58
2018,EU_XPD_LOCALGBPC,,,ES48908,PT,ES48908,104.37,104.37
2022,EU_XPD_LOCALGBPC,,,ES48908,PT,ES48908,122.19,122.19
2010,EU_XPD_LOCALGBPC,,,ES48908,PT,ES48908,125.86,125.86
2013,EU_XPD_LOCALGBPC,,,ES48908,PT,ES48908,135.62,135.62
2016,EU_XPD_LOCALGBPC,,,ES48908,PT,ES48908,101.42,98.58
2012,EU_XPD_LOCALGBPC,,,ES48908,PT,ES48908,120.33,79.67
2020,EU_XPD_LOCALGBPC,,,ES48908,PT,ES48908,121.04,78.96
2011,EU_XPD_LOCALGBPC,,,ES48908,PT,ES48908,139.47,139.47
2021,EU_XPD_LOCALGBPC,,,ES48908,PT,ES48908,102.04,97.96
2016,EU_XPD_LOCALGBPC,,,ES48071,PT,ES48071,110.47,110.47
2018,EU_XPD_LOCALGBPC,,,ES48071,PT,ES48071,105.56,105.56
2010,EU_XPD_LOCALGBPC,,,ES48071,PT,ES48071,105.04,105.04
2020,EU_XPD_LOCALGBPC,,,ES48071,PT,ES48071,101.27,98.73
2014,EU_XPD_LOCALGBPC,,,ES48071,PT,ES48071,129.22,129.22
2011,EU_XPD_LOCALGBPC,,,ES48071,PT,ES48071,101.38,101.38
2013,EU_XPD_LOCALGBPC,,,ES48071,PT,ES48071,125.92,125.92
2015,EU_XPD_LOCALGBPC,,,ES48071,PT,ES48071,125.79,125.79
2019,EU_XPD_LOCALGBPC,,,ES48071,PT,ES48071,125.92,125.92
2021,EU_XPD_LOCALGBPC,,,ES48071,PT,ES48071,101.02,98.98
2023,EU_XPD_LOCALGBPC,,,ES48071,PT,ES48071,103.03,103.03
2017,EU_XPD_LOCALGBPC,,,ES48071,PT,ES48071,107.43,107.43
2022,EU_XPD_LOCALGBPC,,,ES48071,PT,ES48071,112.33,87.67
2012,EU_XPD_LOCALGBPC,,,ES48071,PT,ES48071,109.71,109.71
2019,EU_XPD_LOCALGBPC,,,ES20057,PT,ES20057,267.52,267.52
2016,EU_XPD_LOCALGBPC,,,ES20057,PT,ES20057,108.59,108.59
2018,EU_XPD_LOCALGBPC,,,ES20057,PT,ES20057,125.07,125.07
2022,EU_XPD_LOCALGBPC,,,ES20057,PT,ES20057,106.6,106.6
2017,EU_XPD_LOCALGBPC,,,ES20057,PT,ES20057,120.09,120.09
2020,EU_XPD_LOCALGBPC,,,ES20057,PT,ES20057,122.85,77.15
2021,EU_XPD_LOCALGBPC,,,ES20057,PT,ES20057,129.57,129.57
2010,EU_XPD_LOCALGBPC,,,ES20057,PT,ES20057,141.76,141.76
2011,EU_XPD_LOCALGBPC,,,ES20057,PT,ES20057,110.69,110.69
2013,EU_XPD_LOCALGBPC,,,ES20057,PT,ES20057,110.82,89.18
2014,EU_XPD_LOCALGBPC,,,ES20057,PT,ES20057,100.14,100.14
2015,EU_XPD_LOCALGBPC,,,ES20057,PT,ES20057,103.16,96.84
2012,EU_XPD_LOCALGBPC,,,ES20057,PT,ES20057,100.37,100.37
2023,EU_XPD_LOCALGBPC,,,ES20057,PT,ES20057,130.89,69.11
2012,EU_XPD_LOCALGBPC,,,ES20056,PT,ES20056,104.56,95.44
2019,EU_XPD_LOCALGBPC,,,ES20056,PT,ES20056,112.97,87.03
2016,EU_XPD_LOCALGBPC,,,ES20056,PT,ES20056,104.98,95.02
2017,EU_XPD_LOCALGBPC,,,ES20056,PT,ES20056,102.95,97.05
2020,EU_XPD_LOCALGBPC,,,ES20056,PT,ES20056,104.8,95.2
2013,EU_XPD_LOCALGBPC,,,ES20056,PT,ES20056,100.07,100.07
2010,EU_XPD_LOCALGBPC,,,ES20056,PT,ES20056,111.52,88.48
2011,EU_XPD_LOCALGBPC,,,ES20056,PT,ES20056,101.87,101.87
2021,EU_XPD_LOCALGBPC,,,ES20056,PT,ES20056,100.78,100.78
2014,EU_XPD_LOCALGBPC,,,ES20056,PT,ES20056,103.65,96.35
2015,EU_XPD_LOCALGBPC,,,ES20056,PT,ES20056,102.9,97.1
2018,EU_XPD_LOCALGBPC,,,ES20056,PT,ES20056,105.14,94.86
2022,EU_XPD_LOCALGBPC,,,ES20056,PT,ES20056,108.96,91.04
2023,EU_XPD_LOCALGBPC,,,ES20056,PT,ES20056,122.33,122.33
2017,EU_XPD_LOCALGBPC,,,ES48067,PT,ES48067,114.47,114.47
2020,EU_XPD_LOCALGBPC,,,ES48067,PT,ES48067,112.1,87.9
2010,EU_XPD_LOCALGBPC,,,ES48067,PT,ES48067,105.26,105.26
2022,EU_XPD_LOCALGBPC,,,ES48067,PT,ES48067,118.2,118.2
2018,EU_XPD_LOCALGBPC,,,ES48067,PT,ES48067,102.65,102.65
2016,EU_XPD_LOCALGBPC,,,ES48067,PT,ES48067,103.48,96.52
2014,EU_XPD_LOCALGBPC,,,ES48067,PT,ES48067,135.3,135.3
2012,EU_XPD_LOCALGBPC,,,ES48067,PT,ES48067,104.77,104.77
2011,EU_XPD_LOCALGBPC,,,ES48067,PT,ES48067,131.83,131.83
2013,EU_XPD_LOCALGBPC,,,ES48067,PT,ES48067,126.86,126.86
2015,EU_XPD_LOCALGBPC,,,ES48067,PT,ES48067,106.42,106.42
2019,EU_XPD_LOCALGBPC,,,ES48067,PT,ES48067,111.37,111.37
2021,EU_XPD_LOCALGBPC,,,ES48067,PT,ES48067,116.99,116.99
2023,EU_XPD_LOCALGBPC,,,ES48067,PT,ES48067,145.66,145.66
2011,EU_XPD_LOCALGBPC,,,ES48909,PT,ES48909,109.49,109.49
2016,EU_XPD_LOCALGBPC,,,ES48909,PT,ES48909,103.46,96.54
2021,EU_XPD_LOCALGBPC,,,ES48909,PT,ES48909,110.37,110.37
2019,EU_XPD_LOCALGBPC,,,ES48909,PT,ES48909,121.77,121.77
2022,EU_XPD_LOCALGBPC,,,ES48909,PT,ES48909,110.21,110.21
2018,EU_XPD_LOCALGBPC,,,ES48909,PT,ES48909,104.12,95.88
2020,EU_XPD_LOCALGBPC,,,ES48909,PT,ES48909,112.11,87.89
2017,EU_XPD_LOCALGBPC,,,ES48909,PT,ES48909,106.89,106.89
2014,EU_XPD_LOCALGBPC,,,ES48909,PT,ES48909,102.53,97.47
2012,EU_XPD_LOCALGBPC,,,ES48909,PT,ES48909,110.93,110.93
2010,EU_XPD_LOCALGBPC,,,ES48909,PT,ES48909,117.15,82.85
2013,EU_XPD_LOCALGBPC,,,ES48909,PT,ES48909,114.39,85.61
2015,EU_XPD_LOCALGBPC,,,ES48909,PT,ES48909,112.52,112.52
2023,EU_XPD_LOCALGBPC,,,ES48909,PT,ES48909,110.54,110.54
2012,EU_XPD_LOCALGBPC,,,ES01041,PT,ES01041,111.8,88.2
2010,EU_XPD_LOCALGBPC,,,ES01041,PT,ES01041,154.63,154.63
2015,EU_XPD_LOCALGBPC,,,ES01041,PT,ES01041,172.93,172.93
2019,EU_XPD_LOCALGBPC,,,ES01041,PT,ES01041,138.56,61.44
2022,EU_XPD_LOCALGBPC,,,ES01041,PT,ES01041,123.13,76.87
2013,EU_XPD_LOCALGBPC,,,ES01041,PT,ES01041,122.45,122.45
2014,EU_XPD_LOCALGBPC,,,ES01041,PT,ES01041,158.98,158.98
2023,EU_XPD_LOCALGBPC,,,ES01041,PT,ES01041,114.7,114.7
2021,EU_XPD_LOCALGBPC,,,ES01041,PT,ES01041,119.9,80.1
2017,EU_XPD_LOCALGBPC,,,ES01041,PT,ES01041,218.51,218.51
2011,EU_XPD_LOCALGBPC,,,ES01041,PT,ES01041,432.2,432.2
2016,EU_XPD_LOCALGBPC,,,ES01041,PT,ES01041,116.58,83.42
2018,EU_XPD_LOCALGBPC,,,ES01041,PT,ES01041,102.45,102.45
2020,EU_XPD_LOCALGBPC,,,ES01041,PT,ES01041,102.75,97.25
2010,EU_XPD_LOCALGBPC,,,ES20063,PT,ES20063,101.57,101.57
2013,EU_XPD_LOCALGBPC,,,ES20063,PT,ES20063,102.09,97.91
2017,EU_XPD_LOCALGBPC,,,ES20063,PT,ES20063,101.57,101.57
2018,EU_XPD_LOCALGBPC,,,ES20063,PT,ES20063,106.29,106.29
2021,EU_XPD_LOCALGBPC,,,ES20063,PT,ES20063,105.24,105.24
2014,EU_XPD_LOCALGBPC,,,ES20063,PT,ES20063,108.55,91.45
2011,EU_XPD_LOCALGBPC,,,ES20063,PT,ES20063,110.42,110.42
2012,EU_XPD_LOCALGBPC,,,ES20063,PT,ES20063,104.97,95.03
2022,EU_XPD_LOCALGBPC,,,ES20063,PT,ES20063,131.99,131.99
2015,EU_XPD_LOCALGBPC,,,ES20063,PT,ES20063,101.07,98.93
2016,EU_XPD_LOCALGBPC,,,ES20063,PT,ES20063,102.03,97.97
2019,EU_XPD_LOCALGBPC,,,ES20063,PT,ES20063,100.59,99.41
2020,EU_XPD_LOCALGBPC,,,ES20063,PT,ES20063,100.84,99.16
2023,EU_XPD_LOCALGBPC,,,ES20063,PT,ES20063,116.66,116.66
2023,EU_XPD_LOCALGBPC,,,ES01042,PT,ES01042,142.78,142.78
2012,EU_XPD_LOCALGBPC,,,ES01042,PT,ES01042,138.38,138.38
2011,EU_XPD_LOCALGBPC,,,ES01042,PT,ES01042,116.03,116.03
2015,EU_XPD_LOCALGBPC,,,ES01042,PT,ES01042,108.98,91.02
2016,EU_XPD_LOCALGBPC,,,ES01042,PT,ES01042,109.9,90.1
2020,EU_XPD_LOCALGBPC,,,ES01042,PT,ES01042,120.74,79.26
2017,EU_XPD_LOCALGBPC,,,ES01042,PT,ES01042,157.94,157.94
2010,EU_XPD_LOCALGBPC,,,ES01042,PT,ES01042,133.65,133.65
2013,EU_XPD_LOCALGBPC,,,ES01042,PT,ES01042,105.79,105.79
2014,EU_XPD_LOCALGBPC,,,ES01042,PT,ES01042,110.23,110.23
2019,EU_XPD_LOCALGBPC,,,ES01042,PT,ES01042,144.51,144.51
2018,EU_XPD_LOCALGBPC,,,ES01042,PT,ES01042,104.83,95.17
2021,EU_XPD_LOCALGBPC,,,ES01042,PT,ES01042,108.05,108.05
2022,EU_XPD_LOCALGBPC,,,ES01042,PT,ES01042,106.71,106.71
2012,EU_XPD_LOCALGBPC,,,ES20058,PT,ES20058,114.34,85.66
2013,EU_XPD_LOCALGBPC,,,ES20058,PT,ES20058,121.94,121.94
2016,EU_XPD_LOCALGBPC,,,ES20058,PT,ES20058,139.96,139.96
2020,EU_XPD_LOCALGBPC,,,ES20058,PT,ES20058,103.68,103.68
2021,EU_XPD_LOCALGBPC,,,ES20058,PT,ES20058,103.37,96.63
2017,EU_XPD_LOCALGBPC,,,ES20058,PT,ES20058,113.76,113.76
2010,EU_XPD_LOCALGBPC,,,ES20058,PT,ES20058,114.29,114.29
2011,EU_XPD_LOCALGBPC,,,ES20058,PT,ES20058,109.46,109.46
2014,EU_XPD_LOCALGBPC,,,ES20058,PT,ES20058,112.06,112.06
2015,EU_XPD_LOCALGBPC,,,ES20058,PT,ES20058,102.24,102.24
2018,EU_XPD_LOCALGBPC,,,ES20058,PT,ES20058,110.36,110.36
2019,EU_XPD_LOCALGBPC,,,ES20058,PT,ES20058,139.39,139.39
2022,EU_XPD_LOCALGBPC,,,ES20058,PT,ES20058,102.23,102.23
2023,EU_XPD_LOCALGBPC,,,ES20058,PT,ES20058,104.22,104.22
2013,EU_XPD_LOCALGBPC,,,ES48073,PT,ES48073,103.8,96.2
2018,EU_XPD_LOCALGBPC,,,ES48073,PT,ES48073,100.51,99.49
2017,EU_XPD_LOCALGBPC,,,ES48073,PT,ES48073,104.79,104.79
2022,EU_XPD_LOCALGBPC,,,ES48073,PT,ES48073,105.3,94.7
2020,EU_XPD_LOCALGBPC,,,ES48073,PT,ES48073,122.94,77.06
2012,EU_XPD_LOCALGBPC,,,ES48073,PT,ES48073,103.23,96.77
2014,EU_XPD_LOCALGBPC,,,ES48073,PT,ES48073,107.84,92.16
2010,EU_XPD_LOCALGBPC,,,ES48073,PT,ES48073,105.75,105.75
2011,EU_XPD_LOCALGBPC,,,ES48073,PT,ES48073,103.47,103.47
2015,EU_XPD_LOCALGBPC,,,ES48073,PT,ES48073,107.5,92.5
2019,EU_XPD_LOCALGBPC,,,ES48073,PT,ES48073,118.61,118.61
2021,EU_XPD_LOCALGBPC,,,ES48073,PT,ES48073,104.93,95.07
2023,EU_XPD_LOCALGBPC,,,ES48073,PT,ES48073,110.03,110.03
2016,EU_XPD_LOCALGBPC,,,ES48073,PT,ES48073,139.25,139.25
2015,EU_XPD_LOCALGBPC,,,ES20059,PT,ES20059,100.23,100.23
2018,EU_XPD_LOCALGBPC,,,ES20059,PT,ES20059,109.69,90.31
2014,EU_XPD_LOCALGBPC,,,ES20059,PT,ES20059,104.06,104.06
2010,EU_XPD_LOCALGBPC,,,ES20059,PT,ES20059,127.39,127.39
2022,EU_XPD_LOCALGBPC,,,ES20059,PT,ES20059,105.75,105.75
2023,EU_XPD_LOCALGBPC,,,ES20059,PT,ES20059,106.61,106.61
2011,EU_XPD_LOCALGBPC,,,ES20059,PT,ES20059,104.44,104.44
2019,EU_XPD_LOCALGBPC,,,ES20059,PT,ES20059,114.15,85.85
2012,EU_XPD_LOCALGBPC,,,ES20059,PT,ES20059,100.62,99.38
2013,EU_XPD_LOCALGBPC,,,ES20059,PT,ES20059,104.49,95.51
2016,EU_XPD_LOCALGBPC,,,ES20059,PT,ES20059,115.7,84.3
2017,EU_XPD_LOCALGBPC,,,ES20059,PT,ES20059,104.69,95.31
2020,EU_XPD_LOCALGBPC,,,ES20059,PT,ES20059,124.94,124.94
2021,EU_XPD_LOCALGBPC,,,ES20059,PT,ES20059,122.28,122.28
2013,EU_XPD_LOCALGBPC,,,ES20076,PT,ES20076,103.33,103.33
2021,EU_XPD_LOCALGBPC,,,ES20076,PT,ES20076,107.42,92.58
2016,EU_XPD_LOCALGBPC,,,ES20076,PT,ES20076,102.68,102.68
2012,EU_XPD_LOCALGBPC,,,ES20076,PT,ES20076,101.21,101.21
2017,EU_XPD_LOCALGBPC,,,ES20076,PT,ES20076,105.11,105.11
2020,EU_XPD_LOCALGBPC,,,ES20076,PT,ES20076,100.85,99.15
2014,EU_XPD_LOCALGBPC,,,ES20076,PT,ES20076,103.01,103.01
2010,EU_XPD_LOCALGBPC,,,ES20076,PT,ES20076,121.58,121.58
2011,EU_XPD_LOCALGBPC,,,ES20076,PT,ES20076,110.24,110.24
2022,EU_XPD_LOCALGBPC,,,ES20076,PT,ES20076,108.42,91.58
2015,EU_XPD_LOCALGBPC,,,ES20076,PT,ES20076,102.95,97.05
2018,EU_XPD_LOCALGBPC,,,ES20076,PT,ES20076,112.33,87.67
2019,EU_XPD_LOCALGBPC,,,ES20076,PT,ES20076,102.19,102.19
2023,EU_XPD_LOCALGBPC,,,ES20076,PT,ES20076,104.35,95.65
2011,EU_XPD_LOCALGBPC,,,ES20905,PT,ES20905,108.22,108.22
2019,EU_XPD_LOCALGBPC,,,ES20905,PT,ES20905,110.08,110.08
2010,EU_XPD_LOCALGBPC,,,ES20905,PT,ES20905,123.77,76.23
2012,EU_XPD_LOCALGBPC,,,ES20905,PT,ES20905,144.25,144.25
2014,EU_XPD_LOCALGBPC,,,ES20905,PT,ES20905,148.03,148.03
2016,EU_XPD_LOCALGBPC,,,ES20905,PT,ES20905,120.53,120.53
2018,EU_XPD_LOCALGBPC,,,ES20905,PT,ES20905,100.64,99.36
2020,EU_XPD_LOCALGBPC,,,ES20905,PT,ES20905,101.29,98.71
2022,EU_XPD_LOCALGBPC,,,ES20905,PT,ES20905,104.46,95.54
2017,EU_XPD_LOCALGBPC,,,ES20905,PT,ES20905,114.01,114.01
2013,EU_XPD_LOCALGBPC,,,ES20905,PT,ES20905,104.78,104.78
2021,EU_XPD_LOCALGBPC,,,ES20905,PT,ES20905,172.67,172.67
2015,EU_XPD_LOCALGBPC,,,ES20905,PT,ES20905,137.01,137.01
2023,EU_XPD_LOCALGBPC,,,ES20905,PT,ES20905,147.57,147.57
2019,EU_XPD_LOCALGBPC,,,ES20060,PT,ES20060,122.13,122.13
2022,EU_XPD_LOCALGBPC,,,ES20060,PT,ES20060,126.12,73.88
2018,EU_XPD_LOCALGBPC,,,ES20060,PT,ES20060,162.55,162.55
2010,EU_XPD_LOCALGBPC,,,ES20060,PT,ES20060,141.48,141.48
2011,EU_XPD_LOCALGBPC,,,ES20060,PT,ES20060,146.1,146.1
2014,EU_XPD_LOCALGBPC,,,ES20060,PT,ES20060,165.77,165.77
2015,EU_XPD_LOCALGBPC,,,ES20060,PT,ES20060,183.97,183.97
2012,EU_XPD_LOCALGBPC,,,ES20060,PT,ES20060,136.05,136.05
2013,EU_XPD_LOCALGBPC,,,ES20060,PT,ES20060,109.19,109.19
2016,EU_XPD_LOCALGBPC,,,ES20060,PT,ES20060,127.32,127.32
2017,EU_XPD_LOCALGBPC,,,ES20060,PT,ES20060,335.89,335.89
2020,EU_XPD_LOCALGBPC,,,ES20060,PT,ES20060,118.64,118.64
2021,EU_XPD_LOCALGBPC,,,ES20060,PT,ES20060,132.61,132.61
2013,EU_XPD_LOCALGBPC,,,ES20061,PT,ES20061,105.23,105.23
2014,EU_XPD_LOCALGBPC,,,ES20061,PT,ES20061,103.25,103.25
2010,EU_XPD_LOCALGBPC,,,ES20061,PT,ES20061,131.28,68.72
2018,EU_XPD_LOCALGBPC,,,ES20061,PT,ES20061,104.93,95.07
2011,EU_XPD_LOCALGBPC,,,ES20061,PT,ES20061,110.13,110.13
2012,EU_XPD_LOCALGBPC,,,ES20061,PT,ES20061,105.18,105.18
2015,EU_XPD_LOCALGBPC,,,ES20061,PT,ES20061,114.02,114.02
2016,EU_XPD_LOCALGBPC,,,ES20061,PT,ES20061,100.31,99.69
2019,EU_XPD_LOCALGBPC,,,ES20061,PT,ES20061,108.04,108.04
2020,EU_XPD_LOCALGBPC,,,ES20061,PT,ES20061,104.89,104.89
2023,EU_XPD_LOCALGBPC,,,ES20061,PT,ES20061,125.14,125.14
2017,EU_XPD_LOCALGBPC,,,ES20061,PT,ES20061,106.26,106.26
2021,EU_XPD_LOCALGBPC,,,ES20061,PT,ES20061,102.07,102.07
2022,EU_XPD_LOCALGBPC,,,ES20061,PT,ES20061,126.17,126.17
2016,EU_XPD_LOCALGBPC,,,ES20062,PT,ES20062,103.95,96.05
2019,EU_XPD_LOCALGBPC,,,ES20062,PT,ES20062,111.58,88.42
2012,EU_XPD_LOCALGBPC,,,ES20062,PT,ES20062,106.01,93.99
2010,EU_XPD_LOCALGBPC,,,ES20062,PT,ES20062,110.09,89.91
2020,EU_XPD_LOCALGBPC,,,ES20062,PT,ES20062,114.99,114.99
2013,EU_XPD_LOCALGBPC,,,ES20062,PT,ES20062,107.13,92.87
2014,EU_XPD_LOCALGBPC,,,ES20062,PT,ES20062,116.33,83.67
2017,EU_XPD_LOCALGBPC,,,ES20062,PT,ES20062,114.25,114.25
2018,EU_XPD_LOCALGBPC,,,ES20062,PT,ES20062,146.79,146.79
2021,EU_XPD_LOCALGBPC,,,ES20062,PT,ES20062,114.25,114.25
2015,EU_XPD_LOCALGBPC,,,ES20062,PT,ES20062,103.56,103.56
2023,EU_XPD_LOCALGBPC,,,ES20062,PT,ES20062,128.48,128.48
2022,EU_XPD_LOCALGBPC,,,ES20062,PT,ES20062,112.23,112.23
2011,EU_XPD_LOCALGBPC,,,ES20062,PT,ES20062,111.68,88.32
2017,EU_XPD_LOCALGBPC,,,ES48075,PT,ES48075,141.11,141.11
2018,EU_XPD_LOCALGBPC,,,ES48075,PT,ES48075,116.83,116.83
2020,EU_XPD_LOCALGBPC,,,ES48075,PT,ES48075,107.64,92.36
2022,EU_XPD_LOCALGBPC,,,ES48075,PT,ES48075,112.09,112.09
2021,EU_XPD_LOCALGBPC,,,ES48075,PT,ES48075,107.96,92.04
2010,EU_XPD_LOCALGBPC,,,ES48075,PT,ES48075,130.95,130.95
2016,EU_XPD_LOCALGBPC,,,ES48075,PT,ES48075,105.26,105.26
2014,EU_XPD_LOCALGBPC,,,ES48075,PT,ES48075,100.57,99.43
2011,EU_XPD_LOCALGBPC,,,ES48075,PT,ES48075,111.3,88.7
2013,EU_XPD_LOCALGBPC,,,ES48075,PT,ES48075,101.44,101.44
2015,EU_XPD_LOCALGBPC,,,ES48075,PT,ES48075,113.09,113.09
2019,EU_XPD_LOCALGBPC,,,ES48075,PT,ES48075,107.3,107.3
2023,EU_XPD_LOCALGBPC,,,ES48075,PT,ES48075,103.1,96.9
2012,EU_XPD_LOCALGBPC,,,ES48075,PT,ES48075,100.2,99.8
2013,EU_XPD_LOCALGBPC,,,ES48083,PT,ES48083,103.09,96.91
2018,EU_XPD_LOCALGBPC,,,ES48083,PT,ES48083,111.37,88.63
2021,EU_XPD_LOCALGBPC,,,ES48083,PT,ES48083,101.39,101.39
2022,EU_XPD_LOCALGBPC,,,ES48083,PT,ES48083,122.32,77.68
2010,EU_XPD_LOCALGBPC,,,ES48083,PT,ES48083,152.29,152.29
2020,EU_XPD_LOCALGBPC,,,ES48083,PT,ES48083,100.16,100.16
2014,EU_XPD_LOCALGBPC,,,ES48083,PT,ES48083,102.09,102.09
2016,EU_XPD_LOCALGBPC,,,ES48083,PT,ES48083,108.13,91.87
2011,EU_XPD_LOCALGBPC,,,ES48083,PT,ES48083,135.28,135.28
2015,EU_XPD_LOCALGBPC,,,ES48083,PT,ES48083,105.3,105.3
2017,EU_XPD_LOCALGBPC,,,ES48083,PT,ES48083,102.72,97.28
2019,EU_XPD_LOCALGBPC,,,ES48083,PT,ES48083,104.38,95.62
2023,EU_XPD_LOCALGBPC,,,ES48083,PT,ES48083,123.92,76.08
2012,EU_XPD_LOCALGBPC,,,ES48083,PT,ES48083,100.31,99.69
2013,EU_XPD_LOCALGBPC,,,ES48072,PT,ES48072,105.85,94.15
2020,EU_XPD_LOCALGBPC,,,ES48072,PT,ES48072,124.32,75.68
2014,EU_XPD_LOCALGBPC,,,ES48072,PT,ES48072,111.11,111.11
2012,EU_XPD_LOCALGBPC,,,ES48072,PT,ES48072,136.74,63.26
2022,EU_XPD_LOCALGBPC,,,ES48072,PT,ES48072,120.14,79.86
2018,EU_XPD_LOCALGBPC,,,ES48072,PT,ES48072,104.5,104.5
2010,EU_XPD_LOCALGBPC,,,ES48072,PT,ES48072,102.63,102.63
2016,EU_XPD_LOCALGBPC,,,ES48072,PT,ES48072,100.73,99.27
2011,EU_XPD_LOCALGBPC,,,ES48072,PT,ES48072,126.79,73.21
2015,EU_XPD_LOCALGBPC,,,ES48072,PT,ES48072,118.11,81.89
2017,EU_XPD_LOCALGBPC,,,ES48072,PT,ES48072,124.16,75.84
2019,EU_XPD_LOCALGBPC,,,ES48072,PT,ES48072,116.23,83.77
2021,EU_XPD_LOCALGBPC,,,ES48072,PT,ES48072,127.13,72.87
2023,EU_XPD_LOCALGBPC,,,ES48072,PT,ES48072,126.11,73.89
2012,EU_XPD_LOCALGBPC,,,ES01043,PT,ES01043,125.8,74.2
2011,EU_XPD_LOCALGBPC,,,ES01043,PT,ES01043,113.91,113.91
2022,EU_XPD_LOCALGBPC,,,ES01043,PT,ES01043,101.4,101.4
2020,EU_XPD_LOCALGBPC,,,ES01043,PT,ES01043,112.51,112.51
2017,EU_XPD_LOCALGBPC,,,ES01043,PT,ES01043,111.95,111.95
2015,EU_XPD_LOCALGBPC,,,ES01043,PT,ES01043,115.85,115.85
2018,EU_XPD_LOCALGBPC,,,ES01043,PT,ES01043,103.25,103.25
2013,EU_XPD_LOCALGBPC,,,ES01043,PT,ES01043,170.36,170.36
2010,EU_XPD_LOCALGBPC,,,ES01043,PT,ES01043,133.09,133.09
2021,EU_XPD_LOCALGBPC,,,ES01043,PT,ES01043,101.33,101.33
2014,EU_XPD_LOCALGBPC,,,ES01043,PT,ES01043,154.28,154.28
2016,EU_XPD_LOCALGBPC,,,ES01043,PT,ES01043,108.38,91.62
2023,EU_XPD_LOCALGBPC,,,ES01043,PT,ES01043,100.95,100.95
2019,EU_XPD_LOCALGBPC,,,ES01043,PT,ES01043,104.96,104.96
2011,EU_XPD_LOCALGBPC,,,ES20064,PT,ES20064,106.98,93.02
2012,EU_XPD_LOCALGBPC,,,ES20064,PT,ES20064,111.08,111.08
2015,EU_XPD_LOCALGBPC,,,ES20064,PT,ES20064,103.9,103.9
2019,EU_XPD_LOCALGBPC,,,ES20064,PT,ES20064,102.51,102.51
2020,EU_XPD_LOCALGBPC,,,ES20064,PT,ES20064,106.64,93.36
2023,EU_XPD_LOCALGBPC,,,ES20064,PT,ES20064,104.86,104.86
2016,EU_XPD_LOCALGBPC,,,ES20064,PT,ES20064,114.1,114.1
2010,EU_XPD_LOCALGBPC,,,ES20064,PT,ES20064,104.11,95.89
2013,EU_XPD_LOCALGBPC,,,ES20064,PT,ES20064,103.15,103.15
2014,EU_XPD_LOCALGBPC,,,ES20064,PT,ES20064,108.47,108.47
2017,EU_XPD_LOCALGBPC,,,ES20064,PT,ES20064,105.86,105.86
2018,EU_XPD_LOCALGBPC,,,ES20064,PT,ES20064,101.85,98.15
2021,EU_XPD_LOCALGBPC,,,ES20064,PT,ES20064,102.39,102.39
2022,EU_XPD_LOCALGBPC,,,ES20064,PT,ES20064,104.25,104.25
2017,EU_XPD_LOCALGBPC,,,ES01044,PT,ES01044,144.37,144.37
2021,EU_XPD_LOCALGBPC,,,ES01044,PT,ES01044,106.48,93.52
2014,EU_XPD_LOCALGBPC,,,ES01044,PT,ES01044,122.94,122.94
2016,EU_XPD_LOCALGBPC,,,ES01044,PT,ES01044,126.27,126.27
2022,EU_XPD_LOCALGBPC,,,ES01044,PT,ES01044,123.95,123.95
2020,EU_XPD_LOCALGBPC,,,ES01044,PT,ES01044,104.25,95.75
2023,EU_XPD_LOCALGBPC,,,ES01044,PT,ES01044,145.09,145.09
2018,EU_XPD_LOCALGBPC,,,ES01044,PT,ES01044,129.18,70.82
2019,EU_XPD_LOCALGBPC,,,ES01044,PT,ES01044,108.98,91.02
2012,EU_XPD_LOCALGBPC,,,ES01044,PT,ES01044,155.36,155.36
2011,EU_XPD_LOCALGBPC,,,ES01044,PT,ES01044,128.6,71.4
2015,EU_XPD_LOCALGBPC,,,ES01044,PT,ES01044,103.17,103.17
2013,EU_XPD_LOCALGBPC,,,ES01044,PT,ES01044,141.77,58.23
2010,EU_XPD_LOCALGBPC,,,ES01044,PT,ES01044,101.44,98.56
2012,EU_XPD_LOCALGBPC,,,ES48077,PT,ES48077,103.43,103.43
2020,EU_XPD_LOCALGBPC,,,ES48077,PT,ES48077,120.25,79.75
2016,EU_XPD_LOCALGBPC,,,ES48077,PT,ES48077,102.29,102.29
2022,EU_XPD_LOCALGBPC,,,ES48077,PT,ES48077,113.12,86.88
2018,EU_XPD_LOCALGBPC,,,ES48077,PT,ES48077,106.79,93.21
2011,EU_XPD_LOCALGBPC,,,ES48077,PT,ES48077,105.07,105.07
2013,EU_XPD_LOCALGBPC,,,ES48077,PT,ES48077,102.21,102.21
2015,EU_XPD_LOCALGBPC,,,ES48077,PT,ES48077,103.83,103.83
2019,EU_XPD_LOCALGBPC,,,ES48077,PT,ES48077,103.33,103.33
2021,EU_XPD_LOCALGBPC,,,ES48077,PT,ES48077,104.15,104.15
2023,EU_XPD_LOCALGBPC,,,ES48077,PT,ES48077,109.17,109.17
2010,EU_XPD_LOCALGBPC,,,ES48077,PT,ES48077,117.12,117.12
2014,EU_XPD_LOCALGBPC,,,ES48077,PT,ES48077,102.58,102.58
2017,EU_XPD_LOCALGBPC,,,ES48077,PT,ES48077,103.1,103.1
2016,EU_XPD_LOCALGBPC,,,ES48078,PT,ES48078,103.89,103.89
2014,EU_XPD_LOCALGBPC,,,ES48078,PT,ES48078,117.18,117.18
2010,EU_XPD_LOCALGBPC,,,ES48078,PT,ES48078,120.83,120.83
2022,EU_XPD_LOCALGBPC,,,ES48078,PT,ES48078,102.66,102.66
2012,EU_XPD_LOCALGBPC,,,ES48078,PT,ES48078,134.87,134.87
2020,EU_XPD_LOCALGBPC,,,ES48078,PT,ES48078,102.37,97.63
2013,EU_XPD_LOCALGBPC,,,ES48078,PT,ES48078,160.81,160.81
2015,EU_XPD_LOCALGBPC,,,ES48078,PT,ES48078,101.89,101.89
2017,EU_XPD_LOCALGBPC,,,ES48078,PT,ES48078,106.58,106.58
2019,EU_XPD_LOCALGBPC,,,ES48078,PT,ES48078,106.7,106.7
2021,EU_XPD_LOCALGBPC,,,ES48078,PT,ES48078,102.14,102.14
2018,EU_XPD_LOCALGBPC,,,ES48078,PT,ES48078,102.19,97.81
2011,EU_XPD_LOCALGBPC,,,ES48078,PT,ES48078,123.78,123.78
2019,EU_XPD_LOCALGBPC,,,ES01047,PT,ES01047,115.36,84.64
2014,EU_XPD_LOCALGBPC,,,ES01047,PT,ES01047,101.42,101.42
2022,EU_XPD_LOCALGBPC,,,ES01047,PT,ES01047,130.36,69.64
2015,EU_XPD_LOCALGBPC,,,ES01047,PT,ES01047,100.92,100.92
2016,EU_XPD_LOCALGBPC,,,ES01047,PT,ES01047,112.69,87.31
2013,EU_XPD_LOCALGBPC,,,ES01047,PT,ES01047,118.88,118.88
2017,EU_XPD_LOCALGBPC,,,ES01047,PT,ES01047,103.57,96.43
2021,EU_XPD_LOCALGBPC,,,ES01047,PT,ES01047,107.67,92.33
2020,EU_XPD_LOCALGBPC,,,ES01047,PT,ES01047,104.61,95.39
2010,EU_XPD_LOCALGBPC,,,ES01047,PT,ES01047,132.23,132.23
2018,EU_XPD_LOCALGBPC,,,ES01047,PT,ES01047,139.02,60.98
2011,EU_XPD_LOCALGBPC,,,ES01047,PT,ES01047,106.74,93.26
2023,EU_XPD_LOCALGBPC,,,ES01047,PT,ES01047,112.27,87.73
2012,EU_XPD_LOCALGBPC,,,ES01047,PT,ES01047,109.69,109.69
2011,EU_XPD_LOCALGBPC,,,ES01052,PT,ES01052,164.57,35.43
2016,EU_XPD_LOCALGBPC,,,ES01052,PT,ES01052,146.23,53.77
2022,EU_XPD_LOCALGBPC,,,ES01052,PT,ES01052,179.13,179.13
2023,EU_XPD_LOCALGBPC,,,ES01052,PT,ES01052,141.31,141.31
2015,EU_XPD_LOCALGBPC,,,ES01052,PT,ES01052,131.54000000000002,68.46
2018,EU_XPD_LOCALGBPC,,,ES01052,PT,ES01052,156.44,43.56
2012,EU_XPD_LOCALGBPC,,,ES01052,PT,ES01052,158.9,41.1
2020,EU_XPD_LOCALGBPC,,,ES01052,PT,ES01052,178.66,178.66
2013,EU_XPD_LOCALGBPC,,,ES01052,PT,ES01052,157.5,42.5
2017,EU_XPD_LOCALGBPC,,,ES01052,PT,ES01052,132.63,67.37
2014,EU_XPD_LOCALGBPC,,,ES01052,PT,ES01052,143.24,56.76
2021,EU_XPD_LOCALGBPC,,,ES01052,PT,ES01052,162.36,162.36
2019,EU_XPD_LOCALGBPC,,,ES01052,PT,ES01052,163.59,36.41
2010,EU_XPD_LOCALGBPC,,,ES01052,PT,ES01052,141.73,58.27
2011,EU_XPD_LOCALGBPC,,,ES01053,PT,ES01053,127.1,72.9
2022,EU_XPD_LOCALGBPC,,,ES01053,PT,ES01053,152.41,47.59
2020,EU_XPD_LOCALGBPC,,,ES01053,PT,ES01053,103.72,96.28
2016,EU_XPD_LOCALGBPC,,,ES01053,PT,ES01053,102.64,102.64
2012,EU_XPD_LOCALGBPC,,,ES01053,PT,ES01053,145.79,145.79
2014,EU_XPD_LOCALGBPC,,,ES01053,PT,ES01053,111.27,88.73
2017,EU_XPD_LOCALGBPC,,,ES01053,PT,ES01053,105.03,94.97
2010,EU_XPD_LOCALGBPC,,,ES01053,PT,ES01053,143.11,143.11
2018,EU_XPD_LOCALGBPC,,,ES01053,PT,ES01053,135.85,64.15
2015,EU_XPD_LOCALGBPC,,,ES01053,PT,ES01053,134.24,134.24
2021,EU_XPD_LOCALGBPC,,,ES01053,PT,ES01053,120.33,120.33
2019,EU_XPD_LOCALGBPC,,,ES01053,PT,ES01053,132.94,67.06
2023,EU_XPD_LOCALGBPC,,,ES01053,PT,ES01053,128.48000000000002,71.52
2013,EU_XPD_LOCALGBPC,,,ES01053,PT,ES01053,112.99,87.01
2012,EU_XPD_LOCALGBPC,,,ES48082,PT,ES48082,110.64,110.64
2020,EU_XPD_LOCALGBPC,,,ES48082,PT,ES48082,107.5,92.5
2010,EU_XPD_LOCALGBPC,,,ES48082,PT,ES48082,113.1,113.1
2018,EU_XPD_LOCALGBPC,,,ES48082,PT,ES48082,103.82,96.18
2014,EU_XPD_LOCALGBPC,,,ES48082,PT,ES48082,102.74,97.26
2022,EU_XPD_LOCALGBPC,,,ES48082,PT,ES48082,103.59,103.59
2011,EU_XPD_LOCALGBPC,,,ES48082,PT,ES48082,128.96,128.96
2013,EU_XPD_LOCALGBPC,,,ES48082,PT,ES48082,101.12,101.12
2015,EU_XPD_LOCALGBPC,,,ES48082,PT,ES48082,100.84,100.84
2017,EU_XPD_LOCALGBPC,,,ES48082,PT,ES48082,103.58,96.42
2019,EU_XPD_LOCALGBPC,,,ES48082,PT,ES48082,108.6,108.6
2021,EU_XPD_LOCALGBPC,,,ES48082,PT,ES48082,113.49,86.51
2023,EU_XPD_LOCALGBPC,,,ES48082,PT,ES48082,115.57,115.57
2016,EU_XPD_LOCALGBPC,,,ES48082,PT,ES48082,102.53,102.53
2013,EU_XPD_LOCALGBPC,,,ES20070,PT,ES20070,102.05,102.05
2016,EU_XPD_LOCALGBPC,,,ES20070,PT,ES20070,102.48,97.52
2010,EU_XPD_LOCALGBPC,,,ES20070,PT,ES20070,110.97,89.03
2017,EU_XPD_LOCALGBPC,,,ES20070,PT,ES20070,103.41,96.59
2021,EU_XPD_LOCALGBPC,,,ES20070,PT,ES20070,105.57,105.57
2018,EU_XPD_LOCALGBPC,,,ES20070,PT,ES20070,102.57,102.57
2014,EU_XPD_LOCALGBPC,,,ES20070,PT,ES20070,100.2,99.8
2011,EU_XPD_LOCALGBPC,,,ES20070,PT,ES20070,108.04,91.96
2012,EU_XPD_LOCALGBPC,,,ES20070,PT,ES20070,104.17,104.17
2022,EU_XPD_LOCALGBPC,,,ES20070,PT,ES20070,101.37,98.63
2015,EU_XPD_LOCALGBPC,,,ES20070,PT,ES20070,104.61,104.61
2019,EU_XPD_LOCALGBPC,,,ES20070,PT,ES20070,151.14,151.14
2020,EU_XPD_LOCALGBPC,,,ES20070,PT,ES20070,125.55,74.45
2023,EU_XPD_LOCALGBPC,,,ES20070,PT,ES20070,119.08,80.92
2012,EU_XPD_LOCALGBPC,,,ES48084,PT,ES48084,113.68,86.32
2016,EU_XPD_LOCALGBPC,,,ES48084,PT,ES48084,104.79,95.21
2014,EU_XPD_LOCALGBPC,,,ES48084,PT,ES48084,105.51,105.51
2022,EU_XPD_LOCALGBPC,,,ES48084,PT,ES48084,114.28,85.72
2010,EU_XPD_LOCALGBPC,,,ES48084,PT,ES48084,141.31,141.31
2011,EU_XPD_LOCALGBPC,,,ES48084,PT,ES48084,112.0,112.0
2013,EU_XPD_LOCALGBPC,,,ES48084,PT,ES48084,109.74,109.74
2015,EU_XPD_LOCALGBPC,,,ES48084,PT,ES48084,103.79,96.21
2017,EU_XPD_LOCALGBPC,,,ES48084,PT,ES48084,106.99,93.01
2019,EU_XPD_LOCALGBPC,,,ES48084,PT,ES48084,101.51,101.51
2021,EU_XPD_LOCALGBPC,,,ES48084,PT,ES48084,116.19,83.81
2023,EU_XPD_LOCALGBPC,,,ES48084,PT,ES48084,106.74,93.26
2018,EU_XPD_LOCALGBPC,,,ES48084,PT,ES48084,102.14,102.14
2020,EU_XPD_LOCALGBPC,,,ES48084,PT,ES48084,114.37,85.63
2013,EU_XPD_LOCALGBPC,,,ES48904,PT,ES48904,116.79,116.79
2023,EU_XPD_LOCALGBPC,,,ES48904,PT,ES48904,119.93,119.93
2021,EU_XPD_LOCALGBPC,,,ES48904,PT,ES48904,104.7,95.3
2019,EU_XPD_LOCALGBPC,,,ES48904,PT,ES48904,101.67,101.67
2015,EU_XPD_LOCALGBPC,,,ES48904,PT,ES48904,103.79,96.21
2020,EU_XPD_LOCALGBPC,,,ES48904,PT,ES48904,109.81,90.19
2016,EU_XPD_LOCALGBPC,,,ES48904,PT,ES48904,105.89,94.11
2010,EU_XPD_LOCALGBPC,,,ES48904,PT,ES48904,136.73,136.73
2022,EU_XPD_LOCALGBPC,,,ES48904,PT,ES48904,110.23,110.23
2012,EU_XPD_LOCALGBPC,,,ES48904,PT,ES48904,103.33,103.33
2018,EU_XPD_LOCALGBPC,,,ES48904,PT,ES48904,106.79,93.21
2014,EU_XPD_LOCALGBPC,,,ES48904,PT,ES48904,122.19,122.19
2017,EU_XPD_LOCALGBPC,,,ES48904,PT,ES48904,114.86,85.14
2011,EU_XPD_LOCALGBPC,,,ES48904,PT,ES48904,107.15,107.15
2013,EU_XPD_LOCALGBPC,,,ES48085,PT,ES48085,115.83,115.83
2018,EU_XPD_LOCALGBPC,,,ES48085,PT,ES48085,112.81,87.19
2016,EU_XPD_LOCALGBPC,,,ES48085,PT,ES48085,115.27,84.73
2010,EU_XPD_LOCALGBPC,,,ES48085,PT,ES48085,115.98,84.02
2022,EU_XPD_LOCALGBPC,,,ES48085,PT,ES48085,109.61,109.61
2012,EU_XPD_LOCALGBPC,,,ES48085,PT,ES48085,111.87,88.13
2020,EU_XPD_LOCALGBPC,,,ES48085,PT,ES48085,108.33,91.67
2011,EU_XPD_LOCALGBPC,,,ES48085,PT,ES48085,105.93,105.93
2015,EU_XPD_LOCALGBPC,,,ES48085,PT,ES48085,100.5,100.5
2017,EU_XPD_LOCALGBPC,,,ES48085,PT,ES48085,102.77,97.23
2019,EU_XPD_LOCALGBPC,,,ES48085,PT,ES48085,101.83,101.83
2021,EU_XPD_LOCALGBPC,,,ES48085,PT,ES48085,110.66,110.66
2023,EU_XPD_LOCALGBPC,,,ES48085,PT,ES48085,122.36,122.36
2014,EU_XPD_LOCALGBPC,,,ES48085,PT,ES48085,110.79,110.79
2012,EU_XPD_LOCALGBPC,,,ES48086,PT,ES48086,104.55,95.45
2010,EU_XPD_LOCALGBPC,,,ES48086,PT,ES48086,107.81,107.81
2020,EU_XPD_LOCALGBPC,,,ES48086,PT,ES48086,114.07,85.93
2018,EU_XPD_LOCALGBPC,,,ES48086,PT,ES48086,102.43,97.57
2014,EU_XPD_LOCALGBPC,,,ES48086,PT,ES48086,100.96,99.04
2011,EU_XPD_LOCALGBPC,,,ES48086,PT,ES48086,106.8,93.2
2013,EU_XPD_LOCALGBPC,,,ES48086,PT,ES48086,101.73,98.27
2015,EU_XPD_LOCALGBPC,,,ES48086,PT,ES48086,115.48,115.48
2017,EU_XPD_LOCALGBPC,,,ES48086,PT,ES48086,100.11,99.89
2019,EU_XPD_LOCALGBPC,,,ES48086,PT,ES48086,111.38,88.62
2021,EU_XPD_LOCALGBPC,,,ES48086,PT,ES48086,125.9,125.9
2023,EU_XPD_LOCALGBPC,,,ES48086,PT,ES48086,104.94,95.06
2022,EU_XPD_LOCALGBPC,,,ES48086,PT,ES48086,110.35,110.35
2016,EU_XPD_LOCALGBPC,,,ES48086,PT,ES48086,104.03,95.97
2014,EU_XPD_LOCALGBPC,,,ES20065,PT,ES20065,100.97,99.03
2017,EU_XPD_LOCALGBPC,,,ES20065,PT,ES20065,101.23,101.23
2013,EU_XPD_LOCALGBPC,,,ES20065,PT,ES20065,108.1,108.1
2021,EU_XPD_LOCALGBPC,,,ES20065,PT,ES20065,103.42,103.42
2022,EU_XPD_LOCALGBPC,,,ES20065,PT,ES20065,101.74,101.74
2010,EU_XPD_LOCALGBPC,,,ES20065,PT,ES20065,147.18,147.18
2018,EU_XPD_LOCALGBPC,,,ES20065,PT,ES20065,105.87,94.13
2011,EU_XPD_LOCALGBPC,,,ES20065,PT,ES20065,108.21,108.21
2012,EU_XPD_LOCALGBPC,,,ES20065,PT,ES20065,104.48,104.48
2015,EU_XPD_LOCALGBPC,,,ES20065,PT,ES20065,102.92,102.92
2016,EU_XPD_LOCALGBPC,,,ES20065,PT,ES20065,102.92,97.08
2019,EU_XPD_LOCALGBPC,,,ES20065,PT,ES20065,115.6,115.6
2020,EU_XPD_LOCALGBPC,,,ES20065,PT,ES20065,100.05,100.05
2023,EU_XPD_LOCALGBPC,,,ES20065,PT,ES20065,131.56,131.56
2010,EU_XPD_LOCALGBPC,,,ES48076,PT,ES48076,133.11,133.11
2012,EU_XPD_LOCALGBPC,,,ES48076,PT,ES48076,134.91,134.91
2020,EU_XPD_LOCALGBPC,,,ES48076,PT,ES48076,102.42,97.58
2018,EU_XPD_LOCALGBPC,,,ES48076,PT,ES48076,140.62,59.38
2014,EU_XPD_LOCALGBPC,,,ES48076,PT,ES48076,111.23,88.77
2016,EU_XPD_LOCALGBPC,,,ES48076,PT,ES48076,110.12,89.88
2011,EU_XPD_LOCALGBPC,,,ES48076,PT,ES48076,134.52,134.52
2013,EU_XPD_LOCALGBPC,,,ES48076,PT,ES48076,106.98,106.98
2015,EU_XPD_LOCALGBPC,,,ES48076,PT,ES48076,116.78,83.22
2017,EU_XPD_LOCALGBPC,,,ES48076,PT,ES48076,106.3,93.7
2019,EU_XPD_LOCALGBPC,,,ES48076,PT,ES48076,122.39,77.61
2021,EU_XPD_LOCALGBPC,,,ES48076,PT,ES48076,122.1,122.1
2023,EU_XPD_LOCALGBPC,,,ES48076,PT,ES48076,103.82,103.82
2022,EU_XPD_LOCALGBPC,,,ES48076,PT,ES48076,125.45,74.55
2023,EU_XPD_LOCALGBPC,,,ES20071,PT,ES20071,104.37,95.63
2019,EU_XPD_LOCALGBPC,,,ES20071,PT,ES20071,102.32,97.68
2020,EU_XPD_LOCALGBPC,,,ES20071,PT,ES20071,115.64,84.36
2010,EU_XPD_LOCALGBPC,,,ES20071,PT,ES20071,131.37,131.37
2016,EU_XPD_LOCALGBPC,,,ES20071,PT,ES20071,103.25,103.25
2013,EU_XPD_LOCALGBPC,,,ES20071,PT,ES20071,110.66,89.34
2014,EU_XPD_LOCALGBPC,,,ES20071,PT,ES20071,102.53,102.53
2017,EU_XPD_LOCALGBPC,,,ES20071,PT,ES20071,102.04,97.96
2018,EU_XPD_LOCALGBPC,,,ES20071,PT,ES20071,104.17,95.83
2021,EU_XPD_LOCALGBPC,,,ES20071,PT,ES20071,104.32,95.68
2022,EU_XPD_LOCALGBPC,,,ES20071,PT,ES20071,112.93,87.07
2015,EU_XPD_LOCALGBPC,,,ES20071,PT,ES20071,100.43,100.43
2012,EU_XPD_LOCALGBPC,,,ES20071,PT,ES20071,101.7,98.3
2011,EU_XPD_LOCALGBPC,,,ES20071,PT,ES20071,134.07,134.07
2013,EU_XPD_LOCALGBPC,,,ES48087,PT,ES48087,125.86,74.14
2018,EU_XPD_LOCALGBPC,,,ES48087,PT,ES48087,128.96,128.96
2014,EU_XPD_LOCALGBPC,,,ES48087,PT,ES48087,108.03,91.97
2010,EU_XPD_LOCALGBPC,,,ES48087,PT,ES48087,231.54,231.54
2012,EU_XPD_LOCALGBPC,,,ES48087,PT,ES48087,107.66,107.66
2016,EU_XPD_LOCALGBPC,,,ES48087,PT,ES48087,104.92,104.92
2011,EU_XPD_LOCALGBPC,,,ES48087,PT,ES48087,100.38,99.62
2015,EU_XPD_LOCALGBPC,,,ES48087,PT,ES48087,115.58,84.42
2017,EU_XPD_LOCALGBPC,,,ES48087,PT,ES48087,112.78,112.78
2019,EU_XPD_LOCALGBPC,,,ES48087,PT,ES48087,100.73,100.73
2021,EU_XPD_LOCALGBPC,,,ES48087,PT,ES48087,106.03,106.03
2023,EU_XPD_LOCALGBPC,,,ES48087,PT,ES48087,138.29,61.71
2022,EU_XPD_LOCALGBPC,,,ES48087,PT,ES48087,118.24,81.76
2020,EU_XPD_LOCALGBPC,,,ES48087,PT,ES48087,112.72,87.28
2016,EU_XPD_LOCALGBPC,,,ES48088,PT,ES48088,129.77,129.77
2014,EU_XPD_LOCALGBPC,,,ES48088,PT,ES48088,104.4,104.4
2012,EU_XPD_LOCALGBPC,,,ES48088,PT,ES48088,126.31,126.31
2022,EU_XPD_LOCALGBPC,,,ES48088,PT,ES48088,134.67,134.67
2010,EU_XPD_LOCALGBPC,,,ES48088,PT,ES48088,126.97,73.03
2011,EU_XPD_LOCALGBPC,,,ES48088,PT,ES48088,140.25,59.75
2013,EU_XPD_LOCALGBPC,,,ES48088,PT,ES48088,110.53,89.47
2015,EU_XPD_LOCALGBPC,,,ES48088,PT,ES48088,109.99,90.01
2017,EU_XPD_LOCALGBPC,,,ES48088,PT,ES48088,140.01,140.01
2019,EU_XPD_LOCALGBPC,,,ES48088,PT,ES48088,137.82,137.82
2021,EU_XPD_LOCALGBPC,,,ES48088,PT,ES48088,108.31,91.69
2023,EU_XPD_LOCALGBPC,,,ES48088,PT,ES48088,162.76,162.76
2018,EU_XPD_LOCALGBPC,,,ES48088,PT,ES48088,115.94,115.94
2020,EU_XPD_LOCALGBPC,,,ES48088,PT,ES48088,123.78,76.22
2016,EU_XPD_LOCALGBPC,,,ES48065,PT,ES48065,101.45,98.55
2018,EU_XPD_LOCALGBPC,,,ES48065,PT,ES48065,105.94,94.06
2020,EU_XPD_LOCALGBPC,,,ES48065,PT,ES48065,111.58,88.42
2010,EU_XPD_LOCALGBPC,,,ES48065,PT,ES48065,101.62,98.38
2012,EU_XPD_LOCALGBPC,,,ES48065,PT,ES48065,100.12,100.12
2022,EU_XPD_LOCALGBPC,,,ES48065,PT,ES48065,101.07,101.07
2011,EU_XPD_LOCALGBPC,,,ES48065,PT,ES48065,106.98,93.02
2013,EU_XPD_LOCALGBPC,,,ES48065,PT,ES48065,116.61,116.61
2015,EU_XPD_LOCALGBPC,,,ES48065,PT,ES48065,107.4,92.6
2017,EU_XPD_LOCALGBPC,,,ES48065,PT,ES48065,100.5,100.5
2019,EU_XPD_LOCALGBPC,,,ES48065,PT,ES48065,104.54,95.46
2021,EU_XPD_LOCALGBPC,,,ES48065,PT,ES48065,100.34,100.34
2023,EU_XPD_LOCALGBPC,,,ES48065,PT,ES48065,117.03,117.03
2014,EU_XPD_LOCALGBPC,,,ES48065,PT,ES48065,113.04,86.96
2018,EU_XPD_LOCALGBPC,,,ES48089,PT,ES48089,148.45,51.55
2010,EU_XPD_LOCALGBPC,,,ES48089,PT,ES48089,105.07,94.93
2014,EU_XPD_LOCALGBPC,,,ES48089,PT,ES48089,117.77,117.77
2012,EU_XPD_LOCALGBPC,,,ES48089,PT,ES48089,141.27,58.73
2020,EU_XPD_LOCALGBPC,,,ES48089,PT,ES48089,183.82,183.82
2011,EU_XPD_LOCALGBPC,,,ES48089,PT,ES48089,148.69,51.31
2013,EU_XPD_LOCALGBPC,,,ES48089,PT,ES48089,112.57,112.57
2015,EU_XPD_LOCALGBPC,,,ES48089,PT,ES48089,115.42,115.42
2017,EU_XPD_LOCALGBPC,,,ES48089,PT,ES48089,128.13,71.87
2019,EU_XPD_LOCALGBPC,,,ES48089,PT,ES48089,142.22,142.22
2021,EU_XPD_LOCALGBPC,,,ES48089,PT,ES48089,141.13,141.13
2023,EU_XPD_LOCALGBPC,,,ES48089,PT,ES48089,128.65,128.65
2016,EU_XPD_LOCALGBPC,,,ES48089,PT,ES48089,114.81,85.19
2022,EU_XPD_LOCALGBPC,,,ES48089,PT,ES48089,140.2,140.2
2016,EU_XPD_LOCALGBPC,,,ES48074,PT,ES48074,112.37,112.37
2018,EU_XPD_LOCALGBPC,,,ES48074,PT,ES48074,106.28,106.28
2022,EU_XPD_LOCALGBPC,,,ES48074,PT,ES48074,106.08,106.08
2014,EU_XPD_LOCALGBPC,,,ES48074,PT,ES48074,109.54,90.46
2010,EU_XPD_LOCALGBPC,,,ES48074,PT,ES48074,107.23,92.77
2012,EU_XPD_LOCALGBPC,,,ES48074,PT,ES48074,100.03,100.03
2020,EU_XPD_LOCALGBPC,,,ES48074,PT,ES48074,102.08,97.92
2011,EU_XPD_LOCALGBPC,,,ES48074,PT,ES48074,114.55,114.55
2013,EU_XPD_LOCALGBPC,,,ES48074,PT,ES48074,115.18,115.18
2015,EU_XPD_LOCALGBPC,,,ES48074,PT,ES48074,105.96,105.96
2017,EU_XPD_LOCALGBPC,,,ES48074,PT,ES48074,111.88,111.88
2019,EU_XPD_LOCALGBPC,,,ES48074,PT,ES48074,115.55,115.55
2021,EU_XPD_LOCALGBPC,,,ES48074,PT,ES48074,109.82,109.82
2023,EU_XPD_LOCALGBPC,,,ES48074,PT,ES48074,106.92,106.92
2014,EU_XPD_LOCALGBPC,,,ES01054,PT,ES01054,103.81,96.19
2018,EU_XPD_LOCALGBPC,,,ES01054,PT,ES01054,112.11,87.89
2011,EU_XPD_LOCALGBPC,,,ES01054,PT,ES01054,139.82,60.18
2012,EU_XPD_LOCALGBPC,,,ES01054,PT,ES01054,124.74,124.74
2016,EU_XPD_LOCALGBPC,,,ES01054,PT,ES01054,121.68,121.68
2020,EU_XPD_LOCALGBPC,,,ES01054,PT,ES01054,123.24,123.24
2015,EU_XPD_LOCALGBPC,,,ES01054,PT,ES01054,105.82,94.18
2013,EU_XPD_LOCALGBPC,,,ES01054,PT,ES01054,102.4,97.6
2017,EU_XPD_LOCALGBPC,,,ES01054,PT,ES01054,103.4,96.6
2023,EU_XPD_LOCALGBPC,,,ES01054,PT,ES01054,112.03,112.03
2021,EU_XPD_LOCALGBPC,,,ES01054,PT,ES01054,103.49,103.49
2022,EU_XPD_LOCALGBPC,,,ES01054,PT,ES01054,126.04,126.04
2019,EU_XPD_LOCALGBPC,,,ES01054,PT,ES01054,119.34,80.66
2010,EU_XPD_LOCALGBPC,,,ES01054,PT,ES01054,134.39,134.39
2016,EU_XPD_LOCALGBPC,,,ES20072,PT,ES20072,107.16,92.84
2018,EU_XPD_LOCALGBPC,,,ES20072,PT,ES20072,101.06,101.06
2022,EU_XPD_LOCALGBPC,,,ES20072,PT,ES20072,106.77,93.23
2017,EU_XPD_LOCALGBPC,,,ES20072,PT,ES20072,102.05,97.95
2019,EU_XPD_LOCALGBPC,,,ES20072,PT,ES20072,102.85,102.85
2013,EU_XPD_LOCALGBPC,,,ES20072,PT,ES20072,101.4,98.6
2015,EU_XPD_LOCALGBPC,,,ES20072,PT,ES20072,100.06,99.94
2011,EU_XPD_LOCALGBPC,,,ES20072,PT,ES20072,107.84,107.84
2021,EU_XPD_LOCALGBPC,,,ES20072,PT,ES20072,135.98,135.98
2014,EU_XPD_LOCALGBPC,,,ES20072,PT,ES20072,101.89,98.11
2023,EU_XPD_LOCALGBPC,,,ES20072,PT,ES20072,100.56,100.56
2020,EU_XPD_LOCALGBPC,,,ES20072,PT,ES20072,117.54,117.54
2010,EU_XPD_LOCALGBPC,,,ES20072,PT,ES20072,103.36,96.64
2012,EU_XPD_LOCALGBPC,,,ES20072,PT,ES20072,114.47,85.53
2010,EU_XPD_LOCALGBPC,,,ES20077,PT,ES20077,126.6,126.6
2015,EU_XPD_LOCALGBPC,,,ES20077,PT,ES20077,102.32,97.68
2023,EU_XPD_LOCALGBPC,,,ES20077,PT,ES20077,103.03,96.97
2018,EU_XPD_LOCALGBPC,,,ES20077,PT,ES20077,103.11,103.11
2011,EU_XPD_LOCALGBPC,,,ES20077,PT,ES20077,102.5,97.5
2019,EU_XPD_LOCALGBPC,,,ES20077,PT,ES20077,101.19,98.81
2014,EU_XPD_LOCALGBPC,,,ES20077,PT,ES20077,100.27,100.27
2022,EU_XPD_LOCALGBPC,,,ES20077,PT,ES20077,106.65,93.35
2012,EU_XPD_LOCALGBPC,,,ES20077,PT,ES20077,105.25,94.75
2013,EU_XPD_LOCALGBPC,,,ES20077,PT,ES20077,100.46,99.54
2016,EU_XPD_LOCALGBPC,,,ES20077,PT,ES20077,109.57,90.43
2017,EU_XPD_LOCALGBPC,,,ES20077,PT,ES20077,104.38,95.62
2020,EU_XPD_LOCALGBPC,,,ES20077,PT,ES20077,106.31,93.69
2021,EU_XPD_LOCALGBPC,,,ES20077,PT,ES20077,111.34,111.34
2019,EU_XPD_LOCALGBPC,,,ES20073,PT,ES20073,106.66,93.34
2011,EU_XPD_LOCALGBPC,,,ES20073,PT,ES20073,105.19,94.81
2022,EU_XPD_LOCALGBPC,,,ES20073,PT,ES20073,100.45,99.55
2013,EU_XPD_LOCALGBPC,,,ES20073,PT,ES20073,101.25,98.75
2021,EU_XPD_LOCALGBPC,,,ES20073,PT,ES20073,114.11,85.89
2020,EU_XPD_LOCALGBPC,,,ES20073,PT,ES20073,102.26,97.74
2012,EU_XPD_LOCALGBPC,,,ES20073,PT,ES20073,114.11,85.89
2016,EU_XPD_LOCALGBPC,,,ES20073,PT,ES20073,108.47,91.53
2017,EU_XPD_LOCALGBPC,,,ES20073,PT,ES20073,107.11,92.89
2010,EU_XPD_LOCALGBPC,,,ES20073,PT,ES20073,106.03,93.97
2018,EU_XPD_LOCALGBPC,,,ES20073,PT,ES20073,108.55,91.45
2015,EU_XPD_LOCALGBPC,,,ES20073,PT,ES20073,108.25,91.75
2023,EU_XPD_LOCALGBPC,,,ES20073,PT,ES20073,102.22,102.22
2014,EU_XPD_LOCALGBPC,,,ES20073,PT,ES20073,104.96,95.04
2013,EU_XPD_LOCALGBPC,,,ES01055,PT,ES01055,102.11,102.11
2014,EU_XPD_LOCALGBPC,,,ES01055,PT,ES01055,115.61,84.39
2016,EU_XPD_LOCALGBPC,,,ES01055,PT,ES01055,128.9,71.1
2017,EU_XPD_LOCALGBPC,,,ES01055,PT,ES01055,112.37,112.37
2021,EU_XPD_LOCALGBPC,,,ES01055,PT,ES01055,100.81,99.19
2023,EU_XPD_LOCALGBPC,,,ES01055,PT,ES01055,127.07,127.07
2012,EU_XPD_LOCALGBPC,,,ES01055,PT,ES01055,112.17,112.17
2020,EU_XPD_LOCALGBPC,,,ES01055,PT,ES01055,106.57,106.57
2010,EU_XPD_LOCALGBPC,,,ES01055,PT,ES01055,156.87,156.87
2022,EU_XPD_LOCALGBPC,,,ES01055,PT,ES01055,104.91,95.09
2011,EU_XPD_LOCALGBPC,,,ES01055,PT,ES01055,111.2,111.2
2019,EU_XPD_LOCALGBPC,,,ES01055,PT,ES01055,100.97,99.03
2018,EU_XPD_LOCALGBPC,,,ES01055,PT,ES01055,108.89,108.89
2015,EU_XPD_LOCALGBPC,,,ES01055,PT,ES01055,126.37,126.37
2019,EU_XPD_LOCALGBPC,,,ES48080,PT,ES48080,118.37,118.37
2015,EU_XPD_LOCALGBPC,,,ES48080,PT,ES48080,104.99,104.99
2011,EU_XPD_LOCALGBPC,,,ES48080,PT,ES48080,116.71,116.71
2013,EU_XPD_LOCALGBPC,,,ES48080,PT,ES48080,114.78,114.78
2017,EU_XPD_LOCALGBPC,,,ES48080,PT,ES48080,116.07,116.07
2010,EU_XPD_LOCALGBPC,,,ES48080,PT,ES48080,109.59,109.59
2012,EU_XPD_LOCALGBPC,,,ES48080,PT,ES48080,104.16,95.84
2014,EU_XPD_LOCALGBPC,,,ES48080,PT,ES48080,115.47,115.47
2016,EU_XPD_LOCALGBPC,,,ES48080,PT,ES48080,100.53,99.47
2018,EU_XPD_LOCALGBPC,,,ES48080,PT,ES48080,100.17,100.17
2020,EU_XPD_LOCALGBPC,,,ES48080,PT,ES48080,101.07,101.07
2022,EU_XPD_LOCALGBPC,,,ES48080,PT,ES48080,105.19,94.81
2021,EU_XPD_LOCALGBPC,,,ES48080,PT,ES48080,100.15,100.15
2019,EU_XPD_LOCALGBPC,,,ES20075,PT,ES20075,105.71,105.71
2022,EU_XPD_LOCALGBPC,,,ES20075,PT,ES20075,105.23,94.77
2015,EU_XPD_LOCALGBPC,,,ES20075,PT,ES20075,109.96,90.04
2018,EU_XPD_LOCALGBPC,,,ES20075,PT,ES20075,106.39,93.61
2014,EU_XPD_LOCALGBPC,,,ES20075,PT,ES20075,105.71,105.71
2011,EU_XPD_LOCALGBPC,,,ES20075,PT,ES20075,103.35,96.65
2023,EU_XPD_LOCALGBPC,,,ES20075,PT,ES20075,109.24,109.24
2010,EU_XPD_LOCALGBPC,,,ES20075,PT,ES20075,123.19,123.19
2012,EU_XPD_LOCALGBPC,,,ES20075,PT,ES20075,106.47,93.53
2020,EU_XPD_LOCALGBPC,,,ES20075,PT,ES20075,111.24,88.76
2013,EU_XPD_LOCALGBPC,,,ES20075,PT,ES20075,106.26,106.26
2016,EU_XPD_LOCALGBPC,,,ES20075,PT,ES20075,103.6,103.6
2017,EU_XPD_LOCALGBPC,,,ES20075,PT,ES20075,103.73,96.27
2021,EU_XPD_LOCALGBPC,,,ES20075,PT,ES20075,102.87,97.13
2012,EU_XPD_LOCALGBPC,,,ES01057,PT,ES01057,161.73,38.27
2013,EU_XPD_LOCALGBPC,,,ES01057,PT,ES01057,153.38,46.62
2017,EU_XPD_LOCALGBPC,,,ES01057,PT,ES01057,151.18,48.82
2020,EU_XPD_LOCALGBPC,,,ES01057,PT,ES01057,111.97,111.97
2021,EU_XPD_LOCALGBPC,,,ES01057,PT,ES01057,114.59,114.59
2016,EU_XPD_LOCALGBPC,,,ES01057,PT,ES01057,171.07,28.93
2010,EU_XPD_LOCALGBPC,,,ES01057,PT,ES01057,174.01,25.99
2022,EU_XPD_LOCALGBPC,,,ES01057,PT,ES01057,369.72,369.72
2014,EU_XPD_LOCALGBPC,,,ES01057,PT,ES01057,145.46,54.54
2018,EU_XPD_LOCALGBPC,,,ES01057,PT,ES01057,162.46,37.54
2011,EU_XPD_LOCALGBPC,,,ES01057,PT,ES01057,164.06,35.94
2015,EU_XPD_LOCALGBPC,,,ES01057,PT,ES01057,175.93,24.07
2019,EU_XPD_LOCALGBPC,,,ES01057,PT,ES01057,145.12,54.88
2023,EU_XPD_LOCALGBPC,,,ES01057,PT,ES01057,146.59,146.59
2013,EU_XPD_LOCALGBPC,,,ES01059,PT,ES01059,102.61,97.39
2021,EU_XPD_LOCALGBPC,,,ES01059,PT,ES01059,101.09,101.09
2023,EU_XPD_LOCALGBPC,,,ES01059,PT,ES01059,102.92,102.92
2012,EU_XPD_LOCALGBPC,,,ES01059,PT,ES01059,126.16,73.84
2017,EU_XPD_LOCALGBPC,,,ES01059,PT,ES01059,104.98,95.02
2018,EU_XPD_LOCALGBPC,,,ES01059,PT,ES01059,103.71,96.29
2020,EU_XPD_LOCALGBPC,,,ES01059,PT,ES01059,107.29,92.71
2010,EU_XPD_LOCALGBPC,,,ES01059,PT,ES01059,101.88,101.88
2014,EU_XPD_LOCALGBPC,,,ES01059,PT,ES01059,101.76,101.76
2022,EU_XPD_LOCALGBPC,,,ES01059,PT,ES01059,104.85,104.85
2011,EU_XPD_LOCALGBPC,,,ES01059,PT,ES01059,120.98,79.02
2015,EU_XPD_LOCALGBPC,,,ES01059,PT,ES01059,104.96,104.96
2019,EU_XPD_LOCALGBPC,,,ES01059,PT,ES01059,100.12,99.88
2016,EU_XPD_LOCALGBPC,,,ES01059,PT,ES01059,100.57,99.43
2020,EU_XPD_LOCALGBPC,,,ES01060,PT,ES01060,125.45,74.55
2017,EU_XPD_LOCALGBPC,,,ES01060,PT,ES01060,104.92,95.08
2023,EU_XPD_LOCALGBPC,,,ES01060,PT,ES01060,112.04,112.04
2012,EU_XPD_LOCALGBPC,,,ES01060,PT,ES01060,272.45,272.45
2013,EU_XPD_LOCALGBPC,,,ES01060,PT,ES01060,175.66,175.66
2021,EU_XPD_LOCALGBPC,,,ES01060,PT,ES01060,121.1,78.9
2010,EU_XPD_LOCALGBPC,,,ES01060,PT,ES01060,235.59,235.59
2016,EU_XPD_LOCALGBPC,,,ES01060,PT,ES01060,112.29,87.71
2018,EU_XPD_LOCALGBPC,,,ES01060,PT,ES01060,180.27,19.73
2014,EU_XPD_LOCALGBPC,,,ES01060,PT,ES01060,106.12,93.88
2011,EU_XPD_LOCALGBPC,,,ES01060,PT,ES01060,462.91,462.91
2022,EU_XPD_LOCALGBPC,,,ES01060,PT,ES01060,107.63,92.37
2015,EU_XPD_LOCALGBPC,,,ES01060,PT,ES01060,101.12,101.12
2019,EU_XPD_LOCALGBPC,,,ES01060,PT,ES01060,174.03,25.97
2012,EU_XPD_LOCALGBPC,,,ES48095,PT,ES48095,107.64,107.64
2018,EU_XPD_LOCALGBPC,,,ES48095,PT,ES48095,103.79,96.21
2022,EU_XPD_LOCALGBPC,,,ES48095,PT,ES48095,102.27,102.27
2020,EU_XPD_LOCALGBPC,,,ES48095,PT,ES48095,111.04,88.96
2016,EU_XPD_LOCALGBPC,,,ES48095,PT,ES48095,112.53,112.53
2011,EU_XPD_LOCALGBPC,,,ES48095,PT,ES48095,104.66,104.66
2015,EU_XPD_LOCALGBPC,,,ES48095,PT,ES48095,110.56,110.56
2017,EU_XPD_LOCALGBPC,,,ES48095,PT,ES48095,100.95,100.95
2019,EU_XPD_LOCALGBPC,,,ES48095,PT,ES48095,136.8,63.2
2021,EU_XPD_LOCALGBPC,,,ES48095,PT,ES48095,101.24,101.24
2023,EU_XPD_LOCALGBPC,,,ES48095,PT,ES48095,121.07,121.07
2013,EU_XPD_LOCALGBPC,,,ES48095,PT,ES48095,128.07,128.07
2010,EU_XPD_LOCALGBPC,,,ES48095,PT,ES48095,100.33,99.67
2014,EU_XPD_LOCALGBPC,,,ES48095,PT,ES48095,114.19,85.81
2020,EU_XPD_LOCALGBPC,,,ES20078,PT,ES20078,138.22,138.22
2012,EU_XPD_LOCALGBPC,,,ES20078,PT,ES20078,113.85,113.85
2013,EU_XPD_LOCALGBPC,,,ES20078,PT,ES20078,100.06,99.94
2017,EU_XPD_LOCALGBPC,,,ES20078,PT,ES20078,113.52,86.48
2016,EU_XPD_LOCALGBPC,,,ES20078,PT,ES20078,106.23,106.23
2021,EU_XPD_LOCALGBPC,,,ES20078,PT,ES20078,138.56,138.56
2010,EU_XPD_LOCALGBPC,,,ES20078,PT,ES20078,105.63,105.63
2018,EU_XPD_LOCALGBPC,,,ES20078,PT,ES20078,113.13,113.13
2011,EU_XPD_LOCALGBPC,,,ES20078,PT,ES20078,104.77,104.77
2014,EU_XPD_LOCALGBPC,,,ES20078,PT,ES20078,109.8,109.8
2015,EU_XPD_LOCALGBPC,,,ES20078,PT,ES20078,128.06,128.06
2019,EU_XPD_LOCALGBPC,,,ES20078,PT,ES20078,105.93,105.93
2022,EU_XPD_LOCALGBPC,,,ES20078,PT,ES20078,113.56,113.56
2023,EU_XPD_LOCALGBPC,,,ES20078,PT,ES20078,115.41,115.41
2022,EU_XPD_LOCALGBPC,,,ES01061,PT,ES01061,153.91,46.09
2015,EU_XPD_LOCALGBPC,,,ES01061,PT,ES01061,111.19,111.19
2014,EU_XPD_LOCALGBPC,,,ES01061,PT,ES01061,125.02,125.02
2012,EU_XPD_LOCALGBPC,,,ES01061,PT,ES01061,106.52,93.48
2019,EU_XPD_LOCALGBPC,,,ES01061,PT,ES01061,126.95,73.05
2010,EU_XPD_LOCALGBPC,,,ES01061,PT,ES01061,115.38,115.38
2023,EU_XPD_LOCALGBPC,,,ES01061,PT,ES01061,125.04,74.96
2011,EU_XPD_LOCALGBPC,,,ES01061,PT,ES01061,178.19,178.19
2018,EU_XPD_LOCALGBPC,,,ES01061,PT,ES01061,140.68,59.32
2016,EU_XPD_LOCALGBPC,,,ES01061,PT,ES01061,124.0,76.0
2020,EU_XPD_LOCALGBPC,,,ES01061,PT,ES01061,126.25,73.75
2013,EU_XPD_LOCALGBPC,,,ES01061,PT,ES01061,119.09,119.09
2017,EU_XPD_LOCALGBPC,,,ES01061,PT,ES01061,101.2,101.2
2021,EU_XPD_LOCALGBPC,,,ES01061,PT,ES01061,103.56,96.44
2022,EU_XPD_LOCALGBPC,,,ES48096,PT,ES48096,103.31,103.31
2020,EU_XPD_LOCALGBPC,,,ES48096,PT,ES48096,127.13,72.87
2012,EU_XPD_LOCALGBPC,,,ES48096,PT,ES48096,106.84,106.84
2014,EU_XPD_LOCALGBPC,,,ES48096,PT,ES48096,110.4,110.4
2010,EU_XPD_LOCALGBPC,,,ES48096,PT,ES48096,111.23,111.23
2011,EU_XPD_LOCALGBPC,,,ES48096,PT,ES48096,108.79,91.21
2013,EU_XPD_LOCALGBPC,,,ES48096,PT,ES48096,115.28,115.28
2015,EU_XPD_LOCALGBPC,,,ES48096,PT,ES48096,112.13,112.13
2021,EU_XPD_LOCALGBPC,,,ES48096,PT,ES48096,102.69,97.31
2017,EU_XPD_LOCALGBPC,,,ES48096,PT,ES48096,104.25,95.75
2019,EU_XPD_LOCALGBPC,,,ES48096,PT,ES48096,107.47,92.53
2018,EU_XPD_LOCALGBPC,,,ES48096,PT,ES48096,106.84,93.16
2016,EU_XPD_LOCALGBPC,,,ES48096,PT,ES48096,101.71,101.71
2023,EU_XPD_LOCALGBPC,,,ES48096,PT,ES48096,101.45,101.45
2016,EU_XPD_LOCALGBPC,,,ES01062,PT,ES01062,113.35,113.35
2013,EU_XPD_LOCALGBPC,,,ES01062,PT,ES01062,148.35,148.35
2010,EU_XPD_LOCALGBPC,,,ES01062,PT,ES01062,113.37,113.37
2018,EU_XPD_LOCALGBPC,,,ES01062,PT,ES01062,114.01,114.01
2012,EU_XPD_LOCALGBPC,,,ES01062,PT,ES01062,114.13,85.87
2019,EU_XPD_LOCALGBPC,,,ES01062,PT,ES01062,127.54,72.46
2020,EU_XPD_LOCALGBPC,,,ES01062,PT,ES01062,145.44,54.56
2014,EU_XPD_LOCALGBPC,,,ES01062,PT,ES01062,104.49,95.51
2022,EU_XPD_LOCALGBPC,,,ES01062,PT,ES01062,110.2,110.2
2011,EU_XPD_LOCALGBPC,,,ES01062,PT,ES01062,105.08,105.08
2017,EU_XPD_LOCALGBPC,,,ES01062,PT,ES01062,139.59,139.59
2015,EU_XPD_LOCALGBPC,,,ES01062,PT,ES01062,122.8,122.8
2023,EU_XPD_LOCALGBPC,,,ES01062,PT,ES01062,111.93,88.07
2021,EU_XPD_LOCALGBPC,,,ES01062,PT,ES01062,118.06,118.06
2019,EU_XPD_LOCALGBPC,,,ES48905,PT,ES48905,104.67,104.67
2014,EU_XPD_LOCALGBPC,,,ES48905,PT,ES48905,110.24,110.24
2011,EU_XPD_LOCALGBPC,,,ES48905,PT,ES48905,163.96,163.96
2022,EU_XPD_LOCALGBPC,,,ES48905,PT,ES48905,132.88,132.88
2012,EU_XPD_LOCALGBPC,,,ES48905,PT,ES48905,166.54,166.54
2016,EU_XPD_LOCALGBPC,,,ES48905,PT,ES48905,105.05,94.95
2010,EU_XPD_LOCALGBPC,,,ES48905,PT,ES48905,105.94,105.94
2020,EU_XPD_LOCALGBPC,,,ES48905,PT,ES48905,100.63,99.37
2015,EU_XPD_LOCALGBPC,,,ES48905,PT,ES48905,104.32,104.32
2023,EU_XPD_LOCALGBPC,,,ES48905,PT,ES48905,115.62,115.62
2017,EU_XPD_LOCALGBPC,,,ES48905,PT,ES48905,107.22,107.22
2018,EU_XPD_LOCALGBPC,,,ES48905,PT,ES48905,108.23,108.23
2013,EU_XPD_LOCALGBPC,,,ES48905,PT,ES48905,107.95,107.95
2021,EU_XPD_LOCALGBPC,,,ES48905,PT,ES48905,127.05,127.05
2018,EU_XPD_LOCALGBPC,,,ES48097,PT,ES48097,112.66,87.34
2022,EU_XPD_LOCALGBPC,,,ES48097,PT,ES48097,100.88,100.88
2016,EU_XPD_LOCALGBPC,,,ES48097,PT,ES48097,101.89,101.89
2010,EU_XPD_LOCALGBPC,,,ES48097,PT,ES48097,143.38,143.38
2012,EU_XPD_LOCALGBPC,,,ES48097,PT,ES48097,120.44,120.44
2013,EU_XPD_LOCALGBPC,,,ES48097,PT,ES48097,129.98,129.98
2011,EU_XPD_LOCALGBPC,,,ES48097,PT,ES48097,108.18,91.82
2023,EU_XPD_LOCALGBPC,,,ES48097,PT,ES48097,176.4,176.4
2021,EU_XPD_LOCALGBPC,,,ES48097,PT,ES48097,113.29,86.71
2019,EU_XPD_LOCALGBPC,,,ES48097,PT,ES48097,109.56,90.44
2017,EU_XPD_LOCALGBPC,,,ES48097,PT,ES48097,112.57,87.43
2015,EU_XPD_LOCALGBPC,,,ES48097,PT,ES48097,104.68,95.32
2014,EU_XPD_LOCALGBPC,,,ES48097,PT,ES48097,146.1,146.1
2020,EU_XPD_LOCALGBPC,,,ES48097,PT,ES48097,104.74,95.26
2015,EU_XPD_LOCALGBPC,,,ES20079,PT,ES20079,103.85,96.15
2022,EU_XPD_LOCALGBPC,,,ES20079,PT,ES20079,110.89,89.11
2011,EU_XPD_LOCALGBPC,,,ES20079,PT,ES20079,100.53,99.47
2010,EU_XPD_LOCALGBPC,,,ES20079,PT,ES20079,105.03,105.03
2014,EU_XPD_LOCALGBPC,,,ES20079,PT,ES20079,104.2,95.8
2019,EU_XPD_LOCALGBPC,,,ES20079,PT,ES20079,102.9,102.9
2018,EU_XPD_LOCALGBPC,,,ES20079,PT,ES20079,102.5,102.5
2023,EU_XPD_LOCALGBPC,,,ES20079,PT,ES20079,106.61,93.39
2012,EU_XPD_LOCALGBPC,,,ES20079,PT,ES20079,108.92,91.08
2013,EU_XPD_LOCALGBPC,,,ES20079,PT,ES20079,104.54,95.46
2016,EU_XPD_LOCALGBPC,,,ES20079,PT,ES20079,100.52,99.48
2017,EU_XPD_LOCALGBPC,,,ES20079,PT,ES20079,103.7,96.3
2020,EU_XPD_LOCALGBPC,,,ES20079,PT,ES20079,105.85,94.15
2021,EU_XPD_LOCALGBPC,,,ES20079,PT,ES20079,103.66,96.34
2019,EU_XPD_LOCALGBPC,,,ES48024,PT,ES48024,115.51,115.51
2023,EU_XPD_LOCALGBPC,,,ES48024,PT,ES48024,123.19,76.81
2017,EU_XPD_LOCALGBPC,,,ES48024,PT,ES48024,128.89,71.11
2015,EU_XPD_LOCALGBPC,,,ES48024,PT,ES48024,129.0,129.0
2011,EU_XPD_LOCALGBPC,,,ES48024,PT,ES48024,101.63,98.37
2013,EU_XPD_LOCALGBPC,,,ES48024,PT,ES48024,102.9,102.9
2021,EU_XPD_LOCALGBPC,,,ES48024,PT,ES48024,103.89,96.11
2010,EU_XPD_LOCALGBPC,,,ES48024,PT,ES48024,100.06,99.94
2012,EU_XPD_LOCALGBPC,,,ES48024,PT,ES48024,103.27,96.73
2014,EU_XPD_LOCALGBPC,,,ES48024,PT,ES48024,115.1,84.9
2016,EU_XPD_LOCALGBPC,,,ES48024,PT,ES48024,100.48,99.52
2018,EU_XPD_LOCALGBPC,,,ES48024,PT,ES48024,115.74,115.74
2020,EU_XPD_LOCALGBPC,,,ES48024,PT,ES48024,122.95,77.05
2022,EU_XPD_LOCALGBPC,,,ES48024,PT,ES48024,102.2,102.2
2021,EU_XPD_LOCALGBPC,,,ES48025,PT,ES48025,101.59,98.41
2013,EU_XPD_LOCALGBPC,,,ES48025,PT,ES48025,100.84,99.16
2017,EU_XPD_LOCALGBPC,,,ES48025,PT,ES48025,102.18,97.82
2011,EU_XPD_LOCALGBPC,,,ES48025,PT,ES48025,107.38,92.62
2019,EU_XPD_LOCALGBPC,,,ES48025,PT,ES48025,108.59,108.59
2015,EU_XPD_LOCALGBPC,,,ES48025,PT,ES48025,106.08,106.08
2023,EU_XPD_LOCALGBPC,,,ES48025,PT,ES48025,104.9,95.1
2010,EU_XPD_LOCALGBPC,,,ES48025,PT,ES48025,119.29,119.29
2012,EU_XPD_LOCALGBPC,,,ES48025,PT,ES48025,105.49,94.51
2014,EU_XPD_LOCALGBPC,,,ES48025,PT,ES48025,101.89,101.89
2016,EU_XPD_LOCALGBPC,,,ES48025,PT,ES48025,110.83,110.83
2018,EU_XPD_LOCALGBPC,,,ES48025,PT,ES48025,120.93,120.93
2020,EU_XPD_LOCALGBPC,,,ES48025,PT,ES48025,100.34,100.34
2022,EU_XPD_LOCALGBPC,,,ES48025,PT,ES48025,121.16,121.16
2023,EU_XPD_LOCALGBPC,,,ES20025,PT,ES20025,108.57,108.57
2020,EU_XPD_LOCALGBPC,,,ES20025,PT,ES20025,107.3,92.7
2019,EU_XPD_LOCALGBPC,,,ES20025,PT,ES20025,112.48,112.48
2011,EU_XPD_LOCALGBPC,,,ES20025,PT,ES20025,115.02,115.02
2012,EU_XPD_LOCALGBPC,,,ES20025,PT,ES20025,105.4,94.6
2015,EU_XPD_LOCALGBPC,,,ES20025,PT,ES20025,106.2,106.2
2016,EU_XPD_LOCALGBPC,,,ES20025,PT,ES20025,100.46,100.46
2010,EU_XPD_LOCALGBPC,,,ES20025,PT,ES20025,225.22,225.22
2013,EU_XPD_LOCALGBPC,,,ES20025,PT,ES20025,112.23,112.23
2014,EU_XPD_LOCALGBPC,,,ES20025,PT,ES20025,107.95,107.95
2017,EU_XPD_LOCALGBPC,,,ES20025,PT,ES20025,101.1,98.9
2018,EU_XPD_LOCALGBPC,,,ES20025,PT,ES20025,101.43,101.43
2021,EU_XPD_LOCALGBPC,,,ES20025,PT,ES20025,103.2,103.2
2022,EU_XPD_LOCALGBPC,,,ES20025,PT,ES20025,125.07,125.07
2022,EU_XPD_LOCALGBPC,,,ES20026,PT,ES20026,125.75,125.75
2013,EU_XPD_LOCALGBPC,,,ES20026,PT,ES20026,143.09,143.09
2014,EU_XPD_LOCALGBPC,,,ES20026,PT,ES20026,113.27,113.27
2017,EU_XPD_LOCALGBPC,,,ES20026,PT,ES20026,103.87,96.13
2010,EU_XPD_LOCALGBPC,,,ES20026,PT,ES20026,105.6,94.4
2018,EU_XPD_LOCALGBPC,,,ES20026,PT,ES20026,108.81,91.19
2011,EU_XPD_LOCALGBPC,,,ES20026,PT,ES20026,129.36,129.36
2012,EU_XPD_LOCALGBPC,,,ES20026,PT,ES20026,113.64,113.64
2015,EU_XPD_LOCALGBPC,,,ES20026,PT,ES20026,100.16,99.84
2016,EU_XPD_LOCALGBPC,,,ES20026,PT,ES20026,119.3,119.3
2019,EU_XPD_LOCALGBPC,,,ES20026,PT,ES20026,143.99,56.01
2020,EU_XPD_LOCALGBPC,,,ES20026,PT,ES20026,151.29,48.71
2023,EU_XPD_LOCALGBPC,,,ES20026,PT,ES20026,105.55,105.55
2021,EU_XPD_LOCALGBPC,,,ES20026,PT,ES20026,141.67,141.67
2023,EU_XPD_LOCALGBPC,,,ES20027,PT,ES20027,121.17,121.17
2011,EU_XPD_LOCALGBPC,,,ES20027,PT,ES20027,103.29,103.29
2015,EU_XPD_LOCALGBPC,,,ES20027,PT,ES20027,105.51,105.51
2012,EU_XPD_LOCALGBPC,,,ES20027,PT,ES20027,103.51,96.49
2016,EU_XPD_LOCALGBPC,,,ES20027,PT,ES20027,100.11,100.11
2019,EU_XPD_LOCALGBPC,,,ES20027,PT,ES20027,106.04,106.04
2010,EU_XPD_LOCALGBPC,,,ES20027,PT,ES20027,100.06,99.94
2013,EU_XPD_LOCALGBPC,,,ES20027,PT,ES20027,108.43,108.43
2014,EU_XPD_LOCALGBPC,,,ES20027,PT,ES20027,100.27,100.27
2017,EU_XPD_LOCALGBPC,,,ES20027,PT,ES20027,102.83,102.83
2018,EU_XPD_LOCALGBPC,,,ES20027,PT,ES20027,113.89,113.89
2021,EU_XPD_LOCALGBPC,,,ES20027,PT,ES20027,100.13,99.87
2020,EU_XPD_LOCALGBPC,,,ES20027,PT,ES20027,111.37,88.63
2022,EU_XPD_LOCALGBPC,,,ES20027,PT,ES20027,102.38,102.38
2014,EU_XPD_LOCALGBPC,,,ES48913,PT,ES48913,121.3,78.7
2010,EU_XPD_LOCALGBPC,,,ES48913,PT,ES48913,104.39,104.39
2012,EU_XPD_LOCALGBPC,,,ES48913,PT,ES48913,111.62,111.62
2022,EU_XPD_LOCALGBPC,,,ES48913,PT,ES48913,118.55,81.45
2020,EU_XPD_LOCALGBPC,,,ES48913,PT,ES48913,122.96,77.04
2021,EU_XPD_LOCALGBPC,,,ES48913,PT,ES48913,106.07,106.07
2015,EU_XPD_LOCALGBPC,,,ES48913,PT,ES48913,111.94,88.06
2017,EU_XPD_LOCALGBPC,,,ES48913,PT,ES48913,106.6,93.4
2013,EU_XPD_LOCALGBPC,,,ES48913,PT,ES48913,116.01,83.99
2011,EU_XPD_LOCALGBPC,,,ES48913,PT,ES48913,107.1,92.9
2023,EU_XPD_LOCALGBPC,,,ES48913,PT,ES48913,104.31,95.69
2019,EU_XPD_LOCALGBPC,,,ES48913,PT,ES48913,104.25,104.25
2018,EU_XPD_LOCALGBPC,,,ES48913,PT,ES48913,107.4,92.6
2016,EU_XPD_LOCALGBPC,,,ES48913,PT,ES48913,112.41,87.59
2022,EU_XPD_LOCALGBPC,,,ES01018,PT,ES01018,102.29,102.29
2018,EU_XPD_LOCALGBPC,,,ES01018,PT,ES01018,108.49,91.51
2013,EU_XPD_LOCALGBPC,,,ES01018,PT,ES01018,109.53,90.47
2017,EU_XPD_LOCALGBPC,,,ES01018,PT,ES01018,114.11,85.89
2015,EU_XPD_LOCALGBPC,,,ES01018,PT,ES01018,110.72,89.28
2010,EU_XPD_LOCALGBPC,,,ES01018,PT,ES01018,116.5,83.5
2019,EU_XPD_LOCALGBPC,,,ES01018,PT,ES01018,106.93,93.07
2011,EU_XPD_LOCALGBPC,,,ES01018,PT,ES01018,112.83,87.17
2023,EU_XPD_LOCALGBPC,,,ES01018,PT,ES01018,109.05,90.95
2012,EU_XPD_LOCALGBPC,,,ES01018,PT,ES01018,116.2,83.8
2020,EU_XPD_LOCALGBPC,,,ES01018,PT,ES01018,111.41,88.59
2021,EU_XPD_LOCALGBPC,,,ES01018,PT,ES01018,117.07,82.93
2016,EU_XPD_LOCALGBPC,,,ES01018,PT,ES01018,126.29,73.71
2014,EU_XPD_LOCALGBPC,,,ES01018,PT,ES01018,100.58,100.58
2015,EU_XPD_LOCALGBPC,,,ES48915,PT,ES48915,100.75,100.75
2012,EU_XPD_LOCALGBPC,,,ES48915,PT,ES48915,117.7,117.7
2023,EU_XPD_LOCALGBPC,,,ES48915,PT,ES48915,112.74,112.74
2014,EU_XPD_LOCALGBPC,,,ES48915,PT,ES48915,104.29,95.71
2010,EU_XPD_LOCALGBPC,,,ES48915,PT,ES48915,160.29,160.29
2021,EU_XPD_LOCALGBPC,,,ES48915,PT,ES48915,141.0,59.0
2018,EU_XPD_LOCALGBPC,,,ES48915,PT,ES48915,103.62,96.38
2020,EU_XPD_LOCALGBPC,,,ES48915,PT,ES48915,153.47,46.53
2013,EU_XPD_LOCALGBPC,,,ES48915,PT,ES48915,104.49,104.49
2022,EU_XPD_LOCALGBPC,,,ES48915,PT,ES48915,125.31,74.69
2019,EU_XPD_LOCALGBPC,,,ES48915,PT,ES48915,120.28,79.72
2017,EU_XPD_LOCALGBPC,,,ES48915,PT,ES48915,116.59,116.59
2016,EU_XPD_LOCALGBPC,,,ES48915,PT,ES48915,121.75,121.75
2011,EU_XPD_LOCALGBPC,,,ES48915,PT,ES48915,102.99,97.01
2013,EU_XPD_LOCALGBPC,,,ES20028,PT,ES20028,105.55,94.45
2010,EU_XPD_LOCALGBPC,,,ES20028,PT,ES20028,106.45,106.45
2017,EU_XPD_LOCALGBPC,,,ES20028,PT,ES20028,100.74,99.26
2021,EU_XPD_LOCALGBPC,,,ES20028,PT,ES20028,101.0,101.0
2018,EU_XPD_LOCALGBPC,,,ES20028,PT,ES20028,100.3,100.3
2014,EU_XPD_LOCALGBPC,,,ES20028,PT,ES20028,102.09,102.09
2011,EU_XPD_LOCALGBPC,,,ES20028,PT,ES20028,110.41,89.59
2022,EU_XPD_LOCALGBPC,,,ES20028,PT,ES20028,113.81,86.19
2015,EU_XPD_LOCALGBPC,,,ES20028,PT,ES20028,107.7,107.7
2016,EU_XPD_LOCALGBPC,,,ES20028,PT,ES20028,104.03,104.03
2012,EU_XPD_LOCALGBPC,,,ES20028,PT,ES20028,119.75,80.25
2019,EU_XPD_LOCALGBPC,,,ES20028,PT,ES20028,100.07,100.07
2020,EU_XPD_LOCALGBPC,,,ES20028,PT,ES20028,101.0,99.0
2023,EU_XPD_LOCALGBPC,,,ES20028,PT,ES20028,113.97,86.03
2022,EU_XPD_LOCALGBPC,,,ES01063,PT,ES01063,100.89,99.11
2016,EU_XPD_LOCALGBPC,,,ES01063,PT,ES01063,110.87,110.87
2011,EU_XPD_LOCALGBPC,,,ES01063,PT,ES01063,107.72,92.28
2020,EU_XPD_LOCALGBPC,,,ES01063,PT,ES01063,126.85,73.15
2013,EU_XPD_LOCALGBPC,,,ES01063,PT,ES01063,108.14,91.86
2017,EU_XPD_LOCALGBPC,,,ES01063,PT,ES01063,141.74,58.26
2021,EU_XPD_LOCALGBPC,,,ES01063,PT,ES01063,114.49,85.51
2010,EU_XPD_LOCALGBPC,,,ES01063,PT,ES01063,150.55,150.55
2019,EU_XPD_LOCALGBPC,,,ES01063,PT,ES01063,125.34,74.66
2015,EU_XPD_LOCALGBPC,,,ES01063,PT,ES01063,103.76,96.24
2018,EU_XPD_LOCALGBPC,,,ES01063,PT,ES01063,126.68,126.68
2012,EU_XPD_LOCALGBPC,,,ES01063,PT,ES01063,128.61,128.61
2023,EU_XPD_LOCALGBPC,,,ES01063,PT,ES01063,115.5,84.5
2014,EU_XPD_LOCALGBPC,,,ES01063,PT,ES01063,103.59,103.59
2015,EU_XPD_LOCALGBPC,,,ES20081,PT,ES20081,112.59,87.41
2023,EU_XPD_LOCALGBPC,,,ES20081,PT,ES20081,114.38,85.62
2010,EU_XPD_LOCALGBPC,,,ES20081,PT,ES20081,105.85,105.85
2022,EU_XPD_LOCALGBPC,,,ES20081,PT,ES20081,124.31,75.69
2021,EU_XPD_LOCALGBPC,,,ES20081,PT,ES20081,102.24,97.76
2014,EU_XPD_LOCALGBPC,,,ES20081,PT,ES20081,105.93,94.07
2011,EU_XPD_LOCALGBPC,,,ES20081,PT,ES20081,110.65,110.65
2017,EU_XPD_LOCALGBPC,,,ES20081,PT,ES20081,106.31,93.69
2019,EU_XPD_LOCALGBPC,,,ES20081,PT,ES20081,105.44,94.56
2018,EU_XPD_LOCALGBPC,,,ES20081,PT,ES20081,102.45,97.55
2012,EU_XPD_LOCALGBPC,,,ES20081,PT,ES20081,116.3,83.7
2013,EU_XPD_LOCALGBPC,,,ES20081,PT,ES20081,103.89,96.11
2016,EU_XPD_LOCALGBPC,,,ES20081,PT,ES20081,105.44,94.56
2020,EU_XPD_LOCALGBPC,,,ES20081,PT,ES20081,101.47,98.53
2013,EU_XPD_LOCALGBPC,,,ES20080,PT,ES20080,108.36,108.36
2016,EU_XPD_LOCALGBPC,,,ES20080,PT,ES20080,106.49,93.51
2017,EU_XPD_LOCALGBPC,,,ES20080,PT,ES20080,101.11,98.89
2021,EU_XPD_LOCALGBPC,,,ES20080,PT,ES20080,109.53,90.47
2020,EU_XPD_LOCALGBPC,,,ES20080,PT,ES20080,106.05,93.95
2012,EU_XPD_LOCALGBPC,,,ES20080,PT,ES20080,110.04,110.04
2010,EU_XPD_LOCALGBPC,,,ES20080,PT,ES20080,110.51,110.51
2011,EU_XPD_LOCALGBPC,,,ES20080,PT,ES20080,102.45,102.45
2014,EU_XPD_LOCALGBPC,,,ES20080,PT,ES20080,109.05,90.95
2015,EU_XPD_LOCALGBPC,,,ES20080,PT,ES20080,104.15,104.15
2018,EU_XPD_LOCALGBPC,,,ES20080,PT,ES20080,100.73,99.27
2019,EU_XPD_LOCALGBPC,,,ES20080,PT,ES20080,107.46,107.46
2022,EU_XPD_LOCALGBPC,,,ES20080,PT,ES20080,118.32,118.32
2023,EU_XPD_LOCALGBPC,,,ES20080,PT,ES20080,137.89,137.89
2011,EU_XPD_LOCALGBPC,,ES0101,,PT,ES0101,113.08,86.92
2017,EU_XPD_LOCALGBPC,,ES0101,,PT,ES0101,101.69,101.69
2015,EU_XPD_LOCALGBPC,,ES0101,,PT,ES0101,108.96,108.96
2012,EU_XPD_LOCALGBPC,,ES0101,,PT,ES0101,125.55,125.55
2013,EU_XPD_LOCALGBPC,,ES0101,,PT,ES0101,114.52,114.52
2023,EU_XPD_LOCALGBPC,,ES0101,,PT,ES0101,100.87,100.87
2019,EU_XPD_LOCALGBPC,,ES0101,,PT,ES0101,113.8,86.2
2010,EU_XPD_LOCALGBPC,,ES0101,,PT,ES0101,122.89,122.89
2018,EU_XPD_LOCALGBPC,,ES0101,,PT,ES0101,114.9,85.1
2014,EU_XPD_LOCALGBPC,,ES0101,,PT,ES0101,107.47,92.53
2016,EU_XPD_LOCALGBPC,,ES0101,,PT,ES0101,108.26,91.74
2020,EU_XPD_LOCALGBPC,,ES0101,,PT,ES0101,108.94,91.06
2021,EU_XPD_LOCALGBPC,,ES0101,,PT,ES0101,103.65,96.35
2022,EU_XPD_LOCALGBPC,,ES0101,,PT,ES0101,104.78,95.22
2015,EU_XPD_LOCALGBPC,,ES0104,,PT,ES0104,102.92,102.92
2020,EU_XPD_LOCALGBPC,,ES0104,,PT,ES0104,105.73,94.27
2023,EU_XPD_LOCALGBPC,,ES0104,,PT,ES0104,102.94,102.94
2019,EU_XPD_LOCALGBPC,,ES0104,,PT,ES0104,107.95,92.05
2022,EU_XPD_LOCALGBPC,,ES0104,,PT,ES0104,102.24,97.76
2012,EU_XPD_LOCALGBPC,,ES0104,,PT,ES0104,113.03,86.97
2018,EU_XPD_LOCALGBPC,,ES0104,,PT,ES0104,114.38,85.62
2011,EU_XPD_LOCALGBPC,,ES0104,,PT,ES0104,110.76,110.76
2014,EU_XPD_LOCALGBPC,,ES0104,,PT,ES0104,101.1,98.9
2017,EU_XPD_LOCALGBPC,,ES0104,,PT,ES0104,111.69,111.69
2013,EU_XPD_LOCALGBPC,,ES0104,,PT,ES0104,102.97,97.03
2016,EU_XPD_LOCALGBPC,,ES0104,,PT,ES0104,119.71,80.29
2010,EU_XPD_LOCALGBPC,,ES0104,,PT,ES0104,100.92,100.92
2021,EU_XPD_LOCALGBPC,,ES0104,,PT,ES0104,105.37,105.37
2011,EU_XPD_LOCALGBPC,,ES0106,,PT,ES0106,103.04,103.04
2016,EU_XPD_LOCALGBPC,,ES0106,,PT,ES0106,101.49,101.49
2012,EU_XPD_LOCALGBPC,,ES0106,,PT,ES0106,105.69,94.31
2019,EU_XPD_LOCALGBPC,,ES0106,,PT,ES0106,102.08,97.92
2014,EU_XPD_LOCALGBPC,,ES0106,,PT,ES0106,101.02,98.98
2022,EU_XPD_LOCALGBPC,,ES0106,,PT,ES0106,102.87,97.13
2018,EU_XPD_LOCALGBPC,,ES0106,,PT,ES0106,101.03,98.97
2015,EU_XPD_LOCALGBPC,,ES0106,,PT,ES0106,100.45,100.45
2020,EU_XPD_LOCALGBPC,,ES0106,,PT,ES0106,106.09,93.91
2013,EU_XPD_LOCALGBPC,,ES0106,,PT,ES0106,103.78,96.22
2023,EU_XPD_LOCALGBPC,,ES0106,,PT,ES0106,111.48,88.52
2021,EU_XPD_LOCALGBPC,,ES0106,,PT,ES0106,105.8,94.2
2010,EU_XPD_LOCALGBPC,,ES0106,,PT,ES0106,109.53,109.53
2017,EU_XPD_LOCALGBPC,,ES0106,,PT,ES0106,102.28,102.28
2018,EU_XPD_LOCALGBPC,,ES0102,,PT,ES0102,103.8,96.2
2010,EU_XPD_LOCALGBPC,,ES0102,,PT,ES0102,101.68,101.68
2014,EU_XPD_LOCALGBPC,,ES0102,,PT,ES0102,101.53,101.53
2020,EU_XPD_LOCALGBPC,,ES0102,,PT,ES0102,107.8,92.2
2022,EU_XPD_LOCALGBPC,,ES0102,,PT,ES0102,103.02,103.02
2021,EU_XPD_LOCALGBPC,,ES0102,,PT,ES0102,100.39,99.61
2017,EU_XPD_LOCALGBPC,,ES0102,,PT,ES0102,105.31,94.69
2012,EU_XPD_LOCALGBPC,,ES0102,,PT,ES0102,124.91,75.09
2011,EU_XPD_LOCALGBPC,,ES0102,,PT,ES0102,120.16,79.84
2019,EU_XPD_LOCALGBPC,,ES0102,,PT,ES0102,100.72,99.28
2016,EU_XPD_LOCALGBPC,,ES0102,,PT,ES0102,101.18,98.82
2013,EU_XPD_LOCALGBPC,,ES0102,,PT,ES0102,102.97,97.03
2023,EU_XPD_LOCALGBPC,,ES0102,,PT,ES0102,102.39,102.39
2015,EU_XPD_LOCALGBPC,,ES0102,,PT,ES0102,104.49,104.49
2011,EU_XPD_LOCALGBPC,,ES0103,,PT,ES0103,100.43,99.57
2014,EU_XPD_LOCALGBPC,,ES0103,,PT,ES0103,100.19,100.19
2018,EU_XPD_LOCALGBPC,,ES0103,,PT,ES0103,112.01,87.99
2019,EU_XPD_LOCALGBPC,,ES0103,,PT,ES0103,104.14,95.86
2016,EU_XPD_LOCALGBPC,,ES0103,,PT,ES0103,102.52,97.48
2017,EU_XPD_LOCALGBPC,,ES0103,,PT,ES0103,105.35,105.35
2022,EU_XPD_LOCALGBPC,,ES0103,,PT,ES0103,136.26,136.26
2021,EU_XPD_LOCALGBPC,,ES0103,,PT,ES0103,114.5,85.5
2020,EU_XPD_LOCALGBPC,,ES0103,,PT,ES0103,107.79,92.21
2015,EU_XPD_LOCALGBPC,,ES0103,,PT,ES0103,108.43,91.57
2012,EU_XPD_LOCALGBPC,,ES0103,,PT,ES0103,117.06,117.06
2010,EU_XPD_LOCALGBPC,,ES0103,,PT,ES0103,134.25,134.25
2023,EU_XPD_LOCALGBPC,,ES0103,,PT,ES0103,114.46,114.46
2013,EU_XPD_LOCALGBPC,,ES0103,,PT,ES0103,104.9,104.9
2021,EU_XPD_LOCALGBPC,,ES4801,,PT,ES4801,100.65,99.35
2013,EU_XPD_LOCALGBPC,,ES4801,,PT,ES4801,103.83,103.83
2018,EU_XPD_LOCALGBPC,,ES4801,,PT,ES4801,105.64,105.64
2014,EU_XPD_LOCALGBPC,,ES4801,,PT,ES4801,102.96,97.04
2020,EU_XPD_LOCALGBPC,,ES4801,,PT,ES4801,111.61,88.39
2022,EU_XPD_LOCALGBPC,,ES4801,,PT,ES4801,107.95,107.95
2010,EU_XPD_LOCALGBPC,,ES4801,,PT,ES4801,112.06,112.06
2012,EU_XPD_LOCALGBPC,,ES4801,,PT,ES4801,104.45,104.45
2019,EU_XPD_LOCALGBPC,,ES4801,,PT,ES4801,104.37,104.37
2011,EU_XPD_LOCALGBPC,,ES4801,,PT,ES4801,103.64,103.64
2017,EU_XPD_LOCALGBPC,,ES4801,,PT,ES4801,107.81,107.81
2016,EU_XPD_LOCALGBPC,,ES4801,,PT,ES4801,104.49,104.49
2023,EU_XPD_LOCALGBPC,,ES4801,,PT,ES4801,108.28,108.28
2015,EU_XPD_LOCALGBPC,,ES4801,,PT,ES4801,104.95,104.95
2022,EU_XPD_LOCALGBPC,,ES2001,,PT,ES2001,101.48,101.48
2017,EU_XPD_LOCALGBPC,,ES2001,,PT,ES2001,106.94,93.06
2014,EU_XPD_LOCALGBPC,,ES2001,,PT,ES2001,110.7,110.7
2013,EU_XPD_LOCALGBPC,,ES2001,,PT,ES2001,100.54,99.46
2019,EU_XPD_LOCALGBPC,,ES2001,,PT,ES2001,103.71,103.71
2023,EU_XPD_LOCALGBPC,,ES2001,,PT,ES2001,109.47,109.47
2010,EU_XPD_LOCALGBPC,,ES2001,,PT,ES2001,116.47,116.47
2018,EU_XPD_LOCALGBPC,,ES2001,,PT,ES2001,101.37,101.37
2021,EU_XPD_LOCALGBPC,,ES2001,,PT,ES2001,115.09,84.91
2020,EU_XPD_LOCALGBPC,,ES2001,,PT,ES2001,107.8,92.2
2011,EU_XPD_LOCALGBPC,,ES2001,,PT,ES2001,109.46,109.46
2012,EU_XPD_LOCALGBPC,,ES2001,,PT,ES2001,106.08,106.08
2016,EU_XPD_LOCALGBPC,,ES2001,,PT,ES2001,102.83,97.17
2015,EU_XPD_LOCALGBPC,,ES2001,,PT,ES2001,101.31,101.31
2020,EU_XPD_LOCALGBPC,,ES4802,,PT,ES4802,105.61,94.39
2010,EU_XPD_LOCALGBPC,,ES4802,,PT,ES4802,116.19,116.19
2023,EU_XPD_LOCALGBPC,,ES4802,,PT,ES4802,107.07,107.07
2021,EU_XPD_LOCALGBPC,,ES4802,,PT,ES4802,101.12,98.88
2012,EU_XPD_LOCALGBPC,,ES4802,,PT,ES4802,101.71,98.29
2017,EU_XPD_LOCALGBPC,,ES4802,,PT,ES4802,101.21,98.79
2015,EU_XPD_LOCALGBPC,,ES4802,,PT,ES4802,100.95,99.05
2022,EU_XPD_LOCALGBPC,,ES4802,,PT,ES4802,100.43,99.57
2019,EU_XPD_LOCALGBPC,,ES4802,,PT,ES4802,101.83,101.83
2011,EU_XPD_LOCALGBPC,,ES4802,,PT,ES4802,106.1,106.1
2016,EU_XPD_LOCALGBPC,,ES4802,,PT,ES4802,104.96,95.04
2013,EU_XPD_LOCALGBPC,,ES4802,,PT,ES4802,102.97,102.97
2014,EU_XPD_LOCALGBPC,,ES4802,,PT,ES4802,100.29,100.29
2018,EU_XPD_LOCALGBPC,,ES4802,,PT,ES4802,101.23,98.77
2019,EU_XPD_LOCALGBPC,,ES2002,,PT,ES2002,100.27,100.27
2010,EU_XPD_LOCALGBPC,,ES2002,,PT,ES2002,114.71,114.71
2016,EU_XPD_LOCALGBPC,,ES2002,,PT,ES2002,108.29,91.71
2021,EU_XPD_LOCALGBPC,,ES2002,,PT,ES2002,105.12,94.88
2015,EU_XPD_LOCALGBPC,,ES2002,,PT,ES2002,100.56,100.56
2018,EU_XPD_LOCALGBPC,,ES2002,,PT,ES2002,104.6,95.4
2014,EU_XPD_LOCALGBPC,,ES2002,,PT,ES2002,100.82,99.18
2022,EU_XPD_LOCALGBPC,,ES2002,,PT,ES2002,100.87,99.13
2013,EU_XPD_LOCALGBPC,,ES2002,,PT,ES2002,101.88,101.88
2011,EU_XPD_LOCALGBPC,,ES2002,,PT,ES2002,112.63,112.63
2020,EU_XPD_LOCALGBPC,,ES2002,,PT,ES2002,110.35,89.65
2023,EU_XPD_LOCALGBPC,,ES2002,,PT,ES2002,102.04,102.04
2017,EU_XPD_LOCALGBPC,,ES2002,,PT,ES2002,109.0,91.0
2012,EU_XPD_LOCALGBPC,,ES2002,,PT,ES2002,103.9,96.1
2014,EU_XPD_LOCALGBPC,,ES2003,,PT,ES2003,100.06,100.06
2010,EU_XPD_LOCALGBPC,,ES2003,,PT,ES2003,108.64,108.64
2023,EU_XPD_LOCALGBPC,,ES2003,,PT,ES2003,107.5,92.5
2018,EU_XPD_LOCALGBPC,,ES2003,,PT,ES2003,105.46,94.54
2012,EU_XPD_LOCALGBPC,,ES2003,,PT,ES2003,102.68,97.32
2011,EU_XPD_LOCALGBPC,,ES2003,,PT,ES2003,104.43,104.43
2013,EU_XPD_LOCALGBPC,,ES2003,,PT,ES2003,103.05,96.95
2015,EU_XPD_LOCALGBPC,,ES2003,,PT,ES2003,100.02,100.02
2017,EU_XPD_LOCALGBPC,,ES2003,,PT,ES2003,104.98,95.02
2016,EU_XPD_LOCALGBPC,,ES2003,,PT,ES2003,105.93,94.07
2022,EU_XPD_LOCALGBPC,,ES2003,,PT,ES2003,100.86,100.86
2020,EU_XPD_LOCALGBPC,,ES2003,,PT,ES2003,100.6,99.4
2021,EU_XPD_LOCALGBPC,,ES2003,,PT,ES2003,100.97,99.03
2019,EU_XPD_LOCALGBPC,,ES2003,,PT,ES2003,104.46,95.54
2020,EU_XPD_LOCALGBPC,,ES2004,,PT,ES2004,104.53,95.47
2016,EU_XPD_LOCALGBPC,,ES2004,,PT,ES2004,101.58,98.42
2022,EU_XPD_LOCALGBPC,,ES2004,,PT,ES2004,102.62,97.38
2021,EU_XPD_LOCALGBPC,,ES2004,,PT,ES2004,102.83,102.83
2015,EU_XPD_LOCALGBPC,,ES2004,,PT,ES2004,114.17,85.83
2011,EU_XPD_LOCALGBPC,,ES2004,,PT,ES2004,102.4,97.6
2017,EU_XPD_LOCALGBPC,,ES2004,,PT,ES2004,109.98,90.02
2014,EU_XPD_LOCALGBPC,,ES2004,,PT,ES2004,114.93,85.07
2012,EU_XPD_LOCALGBPC,,ES2004,,PT,ES2004,112.73,87.27
2019,EU_XPD_LOCALGBPC,,ES2004,,PT,ES2004,103.06,96.94
2013,EU_XPD_LOCALGBPC,,ES2004,,PT,ES2004,105.58,94.42
2023,EU_XPD_LOCALGBPC,,ES2004,,PT,ES2004,103.84,96.16
2018,EU_XPD_LOCALGBPC,,ES2004,,PT,ES2004,108.14,91.86
2010,EU_XPD_LOCALGBPC,,ES2004,,PT,ES2004,101.79,101.79
2013,EU_XPD_LOCALGBPC,,ES4803,,PT,ES4803,105.07,105.07
2012,EU_XPD_LOCALGBPC,,ES4803,,PT,ES4803,100.66,99.34
2020,EU_XPD_LOCALGBPC,,ES4803,,PT,ES4803,108.69,91.31
2018,EU_XPD_LOCALGBPC,,ES4803,,PT,ES4803,100.15,100.15
2011,EU_XPD_LOCALGBPC,,ES4803,,PT,ES4803,100.85,100.85
2019,EU_XPD_LOCALGBPC,,ES4803,,PT,ES4803,100.41,99.59
2015,EU_XPD_LOCALGBPC,,ES4803,,PT,ES4803,100.11,100.11
2017,EU_XPD_LOCALGBPC,,ES4803,,PT,ES4803,100.38,99.62
2010,EU_XPD_LOCALGBPC,,ES4803,,PT,ES4803,104.63,104.63
2023,EU_XPD_LOCALGBPC,,ES4803,,PT,ES4803,105.33,105.33
2022,EU_XPD_LOCALGBPC,,ES4803,,PT,ES4803,104.24,104.24
2021,EU_XPD_LOCALGBPC,,ES4803,,PT,ES4803,102.73,97.27
2014,EU_XPD_LOCALGBPC,,ES4803,,PT,ES4803,108.06,108.06
2016,EU_XPD_LOCALGBPC,,ES4803,,PT,ES4803,103.59,103.59
2019,EU_XPD_LOCALGBPC,,ES4804,,PT,ES4804,104.88,104.88
2012,EU_XPD_LOCALGBPC,,ES4804,,PT,ES4804,107.69,107.69
2021,EU_XPD_LOCALGBPC,,ES4804,,PT,ES4804,103.23,103.23
2011,EU_XPD_LOCALGBPC,,ES4804,,PT,ES4804,110.26,110.26
2017,EU_XPD_LOCALGBPC,,ES4804,,PT,ES4804,104.51,104.51
2016,EU_XPD_LOCALGBPC,,ES4804,,PT,ES4804,106.18,106.18
2015,EU_XPD_LOCALGBPC,,ES4804,,PT,ES4804,112.7,112.7
2014,EU_XPD_LOCALGBPC,,ES4804,,PT,ES4804,113.71,113.71
2023,EU_XPD_LOCALGBPC,,ES4804,,PT,ES4804,101.5,101.5
2010,EU_XPD_LOCALGBPC,,ES4804,,PT,ES4804,128.05,128.05
2013,EU_XPD_LOCALGBPC,,ES4804,,PT,ES4804,105.44,105.44
2022,EU_XPD_LOCALGBPC,,ES4804,,PT,ES4804,105.76,105.76
2020,EU_XPD_LOCALGBPC,,ES4804,,PT,ES4804,109.33,90.67
2018,EU_XPD_LOCALGBPC,,ES4804,,PT,ES4804,104.22,104.22
2021,EU_XPD_LOCALGBPC,,ES4805,,PT,ES4805,103.31,96.69
2023,EU_XPD_LOCALGBPC,,ES4805,,PT,ES4805,106.1,106.1
2011,EU_XPD_LOCALGBPC,,ES4805,,PT,ES4805,107.51,107.51
2015,EU_XPD_LOCALGBPC,,ES4805,,PT,ES4805,102.6,102.6
2010,EU_XPD_LOCALGBPC,,ES4805,,PT,ES4805,123.31,123.31
2012,EU_XPD_LOCALGBPC,,ES4805,,PT,ES4805,100.36,99.64
2022,EU_XPD_LOCALGBPC,,ES4805,,PT,ES4805,101.03,98.97
2014,EU_XPD_LOCALGBPC,,ES4805,,PT,ES4805,105.03,105.03
2016,EU_XPD_LOCALGBPC,,ES4805,,PT,ES4805,103.53,103.53
2020,EU_XPD_LOCALGBPC,,ES4805,,PT,ES4805,107.14,92.86
2017,EU_XPD_LOCALGBPC,,ES4805,,PT,ES4805,102.24,102.24
2018,EU_XPD_LOCALGBPC,,ES4805,,PT,ES4805,104.7,95.3
2019,EU_XPD_LOCALGBPC,,ES4805,,PT,ES4805,101.66,101.66
2013,EU_XPD_LOCALGBPC,,ES4805,,PT,ES4805,106.39,106.39
2017,EU_XPD_LOCALGBPC,,ES2005,,PT,ES2005,100.43,100.43
2016,EU_XPD_LOCALGBPC,,ES2005,,PT,ES2005,102.8,97.2
2021,EU_XPD_LOCALGBPC,,ES2005,,PT,ES2005,100.48,99.52
2010,EU_XPD_LOCALGBPC,,ES2005,,PT,ES2005,122.07,122.07
2012,EU_XPD_LOCALGBPC,,ES2005,,PT,ES2005,101.56,101.56
2020,EU_XPD_LOCALGBPC,,ES2005,,PT,ES2005,104.51,95.49
2018,EU_XPD_LOCALGBPC,,ES2005,,PT,ES2005,101.34,101.34
2011,EU_XPD_LOCALGBPC,,ES2005,,PT,ES2005,110.77,110.77
2019,EU_XPD_LOCALGBPC,,ES2005,,PT,ES2005,103.81,103.81
2023,EU_XPD_LOCALGBPC,,ES2005,,PT,ES2005,104.29,104.29
2022,EU_XPD_LOCALGBPC,,ES2005,,PT,ES2005,102.79,102.79
2013,EU_XPD_LOCALGBPC,,ES2005,,PT,ES2005,105.32,105.32
2015,EU_XPD_LOCALGBPC,,ES2005,,PT,ES2005,100.56,99.44
2014,EU_XPD_LOCALGBPC,,ES2005,,PT,ES2005,100.74,100.74
2011,EU_XPD_LOCALGBPC,,ES0105,,PT,ES0105,108.25,91.75
2022,EU_XPD_LOCALGBPC,,ES0105,,PT,ES0105,102.92,97.08
2021,EU_XPD_LOCALGBPC,,ES0105,,PT,ES0105,114.14,85.86
2014,EU_XPD_LOCALGBPC,,ES0105,,PT,ES0105,104.05,104.05
2019,EU_XPD_LOCALGBPC,,ES0105,,PT,ES0105,116.49,83.51
2020,EU_XPD_LOCALGBPC,,ES0105,,PT,ES0105,115.06,84.94
2013,EU_XPD_LOCALGBPC,,ES0105,,PT,ES0105,103.73,96.27
2010,EU_XPD_LOCALGBPC,,ES0105,,PT,ES0105,120.65,120.65
2016,EU_XPD_LOCALGBPC,,ES0105,,PT,ES0105,104.81,95.19
2018,EU_XPD_LOCALGBPC,,ES0105,,PT,ES0105,101.04,98.96
2023,EU_XPD_LOCALGBPC,,ES0105,,PT,ES0105,103.45,96.55
2017,EU_XPD_LOCALGBPC,,ES0105,,PT,ES0105,116.34,83.66
2015,EU_XPD_LOCALGBPC,,ES0105,,PT,ES0105,101.46,98.54
2012,EU_XPD_LOCALGBPC,,ES0105,,PT,ES0105,108.84,108.84
2019,EU_XPD_LOCALGBPC,,ES4806,,PT,ES4806,112.53,112.53
2023,EU_XPD_LOCALGBPC,,ES4806,,PT,ES4806,111.39,111.39
2011,EU_XPD_LOCALGBPC,,ES4806,,PT,ES4806,111.29,111.29
2010,EU_XPD_LOCALGBPC,,ES4806,,PT,ES4806,108.7,108.7
2020,EU_XPD_LOCALGBPC,,ES4806,,PT,ES4806,114.54,85.46
2014,EU_XPD_LOCALGBPC,,ES4806,,PT,ES4806,100.94,100.94
2017,EU_XPD_LOCALGBPC,,ES4806,,PT,ES4806,105.6,105.6
2022,EU_XPD_LOCALGBPC,,ES4806,,PT,ES4806,101.82,98.18
2016,EU_XPD_LOCALGBPC,,ES4806,,PT,ES4806,118.2,118.2
2015,EU_XPD_LOCALGBPC,,ES4806,,PT,ES4806,100.7,100.7
2012,EU_XPD_LOCALGBPC,,ES4806,,PT,ES4806,101.66,101.66
2013,EU_XPD_LOCALGBPC,,ES4806,,PT,ES4806,101.09,101.09
2021,EU_XPD_LOCALGBPC,,ES4806,,PT,ES4806,100.97,99.03
2018,EU_XPD_LOCALGBPC,,ES4806,,PT,ES4806,105.7,105.7
2017,EU_XPD_LOCALGBPC,,ES4807,,PT,ES4807,100.41,99.59
2022,EU_XPD_LOCALGBPC,,ES4807,,PT,ES4807,110.71,110.71
2015,EU_XPD_LOCALGBPC,,ES4807,,PT,ES4807,106.76,106.76
2011,EU_XPD_LOCALGBPC,,ES4807,,PT,ES4807,103.64,96.36
2014,EU_XPD_LOCALGBPC,,ES4807,,PT,ES4807,110.51,110.51
2016,EU_XPD_LOCALGBPC,,ES4807,,PT,ES4807,103.49,96.51
2023,EU_XPD_LOCALGBPC,,ES4807,,PT,ES4807,113.89,113.89
2019,EU_XPD_LOCALGBPC,,ES4807,,PT,ES4807,102.66,102.66
2018,EU_XPD_LOCALGBPC,,ES4807,,PT,ES4807,111.58,88.42
2020,EU_XPD_LOCALGBPC,,ES4807,,PT,ES4807,103.59,96.41
2012,EU_XPD_LOCALGBPC,,ES4807,,PT,ES4807,110.38,89.62
2013,EU_XPD_LOCALGBPC,,ES4807,,PT,ES4807,107.4,107.4
2010,EU_XPD_LOCALGBPC,,ES4807,,PT,ES4807,105.6,105.6
2021,EU_XPD_LOCALGBPC,,ES4807,,PT,ES4807,108.33,108.33
2020,EU_XPD_LOCALGBPC,,ES2006,,PT,ES2006,108.37,91.63
2011,EU_XPD_LOCALGBPC,,ES2006,,PT,ES2006,111.09,111.09
2017,EU_XPD_LOCALGBPC,,ES2006,,PT,ES2006,100.6,100.6
2013,EU_XPD_LOCALGBPC,,ES2006,,PT,ES2006,103.92,96.08
2022,EU_XPD_LOCALGBPC,,ES2006,,PT,ES2006,101.46,98.54
2015,EU_XPD_LOCALGBPC,,ES2006,,PT,ES2006,103.62,103.62
2014,EU_XPD_LOCALGBPC,,ES2006,,PT,ES2006,102.98,102.98
2021,EU_XPD_LOCALGBPC,,ES2006,,PT,ES2006,100.7,99.3
2012,EU_XPD_LOCALGBPC,,ES2006,,PT,ES2006,103.82,96.18
2023,EU_XPD_LOCALGBPC,,ES2006,,PT,ES2006,103.58,103.58
2018,EU_XPD_LOCALGBPC,,ES2006,,PT,ES2006,100.31,99.69
2016,EU_XPD_LOCALGBPC,,ES2006,,PT,ES2006,101.56,101.56
2010,EU_XPD_LOCALGBPC,,ES2006,,PT,ES2006,112.58,112.58
2019,EU_XPD_LOCALGBPC,,ES2006,,PT,ES2006,101.52,101.52
2021,EU_XPD_LOCALGBPC,,ES2007,,PT,ES2007,100.54,99.46
2019,EU_XPD_LOCALGBPC,,ES2007,,PT,ES2007,100.19,100.19
2017,EU_XPD_LOCALGBPC,,ES2007,,PT,ES2007,101.28,101.28
2012,EU_XPD_LOCALGBPC,,ES2007,,PT,ES2007,106.27,93.73
2014,EU_XPD_LOCALGBPC,,ES2007,,PT,ES2007,102.53,97.47
2018,EU_XPD_LOCALGBPC,,ES2007,,PT,ES2007,104.28,104.28
2010,EU_XPD_LOCALGBPC,,ES2007,,PT,ES2007,101.34,101.34
2015,EU_XPD_LOCALGBPC,,ES2007,,PT,ES2007,100.66,99.34
2016,EU_XPD_LOCALGBPC,,ES2007,,PT,ES2007,102.41,97.59
2013,EU_XPD_LOCALGBPC,,ES2007,,PT,ES2007,101.67,98.33
2020,EU_XPD_LOCALGBPC,,ES2007,,PT,ES2007,105.98,94.02
2022,EU_XPD_LOCALGBPC,,ES2007,,PT,ES2007,102.54,97.46
2011,EU_XPD_LOCALGBPC,,ES2007,,PT,ES2007,104.8,104.8
2023,EU_XPD_LOCALGBPC,,ES2007,,PT,ES2007,101.8,101.8
2014,EU_XPD_LOCALGBPC,ES211,,,PT,ES211,101.05,101.05
2010,EU_XPD_LOCALGBPC,ES211,,,PT,ES211,103.51,103.51
2017,EU_XPD_LOCALGBPC,ES211,,,PT,ES211,104.08,95.92
2019,EU_XPD_LOCALGBPC,ES211,,,PT,ES211,101.87,98.13
2020,EU_XPD_LOCALGBPC,ES211,,,PT,ES211,107.77,92.23
2021,EU_XPD_LOCALGBPC,ES211,,,PT,ES211,101.23,98.77
2018,EU_XPD_LOCALGBPC,ES211,,,PT,ES211,104.25,95.75
2011,EU_XPD_LOCALGBPC,ES211,,,PT,ES211,116.3,83.7
2013,EU_XPD_LOCALGBPC,ES211,,,PT,ES211,102.67,97.33
2022,EU_XPD_LOCALGBPC,ES211,,,PT,ES211,102.2,102.2
2023,EU_XPD_LOCALGBPC,ES211,,,PT,ES211,100.93,100.93
2012,EU_XPD_LOCALGBPC,ES211,,,PT,ES211,121.17,78.83
2016,EU_XPD_LOCALGBPC,ES211,,,PT,ES211,101.87,98.13
2015,EU_XPD_LOCALGBPC,ES211,,,PT,ES211,103.85,103.85
2019,EU_XPD_LOCALGBPC,ES213,,,PT,ES213,102.05,102.05
2022,EU_XPD_LOCALGBPC,ES213,,,PT,ES213,100.71,100.71
2011,EU_XPD_LOCALGBPC,ES213,,,PT,ES213,105.38,105.38
2018,EU_XPD_LOCALGBPC,ES213,,,PT,ES213,101.33,98.67
2021,EU_XPD_LOCALGBPC,ES213,,,PT,ES213,100.8,99.2
2012,EU_XPD_LOCALGBPC,ES213,,,PT,ES213,101.56,98.44
2023,EU_XPD_LOCALGBPC,ES213,,,PT,ES213,107.17,107.17
2015,EU_XPD_LOCALGBPC,ES213,,,PT,ES213,100.09,100.09
2016,EU_XPD_LOCALGBPC,ES213,,,PT,ES213,102.94,97.06
2017,EU_XPD_LOCALGBPC,ES213,,,PT,ES213,100.5,99.5
2013,EU_XPD_LOCALGBPC,ES213,,,PT,ES213,103.5,103.5
2014,EU_XPD_LOCALGBPC,ES213,,,PT,ES213,101.78,101.78
2010,EU_XPD_LOCALGBPC,ES213,,,PT,ES213,114.88,114.88
2020,EU_XPD_LOCALGBPC,ES213,,,PT,ES213,106.25,93.75
2019,EU_XPD_LOCALGBPC,ES212,,,PT,ES212,101.24,98.76
2010,EU_XPD_LOCALGBPC,ES212,,,PT,ES212,106.84,106.84
2018,EU_XPD_LOCALGBPC,ES212,,,PT,ES212,104.32,95.68
2022,EU_XPD_LOCALGBPC,ES212,,,PT,ES212,101.28,98.72
2012,EU_XPD_LOCALGBPC,ES212,,,PT,ES212,107.31,92.69
2011,EU_XPD_LOCALGBPC,ES212,,,PT,ES212,102.89,102.89
2020,EU_XPD_LOCALGBPC,ES212,,,PT,ES212,105.31,94.69
2021,EU_XPD_LOCALGBPC,ES212,,,PT,ES212,100.54,99.46
2013,EU_XPD_LOCALGBPC,ES212,,,PT,ES212,103.03,96.97
2017,EU_XPD_LOCALGBPC,ES212,,,PT,ES212,106.59,93.41
2016,EU_XPD_LOCALGBPC,ES212,,,PT,ES212,102.54,97.46
2023,EU_XPD_LOCALGBPC,ES212,,,PT,ES212,100.85,99.15
2015,EU_XPD_LOCALGBPC,ES212,,,PT,ES212,107.24,92.76
2014,EU_XPD_LOCALGBPC,ES212,,,PT,ES212,107.14,92.86
