NÚM OBJETIVO,NOMBRE OBJETIVO,NÚM META,NOMBRE META,NÚM INDICADOR,NOMBRE INDICADOR NNUU,INDICADOR DISPONIBLE,CONTENIDO,SERIE,NOMBRE SERIE,UNITS,REPORTING_STATUS,BOOLEANO,GOLDILOCK,INDICADOR NO ESTADÍSTICO,TIPO GRÁFICO,MAPA,INDICADORES RELACIONADOS,DESAGREGACIÓN SEXO,DESAGREGACIÓN TH,DESAGREGACIÓN MUNICIPIO,AÑO INICIAL,PERIODICIDAD,TEXTO OCECA,DIRECCIÓN DESEADA,PROGRESO AUTOMÁTICO,AÑO BASE PROGRESO,ÚLTIMO AÑO,ÚLTIMO DATO,TARGET,LIMIT,SCORE,FECHA ÚLTIMA ACTUALIZACIÓN DATOS
1,Poner fin a la pobreza en todas sus formas y en todo el mundo,1.1,"De aquí a 2030, erradicar para todas las personas y en todo el mundo la pobreza extrema (actualmente se considera que sufren pobreza extrema las personas que viven con menos de 1,25 dólares de los Estados Unidos al día)",1.1.1,"Proporción de la población que vive por debajo del umbral internacional de pobreza, desglosada por sexo, edad, situación laboral y ubicación geográfica (urbana o rural)",Proporción de la población que vive por debajo del umbral internacional de la pobreza,<b>Meta:</b> Erradicar la pobreza extrema,,,PT,complete,no,no,no,line,no,,no,no,no,2008,Bienal,no,descenso,si,2014,2022,0.17,0.1,,-5.0,2026-07-08
1,Poner fin a la pobreza en todas sus formas y en todo el mundo,1.2,"De aquí a 2030, reducir al menos a la mitad la proporción de hombres, mujeres y niños/as de todas las edades que viven en la pobreza en todas sus dimensiones con arreglo a las definiciones nacionales",1.2.1,"Proporción de la población que vive por debajo del umbral nacional de pobreza, desglosada por sexo y edad",Proporción de la población que vive por debajo del umbral de la pobreza desglosada por sexo,<b>Meta:</b> Reducir a la mitad la población que vive en la pobreza en todas sus dimensiones,,,PT,complete,no,no,no,line,no,indicator.relacionados,si,no,no,2008,Bienal,si,descenso,si,2014,2022,16.5,8.2,,-2.58743841144272,2025-04-22
1,Poner fin a la pobreza en todas sus formas y en todo el mundo,1.2,"De aquí a 2030, reducir al menos a la mitad la proporción de hombres, mujeres y niños/as de todas las edades que viven en la pobreza en todas sus dimensiones con arreglo a las definiciones nacionales",1.2.2,"Proporción de hombres, mujeres y niños/as de todas las edades que viven en la pobreza, en todas sus dimensiones, con arreglo a las definiciones nacionales",Tasa AROPE. Proporción de personas en riesgo de pobreza o exclusión social,<b>Meta:</b> Reducir a la mitad la población que vive en la pobreza en todas sus dimensiones,,,PT,complete,no,no,no,line,no,indicator.relacionados,si,no,no,2004,Bienal,si,descenso,si,2016,2024,20.6,20.5,,-2.5,2026-07-10
1,Poner fin a la pobreza en todas sus formas y en todo el mundo,1.3,"Implementar a nivel nacional sistemas y medidas apropiados de protección social para todos, incluidos niveles mínimos, y, de aquí a 2030, lograr una amplia cobertura de las personas pobres y vulnerables",1.3.1,"Proporción de la población cubierta por sistemas o niveles mínimos de protección social, desglosada por sexo, distinguiendo entre los niños/as, las personas desempleadas, los ancianos/as, las personas con discapacidad, las mujeres embarazadas, los recién nacidos/as, las víctimas de accidentes de trabajo, las personas pobres y las personas vulnerables","Proporción de la población cubierta por sistemas o niveles mínimos de protección social, desglosada por sexo, distinguiendo entre las personas desempleadas y la población que ha superado la edad legal de jubilación",<b>Dirección deseada:</b> Ascenso,SI_COV_UEMP,Proporción de personas desempleadas que reciben prestaciones por desempleo,PT,complete,no,no,no,line,no,,si,si,no,2010,Anual,no,ascenso,si,2017,2025,84.1,,,5.0,2026-04-22
1,Poner fin a la pobreza en todas sus formas y en todo el mundo,1.3,"Implementar a nivel nacional sistemas y medidas apropiados de protección social para todos, incluidos niveles mínimos, y, de aquí a 2030, lograr una amplia cobertura de las personas pobres y vulnerables",1.3.1,"Proporción de la población cubierta por sistemas o niveles mínimos de protección social, desglosada por sexo, distinguiendo entre los niños/as, las personas desempleadas, los ancianos/as, las personas con discapacidad, las mujeres embarazadas, los recién nacidos/as, las víctimas de accidentes de trabajo, las personas pobres y las personas vulnerables","Proporción de la población cubierta por sistemas o niveles mínimos de protección social, desglosada por sexo, distinguiendo entre las personas desempleadas y la población que ha superado la edad legal de jubilación",<b>Dirección deseada:</b> Ascenso,SI_COV_PENSN,Proporción de la población que supera la edad legal de jubilación y recibe una pensión,PT,complete,no,no,no,line,no,,si,si,no,2010,Anual,no,ascenso,si,2015,2025,82.4,,,-0.09083762091008363,2026-04-22
1,Poner fin a la pobreza en todas sus formas y en todo el mundo,1.4,"De aquí a 2030, garantizar que todos los hombres y mujeres, en particular los pobres y los vulnerables, tengan los mismos derechos a los recursos económicos y acceso a los servicios básicos, la propiedad y el control de la tierra y otros bienes, la herencia, los recursos naturales, las nuevas tecnologías apropiadas y los servicios financieros, incluida la microfinanciación",1.4.1,Proporción de la población que vive en hogares con acceso a los servicios básicos,Proporción de viviendas principales con acceso a servicios básicos (abastecimiento de agua corriente y baño),<b>Dirección deseada:</b> Ascenso,SP_ACS_BSRVH2O,Proporción de viviendas con agua corriente,PT,complete,no,no,no,line,si,,no,si,si,2010,Anual,si,ascenso,si,2015,2023,99.9,99.9,,5.0,2025-06-17
1,Poner fin a la pobreza en todas sus formas y en todo el mundo,1.4,"De aquí a 2030, garantizar que todos los hombres y mujeres, en particular los pobres y los vulnerables, tengan los mismos derechos a los recursos económicos y acceso a los servicios básicos, la propiedad y el control de la tierra y otros bienes, la herencia, los recursos naturales, las nuevas tecnologías apropiadas y los servicios financieros, incluida la microfinanciación",1.4.1,Proporción de la población que vive en hogares con acceso a los servicios básicos,Proporción de viviendas principales con acceso a servicios básicos (abastecimiento de agua corriente y baño),<b>Dirección deseada:</b> Ascenso,SP_ACS_BSRVSAN,Proporción de viviendas con baño,PT,complete,no,no,no,line,si,,no,si,si,2010,Anual,si,ascenso,si,2015,2023,99.8,99.9,,4.64755558215275,2025-06-17
1,Poner fin a la pobreza en todas sus formas y en todo el mundo,1.4,"De aquí a 2030, garantizar que todos los hombres y mujeres, en particular los pobres y los vulnerables, tengan los mismos derechos a los recursos económicos y acceso a los servicios básicos, la propiedad y el control de la tierra y otros bienes, la herencia, los recursos naturales, las nuevas tecnologías apropiadas y los servicios financieros, incluida la microfinanciación",1.4.2,"Proporción del total de la población adulta con derechos seguros de tenencia de la tierra: a) que posee documentación reconocida legalmente al respecto y b) considera seguros sus derechos, desglosada por sexo y tipo de tenencia",La CA de Euskadi no elabora estadísticas oficiales continuas con la metodología del indicador,,,,,notstarted,,,,,,,,,,,,,,,,,,,,,
1,Poner fin a la pobreza en todas sus formas y en todo el mundo,1.5,"De aquí a 2030, fomentar la resiliencia de los pobres y las personas que se encuentran en situaciones de vulnerabilidad y reducir su exposición y vulnerabilidad a los fenómenos extremos relacionados con el clima y otras perturbaciones y desastres económicos, sociales y ambientales",1.5.1,"Número de personas muertas, desaparecidas y afectadas directamente atribuido a desastres por cada 100.000 habitantes",Número de personas muertas directamente atribuido a desastres por cada 100.000 habitantes,<b>Dirección deseada:</b> Descenso,,,PER_100000_POP,complete,no,no,no,line,si,,si,si,si,2010,Anual,si,descenso,si,2015,2024,0.18,0.5,,5.0,2025-08-04
1,Poner fin a la pobreza en todas sus formas y en todo el mundo,1.5,"De aquí a 2030, fomentar la resiliencia de los pobres y las personas que se encuentran en situaciones de vulnerabilidad y reducir su exposición y vulnerabilidad a los fenómenos extremos relacionados con el clima y otras perturbaciones y desastres económicos, sociales y ambientales",1.5.2,Pérdidas económicas directas atribuidas a los desastres en relación con el producto interno bruto (PIB) mundial,"Indemnizaciones por daños personales, pérdidas pecuniarias y daños de bienes pagadas y/o provisionadas en proporción al PIB",<b>Dirección deseada:</b> Descenso,,,PT,complete,no,no,no,line,no,,no,si,no,2010,Anual,si,descenso,si,2015,2024,0.0,,0,5.0,2025-11-07
1,Poner fin a la pobreza en todas sus formas y en todo el mundo,1.5,"De aquí a 2030, fomentar la resiliencia de los pobres y las personas que se encuentran en situaciones de vulnerabilidad y reducir su exposición y vulnerabilidad a los fenómenos extremos relacionados con el clima y otras perturbaciones y desastres económicos, sociales y ambientales",1.5.3,Número de países que adoptan y aplican estrategias nacionales de reducción del riesgo de desastres en consonancia con el Marco de Sendái para la Reducción del Riesgo de Desastres 2015‑2030,La CA de Euskadi no elabora estadísticas oficiales continuas con la metodología del indicador,"La C.A. de Euskadi cuenta con leyes, estrategias y planes orientados a la prevención y respuesta a los desastres,  que involucran tanto a los distintos Departamentos del Gobierno Vasco como a las Administraciones Locales:  <a href=""https://www.euskadi.eus/plan-proteccion-civil-euskadi/web01-a2blarri/es/"" target=""_blank""> Plan de Protección Civil de Euskadi, Larrialdiei Aurregiteko Bidea-LABI</a>: el marco para la protección civil en la C.A. de Euskadi  <a href=""https://www.euskadi.eus/directrices-de-ordenacion-territorial-dot/web01-a3lurral/es/"" target=""_blank""> Planes de Ordenación del Territorio</a>: recoge el objetivo de limitar los usos del suelo en función de las vulnerabilidades existentes  y una utilización más correcta del mismo para evitar el incremento del riesgo.  <a href=""https://www.euskadi.eus/documentacion/2015/estrategia-vasca-de-cambio-climatico-2050/web01-a2ingkli/es/"" target=""_blank"">  Estrategia vasca de cambio climático 2050</a>: recoge como objetivos a largo plazo la reducción de las emisiones de gases de efecto invernadero en un 80% para 2050, así como el aumento de la resiliencia del territorio vasco para hacer frente a los efectos esperados por el cambio de clima.",,,,complete,no,no,si,line,no,,no,no,no,,,no,,no,,,,,,,
1,Poner fin a la pobreza en todas sus formas y en todo el mundo,1.5,"De aquí a 2030, fomentar la resiliencia de los pobres y las personas que se encuentran en situaciones de vulnerabilidad y reducir su exposición y vulnerabilidad a los fenómenos extremos relacionados con el clima y otras perturbaciones y desastres económicos, sociales y ambientales",1.5.4,Proporción de gobiernos locales que adoptan y aplican estrategias locales de reducción del riesgo de desastres en consonancia con las estrategias nacionales de reducción del riesgo de desastres,Proporción de gobiernos locales que adoptan e implementan estrategias locales de reducción del riesgo de desastres,"En la C.A. de Euskadi, se dispone de un plan de emergencias a nivel autonómico y tres planes de emergencias territoriales, uno por cada territorio histórico. Por tanto, el 100% de los municipios se encuentran bajo el paraguas de un plan de emergencias territorial",SG_DSR_SILS,Proporción de municipios que disponen de un plan municipal de emergencias,PT,complete,no,no,no,line,si,,no,si,si,2010,Anual,no,ascenso,si,2015,2024,35.32,,,0.9538319986407973,2025-08-14
1,Poner fin a la pobreza en todas sus formas y en todo el mundo,1.5,"De aquí a 2030, fomentar la resiliencia de los pobres y las personas que se encuentran en situaciones de vulnerabilidad y reducir su exposición y vulnerabilidad a los fenómenos extremos relacionados con el clima y otras perturbaciones y desastres económicos, sociales y ambientales",1.5.4,Proporción de gobiernos locales que adoptan y aplican estrategias locales de reducción del riesgo de desastres en consonancia con las estrategias nacionales de reducción del riesgo de desastres,Proporción de gobiernos locales que adoptan e implementan estrategias locales de reducción del riesgo de desastres,"En la C.A. de Euskadi, se dispone de un plan de emergencias a nivel autonómico y tres planes de emergencias territoriales, uno por cada territorio histórico. Por tanto, el 100% de los municipios se encuentran bajo el paraguas de un plan de emergencias territorial",EU_DSR_SILS_TH,Proporción de municipios cubiertos por un plan de emergencias territorial,PT,complete,no,no,no,line,si,,no,si,si,2010,Anual,no,ascenso,si,2015,2024,100.0,,100,5.0,2025-08-14
1,Poner fin a la pobreza en todas sus formas y en todo el mundo,1.a,"Garantizar una movilización significativa de recursos procedentes de diversas fuentes, incluso mediante la mejora de la cooperación para el desarrollo, a fin de proporcionar medios suficientes y previsibles a los países en desarrollo, en particular los países menos adelantados, para que implementen programas y políticas encaminados a poner fin a la pobreza en todas sus dimensiones",1.a.1,Total de subvenciones de asistencia oficial para el desarrollo destinadas a la reducción de la pobreza en porcentaje de la renta nacional bruta del país beneficiario,Ayuda Oficial al Desarrollo destinada a la reducción de la pobreza,<b>Dirección deseada:</b> Ascenso,EU_ODA_POVG,Ayuda Oficial al Desarrollo para la reducción de la pobreza (desembolso bruto total),EUR_1000000,complete,no,no,no,line,no,,no,no,no,2015,,no,ascenso,si,2015,2016,1.01,,,2.500000000000002,2026-09-07
1,Poner fin a la pobreza en todas sus formas y en todo el mundo,1.a,"Garantizar una movilización significativa de recursos procedentes de diversas fuentes, incluso mediante la mejora de la cooperación para el desarrollo, a fin de proporcionar medios suficientes y previsibles a los países en desarrollo, en particular los países menos adelantados, para que implementen programas y políticas encaminados a poner fin a la pobreza en todas sus dimensiones",1.a.2,"Proporción del gasto público total que se dedica a servicios esenciales (educación, salud y protección social)","Proporción del gasto público total que se dedica a servicios esenciales (educación, salud y protección social)",<b>Dirección deseada:</b> Ascenso,,,PT,complete,no,no,no,line,no,indicator.relacionados,no,no,no,2010,Anual,no,ascenso,si,2015,2023,70.3,,,0.17838078342857777,2026-04-22
1,Poner fin a la pobreza en todas sus formas y en todo el mundo,1.b,"Crear marcos normativos sólidos en los planos nacional, regional e internacional, sobre la base de estrategias de desarrollo en favor de los pobres que tengan en cuenta las cuestiones de género, a fin de apoyar la inversión acelerada en medidas para erradicar la pobreza",1.b.1,Gasto público social en favor de las personas pobres,La CA de Euskadi no elabora estadísticas oficiales continuas con la metodología del indicador,,,,,notstarted,,,,,,,,,,,,,,,,,,,,,
2,"Poner fin al hambre, lograr la seguridad alimentaria y la mejora de la nutrición y promover la agricultura sostenible",2.1,"De aquí a 2030, poner fin al hambre y asegurar el acceso de todas las personas, en particular los pobres y las personas en situaciones de vulnerabilidad, incluidos los niños y las niñas menores de 1 año, a una alimentación sana, nutritiva y suficiente durante todo el año",2.1.1,Prevalencia de la subalimentación,La CA de Euskadi no elabora estadísticas oficiales continuas con la metodología del indicador,"La CA de Euskadi no elabora estadísticas oficiales continuas con la metodología del indicador, pero diversos indicios permiten estimar que el dato real se encuentra muy próximo a 0",,,,complete,no,no,si,line,no,,no,no,no,,,no,,no,,,,,,,
2,"Poner fin al hambre, lograr la seguridad alimentaria y la mejora de la nutrición y promover la agricultura sostenible",2.1,"De aquí a 2030, poner fin al hambre y asegurar el acceso de todas las personas, en particular los pobres y las personas en situaciones de vulnerabilidad, incluidos los niños y las niñas menores de 1 año, a una alimentación sana, nutritiva y suficiente durante todo el año",2.1.2,"Prevalencia de la inseguridad alimentaria moderada o grave entre la población, según la escala de experiencia de inseguridad alimentaria",Prevalencia de la inseguridad alimentaria grave o muy grave,<b>Dirección deseada:</b> Descenso,AG_PRD_FIESMS,Prevalencia de la inseguridad alimentaria grave o muy grave,PT,complete,no,no,no,line,no,,no,no,no,2000,Bienal,no,descenso,si,2014,2024,7.9,0.1,,-2.8661636958640795,2026-04-22
2,"Poner fin al hambre, lograr la seguridad alimentaria y la mejora de la nutrición y promover la agricultura sostenible",2.1,"De aquí a 2030, poner fin al hambre y asegurar el acceso de todas las personas, en particular los pobres y las personas en situaciones de vulnerabilidad, incluidos los niños y las niñas menores de 1 año, a una alimentación sana, nutritiva y suficiente durante todo el año",2.1.2,"Prevalencia de la inseguridad alimentaria moderada o grave entre la población, según la escala de experiencia de inseguridad alimentaria",Prevalencia de la inseguridad alimentaria grave o muy grave,<b>Dirección deseada:</b> Descenso,AG_PRD_FIESS,Prevalencia de la inseguridad alimentaria muy grave,PT,complete,no,no,no,line,no,,no,no,no,2000,Bienal,no,descenso,si,2014,2024,2.6,0.1,,-2.0834375180851197,2026-04-22
2,"Poner fin al hambre, lograr la seguridad alimentaria y la mejora de la nutrición y promover la agricultura sostenible",2.2,"De aquí a 2030, poner fin a todas las formas de malnutrición, incluso logrando, a más tardar en 2025, las metas convenidas internacionalmente sobre el retraso del crecimiento y la emaciación de los niños y niñas menores de 5 años, y abordar las necesidades de nutrición de las adolescentes, las mujeres embarazadas y lactantes y las personas de edad",2.2.1,"Prevalencia del retraso del crecimiento (estatura para la edad, desviación típica < -2 de la mediana de los patrones de crecimiento infantil de la Organización Mundial de la Salud (OMS)) entre las y los niños menores de 5 años",La CA de Euskadi no elabora estadísticas oficiales continuas con la metodología del indicador,"La CA de Euskadi no elabora estadísticas oficiales continuas con la metodología del indicador, pero diversos indicios permiten estimar que el dato real se encuentra muy próximo a 0",,,,complete,no,no,si,line,no,,no,no,no,,,no,,no,,,,,,,
2,"Poner fin al hambre, lograr la seguridad alimentaria y la mejora de la nutrición y promover la agricultura sostenible",2.2,"De aquí a 2030, poner fin a todas las formas de malnutrición, incluso logrando, a más tardar en 2025, las metas convenidas internacionalmente sobre el retraso del crecimiento y la emaciación de los niños y niñas menores de 5 años, y abordar las necesidades de nutrición de las adolescentes, las mujeres embarazadas y lactantes y las personas de edad",2.2.2,"Prevalencia de la malnutrición (peso para la estatura, desviación típica > +2 o < -2 de la mediana de los patrones de crecimiento infantil de la OMS) entre las y los niños menores de 5 años, desglosada por tipo (emaciación y sobrepeso)","Proporción de menores entre 2 y 17 años con obesidad, sobrepeso o peso insuficiente",<b>Dirección deseada:</b> Descenso,,,PT,complete,no,no,no,bar,no,,si,no,no,2013,Quinquenal,si,descenso,si,2013,2023,36.1,,,-0.34892395654895214,2025-05-08
2,"Poner fin al hambre, lograr la seguridad alimentaria y la mejora de la nutrición y promover la agricultura sostenible",2.2,"De aquí a 2030, poner fin a todas las formas de malnutrición, incluso logrando, a más tardar en 2025, las metas convenidas internacionalmente sobre el retraso del crecimiento y la emaciación de los niños y niñas menores de 5 años, y abordar las necesidades de nutrición de las adolescentes, las mujeres embarazadas y lactantes y las personas de edad",2.2.3,"Prevalencia de la anemia en las mujeres de entre 15 y 49 años, desglosada por embarazo (porcentaje)",La CA de Euskadi no elabora estadísticas oficiales continuas con la metodología del indicador,,,,,notstarted,,,,,,,,,,,,,,,,,,,,,
2,"Poner fin al hambre, lograr la seguridad alimentaria y la mejora de la nutrición y promover la agricultura sostenible",2.2,"De aquí a 2030, poner fin a todas las formas de malnutrición, incluso logrando, a más tardar en 2025, las metas convenidas internacionalmente sobre el retraso del crecimiento y la emaciación de los niños y niñas menores de 5 años, y abordar las necesidades de nutrición de las adolescentes, las mujeres embarazadas y lactantes y las personas de edad",2.2.4,"Prevalencia del umbral mínimo de diversidad alimentaria, por grupo de población (niños de 6 a 23,9 meses y mujeres no embarazadas de 15 a 49 años)",La CA de Euskadi no elabora estadísticas oficiales continuas con la metodología del indicador,,,,,notstarted,,,,,,,,,,,,,,,,,,,,,
2,"Poner fin al hambre, lograr la seguridad alimentaria y la mejora de la nutrición y promover la agricultura sostenible",2.2,"De aquí a 2030, poner fin a todas las formas de malnutrición, incluso logrando, a más tardar en 2025, las metas convenidas internacionalmente sobre el retraso del crecimiento y la emaciación de los niños y niñas menores de 5 años, y abordar las necesidades de nutrición de las adolescentes, las mujeres embarazadas y lactantes y las personas de edad",2.2.E1,,Tasa de obesidad de la población adulta según el índice de masa corporal (IMC) (Indicador UE sdg_02_10),<b>Dirección deseada:</b> Descenso,,,PT,complete,no,no,no,bar,no,,si,no,no,2011,Irregular / Aperiódica,no,descenso,si,2014,2023,14.0,,,-2.0670533880756126,2025-05-08
2,"Poner fin al hambre, lograr la seguridad alimentaria y la mejora de la nutrición y promover la agricultura sostenible",2.3,"De aquí a 2030, duplicar la productividad agrícola y los ingresos de los productores de alimentos en pequeña escala, en particular las mujeres, los pueblos indígenas, las y los agricultores familiares, las y los ganaderos y las y los pescadores, entre otras cosas mediante un acceso seguro y equitativo a las tierras, a otros recursos e insumos de producción y a los conocimientos, los servicios financieros, los mercados y las oportunidades para añadir valor y obtener empleos no agrícolas",2.3.1,Volumen de producción por unidad de trabajo desglosado por tamaño y tipo de explotación (agropecuaria/ganadera/forestal),Volumen de producción por unidad de trabajo desglosado por tamaño de explotación,<b>Meta:</b> duplicar la productividad de los pequeños productores de alimentos,PD_AGR_SSFP,Productividad de los pequeños productores de alimentos,EUR,complete,no,no,no,line,no,,no,si,no,2015,Anual,no,ascenso,si,2015,2021,10509.0,20300,,-1.988144050376488,2025-08-04
2,"Poner fin al hambre, lograr la seguridad alimentaria y la mejora de la nutrición y promover la agricultura sostenible",2.3,"De aquí a 2030, duplicar la productividad agrícola y los ingresos de los productores de alimentos en pequeña escala, en particular las mujeres, los pueblos indígenas, las y los agricultores familiares, las y los ganaderos y las y los pescadores, entre otras cosas mediante un acceso seguro y equitativo a las tierras, a otros recursos e insumos de producción y a los conocimientos, los servicios financieros, los mercados y las oportunidades para añadir valor y obtener empleos no agrícolas",2.3.1,Volumen de producción por unidad de trabajo desglosado por tamaño y tipo de explotación (agropecuaria/ganadera/forestal),Volumen de producción por unidad de trabajo desglosado por tamaño de explotación,<b>Meta:</b> duplicar la productividad de los pequeños productores de alimentos,PD_AGR_LSFP,Productividad de los grandes productores de alimentos,EUR,complete,no,no,no,line,no,,no,si,no,2015,Anual,no,ascenso,si,2015,2021,50293.1,,,5.0,2025-08-04
2,"Poner fin al hambre, lograr la seguridad alimentaria y la mejora de la nutrición y promover la agricultura sostenible",2.3,"De aquí a 2030, duplicar la productividad agrícola y los ingresos de los productores de alimentos en pequeña escala, en particular las mujeres, los pueblos indígenas, las y los agricultores familiares, las y los ganaderos y las y los pescadores, entre otras cosas mediante un acceso seguro y equitativo a las tierras, a otros recursos e insumos de producción y a los conocimientos, los servicios financieros, los mercados y las oportunidades para añadir valor y obtener empleos no agrícolas",2.3.2,"Media de ingresos de los productores de alimentos en pequeña escala, desglosada por sexo y condición indígena",Media de ingresos de los productores de alimentos en pequeña escala,<b>Meta:</b> duplicar los ingresos de los pequeños productores de alimentos,SI_AGR_SSFP,Ingresos medios de los pequeños productores de alimentos,EUR,complete,no,no,no,line,no,,no,si,no,2015,Anual,no,ascenso,si,2015,2021,4033.8,15360.4,,-5.0,2025-08-04
2,"Poner fin al hambre, lograr la seguridad alimentaria y la mejora de la nutrición y promover la agricultura sostenible",2.3,"De aquí a 2030, duplicar la productividad agrícola y los ingresos de los productores de alimentos en pequeña escala, en particular las mujeres, los pueblos indígenas, las y los agricultores familiares, las y los ganaderos y las y los pescadores, entre otras cosas mediante un acceso seguro y equitativo a las tierras, a otros recursos e insumos de producción y a los conocimientos, los servicios financieros, los mercados y las oportunidades para añadir valor y obtener empleos no agrícolas",2.3.2,"Media de ingresos de los productores de alimentos en pequeña escala, desglosada por sexo y condición indígena",Media de ingresos de los productores de alimentos en pequeña escala,<b>Meta:</b> duplicar los ingresos de los pequeños productores de alimentos,SI_AGR_LSFP,Ingresos medios de los grandes productores de alimentos,EUR,complete,no,no,no,line,no,,no,si,no,2015,Anual,no,ascenso,si,2015,2021,18226.4,,,5.0,2025-08-04
2,"Poner fin al hambre, lograr la seguridad alimentaria y la mejora de la nutrición y promover la agricultura sostenible",2.4,"De aquí a 2030, asegurar la sostenibilidad de los sistemas de producción de alimentos y aplicar prácticas agrícolas resilientes que aumenten la productividad y la producción, contribuyan al mantenimiento de los ecosistemas, fortalezcan la capacidad de adaptación al cambio climático, los fenómenos meteorológicos extremos, las sequías, las inundaciones y otros desastres, y mejoren progresivamente la calidad de la tierra y el suelo",2.4.1,Proporción de la superficie agrícola en que se practica una agricultura productiva y sostenible,Proporción de la superficie agrícola en que se practica una agricultura productiva y sostenible,<b>Dirección deseada:</b> Ascenso,AG_LND_FOVH,Proporción de superficie agrícola que ha alcanzado un nivel aceptable o deseable de valor de producción agrícola por hectárea,PT,complete,no,no,no,line,no,,no,no,no,2014,Anual,si,ascenso,si,2015,2023,19.44,,,-1.6218356713521698,2025-11-11
2,"Poner fin al hambre, lograr la seguridad alimentaria y la mejora de la nutrición y promover la agricultura sostenible",2.4,"De aquí a 2030, asegurar la sostenibilidad de los sistemas de producción de alimentos y aplicar prácticas agrícolas resilientes que aumenten la productividad y la producción, contribuyan al mantenimiento de los ecosistemas, fortalezcan la capacidad de adaptación al cambio climático, los fenómenos meteorológicos extremos, las sequías, las inundaciones y otros desastres, y mejoren progresivamente la calidad de la tierra y el suelo",2.4.1,Proporción de la superficie agrícola en que se practica una agricultura productiva y sostenible,Proporción de la superficie agrícola en que se practica una agricultura productiva y sostenible,<b>Dirección deseada:</b> Ascenso,AG_LND_NFI,Proporción de la superficie de tierras agrícolas que ha alcanzado un nivel aceptable o deseable de ingresos agrícolas netos,PT,complete,no,no,no,line,no,,no,no,no,2014,Anual,si,ascenso,si,2016,2023,99.03,,100,-1.6218356713521698,2025-11-11
2,"Poner fin al hambre, lograr la seguridad alimentaria y la mejora de la nutrición y promover la agricultura sostenible",2.4,"De aquí a 2030, asegurar la sostenibilidad de los sistemas de producción de alimentos y aplicar prácticas agrícolas resilientes que aumenten la productividad y la producción, contribuyan al mantenimiento de los ecosistemas, fortalezcan la capacidad de adaptación al cambio climático, los fenómenos meteorológicos extremos, las sequías, las inundaciones y otros desastres, y mejoren progresivamente la calidad de la tierra y el suelo",2.4.E1,,Superficie dedicada a la agricultura ecológica (Indicador UE sdg_02_40),<b>Dirección deseada:</b> Ascenso,,,PT,complete,no,no,no,line,si,,no,si,si,2008,Anual,si,ascenso,si,2015,2024,5.9,,,5.0,2025-11-11
2,"Poner fin al hambre, lograr la seguridad alimentaria y la mejora de la nutrición y promover la agricultura sostenible",2.4,"De aquí a 2030, asegurar la sostenibilidad de los sistemas de producción de alimentos y aplicar prácticas agrícolas resilientes que aumenten la productividad y la producción, contribuyan al mantenimiento de los ecosistemas, fortalezcan la capacidad de adaptación al cambio climático, los fenómenos meteorológicos extremos, las sequías, las inundaciones y otros desastres, y mejoren progresivamente la calidad de la tierra y el suelo",2.4.E2,,Emisiones de amoníaco de la agricultura y ganadería (Indicador UE sdg_02_60),<b>Dirección deseada:</b> Descenso,EU_SDG_02_60_KG_PER_HA,Emisiones de amoníaco de la agricultura y ganadería por hectárea,KG_PER_HA,complete,no,no,no,line,no,,no,no,no,2010,Anual,si,descenso,si,2015,2023,16.1,,,5.0,2025-08-04
2,"Poner fin al hambre, lograr la seguridad alimentaria y la mejora de la nutrición y promover la agricultura sostenible",2.4,"De aquí a 2030, asegurar la sostenibilidad de los sistemas de producción de alimentos y aplicar prácticas agrícolas resilientes que aumenten la productividad y la producción, contribuyan al mantenimiento de los ecosistemas, fortalezcan la capacidad de adaptación al cambio climático, los fenómenos meteorológicos extremos, las sequías, las inundaciones y otros desastres, y mejoren progresivamente la calidad de la tierra y el suelo",2.4.E2,,Emisiones de amoníaco de la agricultura y ganadería (Indicador UE sdg_02_60),<b>Dirección deseada:</b> Descenso,EU_SDG_02_60_KT,Emisiones de amoníaco de la agricultura y ganadería,KT,complete,no,no,no,line,no,,no,no,no,2010,Anual,si,descenso,si,2015,2023,3.6,,,4.771094409253829,2025-08-04
2,"Poner fin al hambre, lograr la seguridad alimentaria y la mejora de la nutrición y promover la agricultura sostenible",2.5,"De aquí a 2020, mantener la diversidad genética de las semillas, las plantas cultivadas y los animales de granja y domesticados y sus correspondientes especies silvestres, entre otras cosas mediante una buena gestión y diversificación de los bancos de semillas y plantas a nivel nacional, regional e internacional, y promover el acceso a los beneficios que se deriven de la utilización de los recursos genéticos y los conocimientos tradicionales conexos y su distribución justa y equitativa, según lo convenido internacionalmente",2.5.1,Número de: a) recursos genéticos vegetales y b) animales para la alimentación y la agricultura preservados en instalaciones de conservación a medio y largo plazo,La CA de Euskadi no elabora estadísticas oficiales continuas con la metodología del indicador,,,,,notstarted,,,,,,,,,,,,,,,,,,,,,
2,"Poner fin al hambre, lograr la seguridad alimentaria y la mejora de la nutrición y promover la agricultura sostenible",2.5,"De aquí a 2020, mantener la diversidad genética de las semillas, las plantas cultivadas y los animales de granja y domesticados y sus correspondientes especies silvestres, entre otras cosas mediante una buena gestión y diversificación de los bancos de semillas y plantas a nivel nacional, regional e internacional, y promover el acceso a los beneficios que se deriven de la utilización de los recursos genéticos y los conocimientos tradicionales conexos y su distribución justa y equitativa, según lo convenido internacionalmente",2.5.2,Proporción de razas y variedades locales consideradas en riesgo de extinción,La CA de Euskadi no elabora estadísticas oficiales continuas con la metodología del indicador,,,,,notstarted,,,,,,,,,,,,,,,,,,,,,
2,"Poner fin al hambre, lograr la seguridad alimentaria y la mejora de la nutrición y promover la agricultura sostenible",2.a,"Aumentar, incluso mediante una mayor cooperación internacional, las inversiones en infraestructura rural, investigación y servicios de extensión agrícola, desarrollo tecnológico y bancos de genes de plantas y ganado a fin de mejorar la capacidad de producción agropecuaria en los países en desarrollo, particularmente en los países menos adelantados",2.a.1,Índice de orientación agrícola para el gasto público,Valor añadido de la agricultura como porcentaje del PIB,<b>Dirección deseada:</b> Ascenso,,,PT,complete,no,no,no,line,si,,no,si,si,2010,Anual,si,,no,,,,,,,2026-05-15
2,"Poner fin al hambre, lograr la seguridad alimentaria y la mejora de la nutrición y promover la agricultura sostenible",2.a,"Aumentar, incluso mediante una mayor cooperación internacional, las inversiones en infraestructura rural, investigación y servicios de extensión agrícola, desarrollo tecnológico y bancos de genes de plantas y ganado a fin de mejorar la capacidad de producción agropecuaria en los países en desarrollo, particularmente en los países menos adelantados",2.a.2,Total de corrientes oficiales de recursos (asistencia oficial para el desarrollo más otras corrientes oficiales) destinado al sector agrícola,Ayuda Oficial al Desarrollo destinada a la agricultura (desembolso bruto total),<b>Dirección deseada:</b> Ascenso,EU_ODA_AGRL,Ayuda Oficial al Desarrollo destinada a la agricultura (desembolso bruto total),EUR_1000000,complete,no,no,no,line,no,,no,no,no,2014,,no,ascenso,si,2015,2024,5.39,,,-1.1087931557640374,2026-09-04
2,"Poner fin al hambre, lograr la seguridad alimentaria y la mejora de la nutrición y promover la agricultura sostenible",2.b,"Corregir y prevenir las restricciones y distorsiones comerciales en los mercados agropecuarios mundiales, incluso mediante la eliminación paralela de todas las formas de subvención a las exportaciones agrícolas y todas las medidas de exportación con efectos equivalentes, de conformidad con el mandato de la Ronda de Doha para el Desarrollo",2.b.1,Subsidios a la exportación de productos agropecuarios,La CA de Euskadi no elabora estadísticas oficiales continuas con la metodología del indicador,,,,,notstarted,,,,,,,,,,,,,,,,,,,,,
2,"Poner fin al hambre, lograr la seguridad alimentaria y la mejora de la nutrición y promover la agricultura sostenible",2.c,"Adoptar medidas para asegurar el buen funcionamiento de los mercados de productos básicos alimentarios y sus derivados y facilitar el acceso oportuno a la información sobre los mercados, incluso sobre las reservas de alimentos, a fin de ayudar a limitar la extrema volatilidad de los precios de los alimentos",2.c.1,Indicador de anomalías en los precios de los alimentos,Índice de precios de los alimentos,<b>Meta:</b> Limitar la extrema volatilidad de los precios de los alimentos,AG_FPA_CFPI,Indicador de anomalías en los precios de los alimentos,IX,complete,no,no,no,bar,no,,no,si,no,2002,Anual,si,,no,,,,,,,2025-06-09
2,"Poner fin al hambre, lograr la seguridad alimentaria y la mejora de la nutrición y promover la agricultura sostenible",2.c,"Adoptar medidas para asegurar el buen funcionamiento de los mercados de productos básicos alimentarios y sus derivados y facilitar el acceso oportuno a la información sobre los mercados, incluso sobre las reservas de alimentos, a fin de ayudar a limitar la extrema volatilidad de los precios de los alimentos",2.c.1,Indicador de anomalías en los precios de los alimentos,Índice de precios de los alimentos,<b>Meta:</b> Limitar la extrema volatilidad de los precios de los alimentos,EU_FPA_IPC,Índice de precio de los alimentos,IX,complete,no,no,no,bar,no,,no,si,no,2002,Anual,si,,no,,,,,,,2025-06-09
3,Garantizar una vida sana y promover el bienestar de todos a todas las edades,3.1,"De aquí a 2030, reducir la tasa mundial de mortalidad materna a menos de 70 por cada 100.000 nacidos vivos",3.1.1,Tasa de mortalidad materna,Tasa de mortalidad materna,<b>Meta:</b> Reducir a menos de 70 por cada 100.000 nacidos vivos,,,PER_100000,complete,no,no,no,line,no,,no,si,no,2010,Anual,si,descenso,si,2015,2024,0.0,70,,5.0,2026-06-04
3,Garantizar una vida sana y promover el bienestar de todos a todas las edades,3.1,"De aquí a 2030, reducir la tasa mundial de mortalidad materna a menos de 70 por cada 100.000 nacidos vivos",3.1.2,Proporción de partos atendidos por personal sanitario especializado,Proporción de partos atendidos por personal sanitario especializado,<b>Dirección deseada:</b> Ascenso,,,PT,complete,no,no,no,line,no,,no,si,no,2010,Anual,si,ascenso,si,2015,2025,99.86,99.85,,5.0,2026-06-09
3,Garantizar una vida sana y promover el bienestar de todos a todas las edades,3.2,"De aquí a 2030, poner fin a las muertes evitables de recién nacidos/as y de niños/as menores de 5 años, logrando que todos los países intenten reducir la mortalidad neonatal al menos a 12 por cada 1.000 nacidos vivos y la mortalidad de los niños menores de 5 años al menos a 25 por cada 1.000 nacidos vivos",3.2.1,Tasa de mortalidad de niños/as menores de 5 años,Tasa de mortalidad de niños/as menores de 5 años,<b>Meta:</b> Reducir al menos a 25 por cada 1.000 nacidos vivos,,,PER_1000_LIVE_BIRTHS,complete,no,no,no,line,no,,si,si,no,2010,Anual,si,descenso,si,2015,2024,2.3,25,0,5.0,2025-07-17
3,Garantizar una vida sana y promover el bienestar de todos a todas las edades,3.2,"De aquí a 2030, poner fin a las muertes evitables de recién nacidos/as y de niños/as menores de 5 años, logrando que todos los países intenten reducir la mortalidad neonatal al menos a 12 por cada 1.000 nacidos vivos y la mortalidad de los niños menores de 5 años al menos a 25 por cada 1.000 nacidos vivos",3.2.2,Tasa de mortalidad neonatal,Tasa de mortalidad neonatal,<b>Meta:</b> Reducir al menos a 12 por cada 1.000 nacidos vivos,,,PER_1000_LIVE_BIRTHS,complete,no,no,no,line,no,,si,si,no,2010,Anual,si,descenso,si,2015,2024,1.2,12,0,5.0,2025-07-17
3,Garantizar una vida sana y promover el bienestar de todos a todas las edades,3.3,"De aquí a 2030, poner fin a las epidemias del SIDA, la tuberculosis, la malaria y las enfermedades tropicales desatendidas y combatir la hepatitis, las enfermedades transmitidas por el agua y otras enfermedades transmisibles",3.3.1,"Número de nuevas infecciones por el VIH por cada 1.000 habitantes no infectados/as, desglosado por sexo, edad y poblaciones clave","Número de infecciones por el VIH por cada 1.000 habitantes, desglosado por sexo",<b>Dirección deseada:</b> Descenso,SH_HIV_INCD,Número de nuevas infecciones por el VIH por cada 1.000 habitantes ,PER_1000,complete,no,no,no,line,no,,si,no,no,2010,Anual,si,descenso,si,2015,2024,0.06,1,,5.0,2026-04-22
3,Garantizar una vida sana y promover el bienestar de todos a todas las edades,3.3,"De aquí a 2030, poner fin a las epidemias del SIDA, la tuberculosis, la malaria y las enfermedades tropicales desatendidas y combatir la hepatitis, las enfermedades transmitidas por el agua y otras enfermedades transmisibles",3.3.2,Incidencia de la tuberculosis por cada 100.000 habitantes,Incidencia de la tuberculosis por cada 100.000 habitantes,<b>Dirección deseada:</b> Descenso,SH_TBS_INCD,Incidencia de la tuberculosis por cada 100.000 habitantes,PER_100000,complete,no,no,no,line,no,,si,no,no,2012,Anual,si,descenso,si,2015,2024,10.7,2.4,,-2.0526970433489926,2026-04-22
3,Garantizar una vida sana y promover el bienestar de todos a todas las edades,3.3,"De aquí a 2030, poner fin a las epidemias del SIDA, la tuberculosis, la malaria y las enfermedades tropicales desatendidas y combatir la hepatitis, las enfermedades transmitidas por el agua y otras enfermedades transmisibles",3.3.3,Incidencia de la malaria por cada 1.000 habitantes,Incidencia de la malaria por cada 1.000 habitantes,<b>Dirección deseada:</b> Descenso,SH_STA_MALR,Incidencia de la malaria por cada 1.000 habitantes,PER_1000,complete,no,no,no,line,no,,si,no,no,2010,Anual,si,descenso,si,2015,2024,0.0,1,,5.0,2026-04-22
3,Garantizar una vida sana y promover el bienestar de todos a todas las edades,3.3,"De aquí a 2030, poner fin a las epidemias del SIDA, la tuberculosis, la malaria y las enfermedades tropicales desatendidas y combatir la hepatitis, las enfermedades transmitidas por el agua y otras enfermedades transmisibles",3.3.4,Incidencia de la hepatitis B por cada 100.000 habitantes,Incidencia de la hepatitis B por cada 100.000 habitantes,<b>Dirección deseada:</b> Descenso,,,PER_100000,complete,no,no,no,line,no,,si,no,no,2010,Anual,si,descenso,si,2015,2024,0.5,0.1,,-1.2432859497058084,2026-04-22
3,Garantizar una vida sana y promover el bienestar de todos a todas las edades,3.3,"De aquí a 2030, poner fin a las epidemias del SIDA, la tuberculosis, la malaria y las enfermedades tropicales desatendidas y combatir la hepatitis, las enfermedades transmitidas por el agua y otras enfermedades transmisibles",3.3.5,Número de personas que requieren intervenciones contra enfermedades tropicales desatendidas,La CA de Euskadi no elabora estadísticas oficiales continuas con la metodología del indicador,,,,,notstarted,,,,,,,,,,,,,,,,,,,,,
3,Garantizar una vida sana y promover el bienestar de todos a todas las edades,3.4,"De aquí a 2030, reducir en un tercio la mortalidad prematura por enfermedades no transmisibles mediante su prevención y tratamiento, y promover la salud mental y el bienestar",3.4.1,"Tasa de mortalidad atribuida a las enfermedades cardiovasculares, el cáncer, la diabetes o las enfermedades respiratorias crónicas","Tasa de mortalidad atribuida a las enfermedades cardiovasculares, el cáncer, la diabetes o las enfermedades respiratorias crónicas",<b>Meta:</b> Reducir en un tercio la mortalidad prematura por enfermedades no transmisibles,SH_DTH_NCOM,Tasa de mortalidad prematura (entre 30 y 70 años),PT,complete,no,no,no,line,si,,si,si,si,2010,Anual,si,descenso,si,2015,2020,8.0,6.4,,5.0,2025-08-04
3,Garantizar una vida sana y promover el bienestar de todos a todas las edades,3.4,"De aquí a 2030, reducir en un tercio la mortalidad prematura por enfermedades no transmisibles mediante su prevención y tratamiento, y promover la salud mental y el bienestar",3.4.1,"Tasa de mortalidad atribuida a las enfermedades cardiovasculares, el cáncer, la diabetes o las enfermedades respiratorias crónicas","Tasa de mortalidad atribuida a las enfermedades cardiovasculares, el cáncer, la diabetes o las enfermedades respiratorias crónicas",<b>Meta:</b> Reducir en un tercio la mortalidad prematura por enfermedades no transmisibles,EU_SH_DTH_NCOM,Tasa de mortalidad por 100.000 habitantes,PER_100000_POP,complete,no,no,no,line,si,,si,si,si,2010,Anual,si,descenso,si,2015,2024,618.6,,,1.4310284127128647,2025-08-04
3,Garantizar una vida sana y promover el bienestar de todos a todas las edades,3.4,"De aquí a 2030, reducir en un tercio la mortalidad prematura por enfermedades no transmisibles mediante su prevención y tratamiento, y promover la salud mental y el bienestar",3.4.2,Tasa de mortalidad por suicidio,Tasa de mortalidad por suicidio,<b>Meta:</b> Reducir en un tercio,,,PER_100000_POP,complete,no,no,no,line,no,,si,si,no,2010,Anual,si,descenso,si,2015,2024,7.7,5.1333,,-2.5,2025-07-17
3,Garantizar una vida sana y promover el bienestar de todos a todas las edades,3.4,"De aquí a 2030, reducir en un tercio la mortalidad prematura por enfermedades no transmisibles mediante su prevención y tratamiento, y promover la salud mental y el bienestar",3.4.E1,,Tasa de participación en los programas de cribado poblacional de cáncer (Indicador Gobierno Vasco),<b>Dirección deseada:</b> Ascenso,EU_CNCR_CCR,Cáncer colorrectal,PT,complete,no,no,no,line,no,,si,no,no,2012,Anual,no,ascenso,si,2015,2025,71.7,,,0.4934600855354132,2026-08-28
3,Garantizar una vida sana y promover el bienestar de todos a todas las edades,3.4,"De aquí a 2030, reducir en un tercio la mortalidad prematura por enfermedades no transmisibles mediante su prevención y tratamiento, y promover la salud mental y el bienestar",3.4.E1,,Tasa de participación en los programas de cribado poblacional de cáncer (Indicador Gobierno Vasco),<b>Dirección deseada:</b> Ascenso,EU_CNCR_BCI,Cáncer de mama,PT,complete,no,no,no,line,no,,si,no,no,2012,Anual,no,ascenso,si,2015,2024,79.4,,,-0.4850454432725193,2026-08-28
3,Garantizar una vida sana y promover el bienestar de todos a todas las edades,3.4,"De aquí a 2030, reducir en un tercio la mortalidad prematura por enfermedades no transmisibles mediante su prevención y tratamiento, y promover la salud mental y el bienestar",3.4.E2,,Esperanza de vida al nacer (Indicador Gobierno Vasco),<b>Dirección deseada:</b> Ascenso,EU_LE_Y0,Esperanza de vida al nacer,YR,complete,no,no,no,line,no,,si,si,no,2010,Anual,no,ascenso,si,2015,2024,84.39,,,0.4249129045570954,2026-01-16
3,Garantizar una vida sana y promover el bienestar de todos a todas las edades,3.5,"Fortalecer la prevención y el tratamiento del abuso de sustancias adictivas, incluido el uso indebido de estupefacientes y el consumo nocivo de alcohol",3.5.1,Cobertura de los tratamientos (farmacológicos y psicosociales y servicios de rehabilitación y postratamiento) de trastornos por abuso de sustancias adictivas,Número de admisiones a tratamiento por abuso o dependencia de alcohol y drogas ilegales por cada 100.000 habitantes,<b>Dirección deseada:</b> No evaluable,,,PER_100000,complete,no,no,no,line,no,,si,no,no,2010,Anual,si,,no,,,,,,,2026-05-12
3,Garantizar una vida sana y promover el bienestar de todos a todas las edades,3.5,"Fortalecer la prevención y el tratamiento del abuso de sustancias adictivas, incluido el uso indebido de estupefacientes y el consumo nocivo de alcohol",3.5.2,Consumo de alcohol per cápita (a partir de los 15 años de edad) durante un año civil en litros de alcohol puro,Consumo anual de alcohol en litros de alcohol puro por persona de 15 y más años,<b>Dirección deseada:</b> Descenso,SH_ALC_CONSPT,Consumo de alcohol per cápita (a partir de los 15 años de edad) durante un año civil ,LITRES_PURE_ALCOHOL,complete,no,no,no,line,no,,no,no,no,2015,Anual,si,descenso,si,2015,2023,10.8,,,-0.5848121021739816,2025-05-08
3,Garantizar una vida sana y promover el bienestar de todos a todas las edades,3.6,"De aquí a 2020, reducir a la mitad el número de muertes y lesiones causadas por accidentes de tráfico en el mundo",3.6.1,Tasa de mortalidad por lesiones debidas a accidentes de tráfico,Tasa de mortalidad por lesiones debidas a accidentes de tráfico,<b>Meta:</b> Reducir a la mitad el número de muertes,,,PER_100000_POP,complete,no,no,no,line,no,,si,si,no,2010,Anual,si,descenso,si,2015,2024,2.8,1.75,,-0.2404637397196847,2025-07-17
3,Garantizar una vida sana y promover el bienestar de todos a todas las edades,3.7,"De aquí a 2030, garantizar el acceso universal a los servicios de salud sexual y reproductiva, incluidos los de planificación familiar, información y educación, y la integración de la salud reproductiva en las estrategias y los programas nacionales",3.7.1,Proporción de mujeres en edad de procrear (entre 15 y 49 años) que cubren sus necesidades de planificación familiar con métodos modernos,Proporción de mujeres en edad de procrear (entre 18 y 49 años) que cubren sus necesidades de planificación familiar con métodos modernos,<b>Dirección deseada:</b> Ascenso,,,PT,complete,no,no,no,bar,no,,no,no,no,2018,Irregular / Aperiódica,si,,no,,,,,,,2025-06-06
3,Garantizar una vida sana y promover el bienestar de todos a todas las edades,3.7,"De aquí a 2030, garantizar el acceso universal a los servicios de salud sexual y reproductiva, incluidos los de planificación familiar, información y educación, y la integración de la salud reproductiva en las estrategias y los programas nacionales",3.7.2,Tasa de fecundidad de las adolescentes (entre 10 y 14 años y entre 15 y 19 años) por cada 1.000 mujeres de ese grupo de edad,Tasa de fecundidad de las adolescentes (entre 10 y 14 años y entre 15 y 19 años) por cada 1.000 mujeres de ese grupo de edad,<b>Dirección deseada:</b> Descenso,,,PER_1000_POP,complete,no,no,no,line,no,,no,si,no,2010,Anual,si,descenso,si,2015,2025,1.53,,0.0,5.0,2026-09-02
3,Garantizar una vida sana y promover el bienestar de todos a todas las edades,3.8,"Lograr la cobertura sanitaria universal, incluida la protección contra los riesgos financieros, el acceso a servicios de salud esenciales de calidad y el acceso a medicamentos y vacunas inocuos, eficaces, asequibles y de calidad para todos",3.8.1,Cobertura de los servicios de salud esenciales,Proporción de personas de 16 y más años con necesidad insatisfecha de atención médica,<b>Dirección deseada:</b> Descenso,,,PT,complete,no,no,no,line,no,,si,no,no,2010,Anual,si,descenso,si,2015,2025,0.9,0.1,,-5.0,2026-04-22
3,Garantizar una vida sana y promover el bienestar de todos a todas las edades,3.8,"Lograr la cobertura sanitaria universal, incluida la protección contra los riesgos financieros, el acceso a servicios de salud esenciales de calidad y el acceso a medicamentos y vacunas inocuos, eficaces, asequibles y de calidad para todos",3.8.2,Proporción de la población con grandes gastos sanitarios por hogar como porcentaje del total de gastos o ingresos de los hogares,"Etxeko osasun-gastu handiak dituen biztanleriaren proportzioa, etxeko gastu osoaren ehuneko gisa ",<b>Dirección deseada:</b> Descenso,,,PT,complete,no,no,no,line,no,,no,no,no,2010,Anual,si,,no,,,,,,,2025-05-08
3,Garantizar una vida sana y promover el bienestar de todos a todas las edades,3.9,"De aquí a 2030, reducir considerablemente el número de muertes y enfermedades causadas por productos químicos peligrosos y por la polución y contaminación del aire, el agua y el suelo",3.9.1,Tasa de mortalidad atribuida a la contaminación de los hogares y del aire ambiente,"Muertes prematuras por exposición a partículas finas (PM2,5) (Indicador UE sdg_11_52)","<b>Meta:</b> Reducir en un 55% el número de muertes prematuras debidas a PM2,5 respecto a los niveles de 2005",EU_SDG_11_52_PER_100000,Tasa de mortalidad prematura por exposición a partículas finas por 100.000 habitantes,PER_100000,complete,no,no,no,line,no,,si,si,no,2015,Anual,no,descenso,si,2015,2023,27.8,30.5,,5.0,2026-09-04
3,Garantizar una vida sana y promover el bienestar de todos a todas las edades,3.9,"De aquí a 2030, reducir considerablemente el número de muertes y enfermedades causadas por productos químicos peligrosos y por la polución y contaminación del aire, el agua y el suelo",3.9.1,Tasa de mortalidad atribuida a la contaminación de los hogares y del aire ambiente,"Muertes prematuras por exposición a partículas finas (PM2,5) (Indicador UE sdg_11_52)","<b>Meta:</b> Reducir en un 55% el número de muertes prematuras debidas a PM2,5 respecto a los niveles de 2005",EU_SDG_11_52_NR,Número de muertes prematuras por exposición a partículas finas,NR,complete,no,no,no,line,no,,si,si,no,2015,Anual,no,descenso,si,2015,2023,569.0,645,,5.0,2026-09-04
3,Garantizar una vida sana y promover el bienestar de todos a todas las edades,3.9,"De aquí a 2030, reducir considerablemente el número de muertes y enfermedades causadas por productos químicos peligrosos y por la polución y contaminación del aire, el agua y el suelo",3.9.2,"Tasa de mortalidad atribuida al agua insalubre, el saneamiento deficiente y la falta de higiene (exposición a servicios insalubres de agua, saneamiento e higiene para todos (WASH))",La CA de Euskadi no elabora estadísticas oficiales continuas con la metodología del indicador,"La CA de Euskadi no elabora estadísticas oficiales continuas con la metodología del indicador, pero diversos indicios permiten estimar que el dato real se encuentra muy próximo a 0",,,,complete,no,no,si,line,no,,no,no,no,,,no,,no,,,,,,,
3,Garantizar una vida sana y promover el bienestar de todos a todas las edades,3.9,"De aquí a 2030, reducir considerablemente el número de muertes y enfermedades causadas por productos químicos peligrosos y por la polución y contaminación del aire, el agua y el suelo",3.9.3,Tasa de mortalidad atribuida a intoxicaciones involuntarias,Tasa de mortalidad atribuida a intoxicaciones involuntarias,<b>Dirección deseada:</b> Descenso,,,PER_100000_POP,complete,no,no,no,line,no,,si,si,no,2010,Anual,si,descenso,si,2015,2024,1.1,,0,5.0,2025-07-17
3,Garantizar una vida sana y promover el bienestar de todos a todas las edades,3.a,"Fortalecer la aplicación del Convenio Marco de la Organización Mundial de la Salud para el Control del Tabaco en todos los países, según proceda",3.a.1,Prevalencia del consumo actual de tabaco a partir de los 15 años de edad (edades ajustadas),Proporción de personas de 15 y más años que fuman a diario,<b>Dirección deseada:</b> Descenso,,,PT,complete,no,no,no,bar,no,,si,si,no,2008,Quinquenal,si,descenso,si,2013,2023,15.4,,0,5.0,2025-08-14
3,Garantizar una vida sana y promover el bienestar de todos a todas las edades,3.b,"Apoyar las actividades de investigación y desarrollo de vacunas y medicamentos contra las enfermedades transmisibles y no transmisibles que afectan primordialmente a los países en desarrollo y facilitar el acceso a medicamentos y vacunas esenciales asequibles de conformidad con la Declaración relativa al Acuerdo sobre los Aspectos de los Derechos de Propiedad Intelectual Relacionados con el Comercio y la Salud Pública, en la que se afirma el derecho de los países en desarrollo a utilizar al máximo las disposiciones del Acuerdo sobre los Aspectos de los Derechos de Propiedad Intelectual Relacionados con el Comercio respecto a la flexibilidad para proteger la salud pública y, en particular, proporcionar acceso a los medicamentos para todos",3.b.1,Proporción de la población inmunizada con todas las vacunas incluidas en cada programa nacional,Proporción de la población inmunizada con todas las vacunas incluidas en cada programa nacional,<b>Dirección deseada:</b> Ascenso,,,PT,complete,no,no,no,line,no,,no,no,no,2017,Anual,si,,no,,,,,,,2025-08-04
3,Garantizar una vida sana y promover el bienestar de todos a todas las edades,3.b,"Apoyar las actividades de investigación y desarrollo de vacunas y medicamentos contra las enfermedades transmisibles y no transmisibles que afectan primordialmente a los países en desarrollo y facilitar el acceso a medicamentos y vacunas esenciales asequibles de conformidad con la Declaración relativa al Acuerdo sobre los Aspectos de los Derechos de Propiedad Intelectual Relacionados con el Comercio y la Salud Pública, en la que se afirma el derecho de los países en desarrollo a utilizar al máximo las disposiciones del Acuerdo sobre los Aspectos de los Derechos de Propiedad Intelectual Relacionados con el Comercio respecto a la flexibilidad para proteger la salud pública y, en particular, proporcionar acceso a los medicamentos para todos",3.b.2,Total neto de asistencia oficial para el desarrollo destinado a los sectores de la investigación médica y la atención sanitaria básica,Ayuda Oficial al Desarrollo destinada a la investigación médica y la atención sanitaria básica,<b>Dirección deseada:</b> Ascenso,EU_ODA_HLTHL,Ayuda Oficial al Desarrollo destinada a la investigación médica y la atención sanitaria básica (desembolso bruto total),EUR_1000000,complete,no,no,no,line,no,,no,no,no,2014,,no,ascenso,si,2015,2024,1.04,,,-3.014985882214355,2026-09-04
3,Garantizar una vida sana y promover el bienestar de todos a todas las edades,3.b,"Apoyar las actividades de investigación y desarrollo de vacunas y medicamentos contra las enfermedades transmisibles y no transmisibles que afectan primordialmente a los países en desarrollo y facilitar el acceso a medicamentos y vacunas esenciales asequibles de conformidad con la Declaración relativa al Acuerdo sobre los Aspectos de los Derechos de Propiedad Intelectual Relacionados con el Comercio y la Salud Pública, en la que se afirma el derecho de los países en desarrollo a utilizar al máximo las disposiciones del Acuerdo sobre los Aspectos de los Derechos de Propiedad Intelectual Relacionados con el Comercio respecto a la flexibilidad para proteger la salud pública y, en particular, proporcionar acceso a los medicamentos para todos",3.b.3,Índice de acceso a los productos sanitarios,La CA de Euskadi no elabora estadísticas oficiales continuas con la metodología del indicador,,,,,notstarted,,,,,,,,,,,,,,,,,,,,,
3,Garantizar una vida sana y promover el bienestar de todos a todas las edades,3.c,"Aumentar considerablemente la financiación de la salud y la contratación, el perfeccionamiento, la capacitación y la retención del personal sanitario en los países en desarrollo, especialmente en los países menos adelantados y los pequeños Estados insulares en desarrollo",3.c.1,Densidad y distribución del personal sanitario,Densidad y distribución del personal sanitario,<b>Dirección deseada:</b> Ascenso,,,PER_10000_POP,complete,no,no,no,line,no,,si,si,no,2010,Anual,si,ascenso,si,2015,2025,191.7,,,5.0,2026-06-09
3,Garantizar una vida sana y promover el bienestar de todos a todas las edades,3.d,"Reforzar la capacidad de todos los países, en particular los países en desarrollo, en materia de alerta temprana, reducción de riesgos y gestión de los riesgos para la salud nacional y mundial",3.d.1,Capacidad prevista en el Reglamento Sanitario Internacional (RSI) y preparación para emergencias de salud,La CA de Euskadi no elabora estadísticas oficiales continuas con la metodología del indicador,,,,,notstarted,,,,,,,,,,,,,,,,,,,,,
3,Garantizar una vida sana y promover el bienestar de todos a todas las edades,3.d,"Reforzar la capacidad de todos los países, en particular los países en desarrollo, en materia de alerta temprana, reducción de riesgos y gestión de los riesgos para la salud nacional y mundial",3.d.2,Porcentaje de infecciones del torrente sanguíneo debidas a determinados organismos resistentes a los antimicrobianos ,La CA de Euskadi no elabora estadísticas oficiales continuas con la metodología del indicador,,,,,notstarted,,,,,,,,,,,,,,,,,,,,,
4,Garantizar una educación inclusiva y equitativa de calidad y promover oportunidades de aprendizaje permanente para todos,4.1,"De aquí a 2030, asegurar que todas las niñas y todos los niños terminen la enseñanza primaria y secundaria, que ha de ser gratuita, equitativa y de calidad y producir resultados de aprendizaje pertinentes y efectivos",4.1.1,"Proporción de niños/as y adolescentes que, a) en los grados 2 o 3, b) al final de la educación primaria y c) al final de la educación secundaria inferior, han alcanzado al menos un nivel mínimo de competencia en i) lectura y ii) matemáticas, desglosada por sexo",Proporción de personas de 15 años que han alcanzado al menos el nivel 2 de competencia en lectura y matemáticas,<b>Dirección deseada:</b> Ascenso,,,PT,complete,no,no,no,line,no,,si,no,no,2012,Trienal,si,,no,,,,,,,2025-04-22
4,Garantizar una educación inclusiva y equitativa de calidad y promover oportunidades de aprendizaje permanente para todos,4.1,"De aquí a 2030, asegurar que todas las niñas y todos los niños terminen la enseñanza primaria y secundaria, que ha de ser gratuita, equitativa y de calidad y producir resultados de aprendizaje pertinentes y efectivos",4.1.2,"Tasa de finalización (educación primaria, educación secundaria inferior y educación secundaria superior)",Tasa de finalización (educación secundaria inferior y educación secundaria superior),<b>Dirección deseada:</b> Ascenso,SE_TOT_CPLR,Tasa de finalización (educación secundaria inferior y educación secundaria superior),PT,complete,no,no,no,line,no,,no,no,no,2015,Anual,si,,no,,,,,,,2025-04-22
4,Garantizar una educación inclusiva y equitativa de calidad y promover oportunidades de aprendizaje permanente para todos,4.1,"De aquí a 2030, asegurar que todas las niñas y todos los niños terminen la enseñanza primaria y secundaria, que ha de ser gratuita, equitativa y de calidad y producir resultados de aprendizaje pertinentes y efectivos",4.1.E1,,Tasa de abandono escolar prematuro de la población de 18-24 años (Indicador UE sdg_04_10),<b>Meta:</b> Menos de 9% en el año 2030,,,PT,complete,no,no,no,line,no,,si,no,no,2021,Anual,si,descenso,si,2021,2025,8.4,9,,5.0,2026-04-22
4,Garantizar una educación inclusiva y equitativa de calidad y promover oportunidades de aprendizaje permanente para todos,4.2,"De aquí a 2030, asegurar que todas las niñas y todos los niños tengan acceso a servicios de atención y desarrollo en la primera infancia y educación preescolar de calidad, a fin de que estén preparados para la enseñanza primaria",4.2.1,"Proporción de niños/as de 24 a 59 meses cuyo desarrollo es adecuado en cuanto a la salud, el aprendizaje y el bienestar psicosocial, desglosada por sexo ",La CA de Euskadi no elabora estadísticas oficiales continuas con la metodología del indicador,,,,,notstarted,,,,,,,,,,,,,,,,,,,,,
4,Garantizar una educación inclusiva y equitativa de calidad y promover oportunidades de aprendizaje permanente para todos,4.2,"De aquí a 2030, asegurar que todas las niñas y todos los niños tengan acceso a servicios de atención y desarrollo en la primera infancia y educación preescolar de calidad, a fin de que estén preparados para la enseñanza primaria",4.2.2,"Tasa de participación en el aprendizaje organizado (un año antes de la edad oficial de ingreso en la educación primaria), desglosada por sexo",Tasa neta de escolarización a los 5 años,<b>Dirección deseada:</b> Ascenso,,,PT,complete,no,no,no,line,si,,si,si,si,2010,Anual,si,ascenso,si,2015,2024,99.8,99.8,,5.0,2026-01-21
4,Garantizar una educación inclusiva y equitativa de calidad y promover oportunidades de aprendizaje permanente para todos,4.3,"De aquí a 2030, asegurar el acceso igualitario de todos los hombres y las mujeres a una formación técnica, profesional y superior de calidad, incluida la enseñanza universitaria",4.3.1,"Tasa de participación de personas jóvenes y adultas en la educación y formación académica y no académica en los últimos 12 meses, desglosada por sexo","Tasa de participación de personas jóvenes y adultas en la educación y formación académica y no académica, desglosada por sexo",<b>Dirección deseada:</b> Ascenso,AES_EDUCTRN,Tasa de participación de la población de entre 18 y 64 años en actividades educativas en los últimos 12 meses,PT,complete,no,no,no,line,no,,si,si,no,2010,Anual,si,ascenso,si,2016,2022,52.9,,,3.9949652117268752,2026-09-02
4,Garantizar una educación inclusiva y equitativa de calidad y promover oportunidades de aprendizaje permanente para todos,4.3,"De aquí a 2030, asegurar el acceso igualitario de todos los hombres y las mujeres a una formación técnica, profesional y superior de calidad, incluida la enseñanza universitaria",4.3.1,"Tasa de participación de personas jóvenes y adultas en la educación y formación académica y no académica en los últimos 12 meses, desglosada por sexo","Tasa de participación de personas jóvenes y adultas en la educación y formación académica y no académica, desglosada por sexo",<b>Dirección deseada:</b> Ascenso,SE_ADT_EDUCTRN,Tasa de participación de la población de entre 15 y 64 años en la enseñanza y formación académica y no académica en las últimas 4 semanas,PT,complete,no,no,no,line,no,,si,si,no,2010,Anual,si,ascenso,si,2015,2024,24.9,,,2.279531879223917,2026-09-02
4,Garantizar una educación inclusiva y equitativa de calidad y promover oportunidades de aprendizaje permanente para todos,4.4,"De aquí a 2030, aumentar considerablemente el número de jóvenes y adultos que tienen las competencias necesarias, en particular técnicas y profesionales, para acceder al empleo, el trabajo decente y el emprendimiento",4.4.1,"Proporción de personas jóvenes y adultas con competencias en tecnología de la información y las comunicaciones (TIC), desglosada por tipo de competencia","Proporción de personas jóvenes y adultas con competencias en tecnología de la información y las comunicaciones (TIC), desglosada por tipo de competencia",<b>Dirección deseada:</b> Ascenso,,,PT,complete,no,no,no,line,no,,si,si,no,2019,Anual,si,ascenso,si,2019,2025,71.8,,,2.899681421277167,2025-10-28
4,Garantizar una educación inclusiva y equitativa de calidad y promover oportunidades de aprendizaje permanente para todos,4.5,"De aquí a 2030, eliminar las disparidades de género en la educación y asegurar el acceso igualitario a todos los niveles de la enseñanza y la formación profesional para las personas vulnerables, incluidas las personas con discapacidad, los pueblos indígenas y las y los niños en situaciones de vulnerabilidad",4.5.1,"Índices de paridad (entre mujeres y hombres, zonas rurales y urbanas, quintiles de riqueza superior e inferior y grupos como las y los discapacitados, los pueblos indígenas y las y los afectados por los conflictos, a medida que se disponga de datos) para todos los indicadores de educación de esta lista que puedan desglosarse","Índices de paridad (entre mujeres y hombres, quintiles de riqueza superior e inferior, municipios de más y menos de 10.000 habitantes y personas con y sin limitaciones por problemas de salud) en la realización de actividades educativas (formales o no formales) en los últimos 12 meses o 4 semanas",Se mide el siguiente indicador de educación: realización de actividades educativas (formales o no formales). <b>Dirección deseada:</b> Índice=1,EU_GPI_TRN,Índice de paridad de género en la realización de actividades educativas,RO,complete,no,si,no,line,no,,no,si,no,2010,Anual,si,descenso,si,2016,2022,1.07,1.03,,-5.0,2026-07-21
4,Garantizar una educación inclusiva y equitativa de calidad y promover oportunidades de aprendizaje permanente para todos,4.5,"De aquí a 2030, eliminar las disparidades de género en la educación y asegurar el acceso igualitario a todos los niveles de la enseñanza y la formación profesional para las personas vulnerables, incluidas las personas con discapacidad, los pueblos indígenas y las y los niños en situaciones de vulnerabilidad",4.5.1,"Índices de paridad (entre mujeres y hombres, zonas rurales y urbanas, quintiles de riqueza superior e inferior y grupos como las y los discapacitados, los pueblos indígenas y las y los afectados por los conflictos, a medida que se disponga de datos) para todos los indicadores de educación de esta lista que puedan desglosarse","Índices de paridad (entre mujeres y hombres, quintiles de riqueza superior e inferior, municipios de más y menos de 10.000 habitantes y personas con y sin limitaciones por problemas de salud) en la realización de actividades educativas (formales o no formales) en los últimos 12 meses o 4 semanas",Se mide el siguiente indicador de educación: realización de actividades educativas (formales o no formales). <b>Dirección deseada:</b> Índice=1,EU_SESPI,Índice de paridad en ingresos en la realización de actividades educativas (quintiles superior e inferior),RO,complete,no,si,no,line,no,,no,si,no,2010,Anual,si,descenso,si,2016,2022,0.6,1.03,,-2.5,2026-07-21
4,Garantizar una educación inclusiva y equitativa de calidad y promover oportunidades de aprendizaje permanente para todos,4.5,"De aquí a 2030, eliminar las disparidades de género en la educación y asegurar el acceso igualitario a todos los niveles de la enseñanza y la formación profesional para las personas vulnerables, incluidas las personas con discapacidad, los pueblos indígenas y las y los niños en situaciones de vulnerabilidad",4.5.1,"Índices de paridad (entre mujeres y hombres, zonas rurales y urbanas, quintiles de riqueza superior e inferior y grupos como las y los discapacitados, los pueblos indígenas y las y los afectados por los conflictos, a medida que se disponga de datos) para todos los indicadores de educación de esta lista que puedan desglosarse","Índices de paridad (entre mujeres y hombres, quintiles de riqueza superior e inferior, municipios de más y menos de 10.000 habitantes y personas con y sin limitaciones por problemas de salud) en la realización de actividades educativas (formales o no formales) en los últimos 12 meses o 4 semanas",Se mide el siguiente indicador de educación: realización de actividades educativas (formales o no formales). <b>Dirección deseada:</b> Índice=1,EU_PI_HEALTH,Índice de paridad en salud en la realización de actividades educativas,RO,complete,no,si,no,line,no,,no,si,no,2010,Anual,si,descenso,si,2016,2022,0.7,1.03,,-1.004631440314855,2026-07-21
4,Garantizar una educación inclusiva y equitativa de calidad y promover oportunidades de aprendizaje permanente para todos,4.5,"De aquí a 2030, eliminar las disparidades de género en la educación y asegurar el acceso igualitario a todos los niveles de la enseñanza y la formación profesional para las personas vulnerables, incluidas las personas con discapacidad, los pueblos indígenas y las y los niños en situaciones de vulnerabilidad",4.5.1,"Índices de paridad (entre mujeres y hombres, zonas rurales y urbanas, quintiles de riqueza superior e inferior y grupos como las y los discapacitados, los pueblos indígenas y las y los afectados por los conflictos, a medida que se disponga de datos) para todos los indicadores de educación de esta lista que puedan desglosarse","Índices de paridad (entre mujeres y hombres, quintiles de riqueza superior e inferior, municipios de más y menos de 10.000 habitantes y personas con y sin limitaciones por problemas de salud) en la realización de actividades educativas (formales o no formales) en los últimos 12 meses o 4 semanas",Se mide el siguiente indicador de educación: realización de actividades educativas (formales o no formales). <b>Dirección deseada:</b> Índice=1,EU_RUPI_TRN,Índice de paridad residencial en la realización de actividades educativas (municipios de más y menos de 10.000 habitantes),RO,complete,no,si,no,line,no,,no,si,no,2010,Anual,si,descenso,si,2015,2024,0.97,1.03,,5.0,2026-07-21
4,Garantizar una educación inclusiva y equitativa de calidad y promover oportunidades de aprendizaje permanente para todos,4.6,"De aquí a 2030, asegurar que todos los jóvenes y una proporción considerable de los adultos, tanto hombres como mujeres, estén alfabetizados y tengan nociones elementales de aritmética",4.6.1,"Proporción de la población en un grupo de edad determinado que ha alcanzado al menos un nivel fijo de competencia funcional en a) alfabetización y b) aritmética, desglosada por sexo",Proporción de personas entre 16 y 65 años que han alcanzado al menos el nivel 2 de competencia en la escala de comprensión lectora y en matemáticas,<b>Dirección deseada:</b> Ascenso,,,PT,complete,no,no,no,line,no,,si,no,no,2012,Decenal,si,ascenso,si,,,,,100,,2025-08-14
4,Garantizar una educación inclusiva y equitativa de calidad y promover oportunidades de aprendizaje permanente para todos,4.7,"De aquí a 2030, asegurar que todos los alumnos adquieran los conocimientos teóricos y prácticos necesarios para promover el desarrollo sostenible, entre otras cosas mediante la educación para el desarrollo sostenible y los estilos de vida sostenibles, los derechos humanos, la igualdad de género, la promoción de una cultura de paz y no violencia, la ciudadanía mundial y la valoración de la diversidad cultural y la contribución de la cultura al desarrollo sostenible",4.7.1,"Grado en que i) la educación para la ciudadanía mundial y ii) la educación para el desarrollo sostenible se incorporan en a) las políticas nacionales de educación, b) los planes de estudio, c) la formación de docentes y d) la evaluación de los estudiantes",La CA de Euskadi no elabora estadísticas oficiales continuas con la metodología del indicador,,,,,notstarted,,,,,,,,,,,,,,,,,,,,,
4,Garantizar una educación inclusiva y equitativa de calidad y promover oportunidades de aprendizaje permanente para todos,4.a,"Construir y adecuar instalaciones educativas que tengan en cuenta las necesidades de los niños y las personas con discapacidad y las diferencias de género, y que ofrezcan entornos de aprendizaje seguros, no violentos, inclusivos y eficaces para todos",4.a.1,"Proporción de escuelas que ofrecen servicios básicos, desglosada por tipo de servicio","Proporción de escuelas que ofrecen servicios básicos, desglosada por tipo de servicio",<b>Dirección deseada:</b> Ascenso,,,PT,complete,no,no,no,line,no,,no,no,no,2010,Anual,si,,no,,,,,,,2026-06-05
4,Garantizar una educación inclusiva y equitativa de calidad y promover oportunidades de aprendizaje permanente para todos,4.b,"De aquí a 2020, aumentar considerablemente a nivel mundial el número de becas disponibles para los países en desarrollo, en particular los países menos adelantados, los pequeños Estados insulares en desarrollo y los países africanos, a fin de que sus estudiantes puedan matricularse en programas de enseñanza superior, incluidos programas de formación profesional y programas técnicos, científicos, de ingeniería y de tecnología de la información y las comunicaciones, de países desarrollados y otros países en desarrollo",4.b.1,Volumen de la asistencia oficial para el desarrollo destinada a becas,La CA de Euskadi no elabora estadísticas oficiales continuas con la metodología del indicador,<b>Dirección deseada:</b> Ascenso,,,,notstarted,,,,,,,,,,,,,,,,,,,,,
4,Garantizar una educación inclusiva y equitativa de calidad y promover oportunidades de aprendizaje permanente para todos,4.c,"De aquí a 2030, aumentar considerablemente la oferta de docentes calificados, incluso mediante la cooperación internacional para la formación de docentes en los países en desarrollo, especialmente los países menos adelantados y los pequeños Estados insulares en desarrollo",4.c.1,"Proporción de docentes con las calificaciones mínimas requeridas, desglosada por nivel educativo","Proporción de docentes con las calificaciones mínimas requeridas, desglosada por nivel educativo",<b>Dirección deseada:</b> Ascenso,SE_TRA_GRDL,"Proporción de docentes con las calificaciones mínimas requeridas, desglosada por nivel educativo",PT,complete,no,no,no,line,no,,no,no,no,2010,Anual,si,ascenso,si,2015,2025,100.0,,100,5.0,2026-09-02
5,Lograr la igualdad de género y empoderar a todas las mujeres y las niñas,5.1,Poner fin a todas las formas de discriminación contra todas las mujeres y las niñas en todo el mundo,5.1.1,"Determinar si existen o no marcos jurídicos para promover, hacer cumplir y supervisar la igualdad y la no discriminación por razón de sexo","Existencia de marcos jurídicos para promover, reforzar y supervisar la igualdad de género",<b>Dirección deseada:</b> Ascenso,SG_LGL_GENEQLFP,Area 1: marco legal global y vida pública,PT,complete,no,no,no,line,no,,no,no,no,2015,Bienal,si,ascenso,si,2015,2024,100.0,,100,5.0,2025-04-22
5,Lograr la igualdad de género y empoderar a todas las mujeres y las niñas,5.1,Poner fin a todas las formas de discriminación contra todas las mujeres y las niñas en todo el mundo,5.1.1,"Determinar si existen o no marcos jurídicos para promover, hacer cumplir y supervisar la igualdad y la no discriminación por razón de sexo","Existencia de marcos jurídicos para promover, reforzar y supervisar la igualdad de género",<b>Dirección deseada:</b> Ascenso,SG_LGL_GENEQVAW,Area 2: violencia contra la mujer,PT,complete,no,no,no,line,no,,no,no,no,2015,Bienal,si,ascenso,si,2015,2024,100.0,,100,5.0,2025-04-22
5,Lograr la igualdad de género y empoderar a todas las mujeres y las niñas,5.1,Poner fin a todas las formas de discriminación contra todas las mujeres y las niñas en todo el mundo,5.1.1,"Determinar si existen o no marcos jurídicos para promover, hacer cumplir y supervisar la igualdad y la no discriminación por razón de sexo","Existencia de marcos jurídicos para promover, reforzar y supervisar la igualdad de género",<b>Dirección deseada:</b> Ascenso,SG_LGL_GENEQEMP,Area 3: empleo y subsidios económicos,PT,complete,no,no,no,line,no,,no,no,no,2015,Bienal,si,ascenso,si,2015,2024,100.0,,100,5.0,2025-04-22
5,Lograr la igualdad de género y empoderar a todas las mujeres y las niñas,5.1,Poner fin a todas las formas de discriminación contra todas las mujeres y las niñas en todo el mundo,5.1.1,"Determinar si existen o no marcos jurídicos para promover, hacer cumplir y supervisar la igualdad y la no discriminación por razón de sexo","Existencia de marcos jurídicos para promover, reforzar y supervisar la igualdad de género",<b>Dirección deseada:</b> Ascenso,SG_LGL_GENEQMAR,Area 4: matrimonio y familia,PT,complete,no,no,no,line,no,,no,no,no,2015,Bienal,si,ascenso,si,2015,2024,81.8,,100,0.0,2025-04-22
5,Lograr la igualdad de género y empoderar a todas las mujeres y las niñas,5.2,"Eliminar todas las formas de violencia contra todas las mujeres y las niñas en los ámbitos público y privado, incluidas la trata y la explotación sexual y otros tipos de explotación",5.2.1,"Proporción de mujeres y niñas a partir de 15 años de edad que han sufrido violencia física, sexual o psicológica a manos de su actual o anterior pareja en los últimos 12 meses, desglosada por forma de violencia y edad",Tasa de victimizaciones contra las mujeres a manos de su actual o anterior pareja ,<b>Dirección deseada:</b> Descenso,,,PER_10000,complete,no,no,no,line,si,,no,si,si,2019,Anual,no,descenso,si,2019,2024,45.0,,,-5.0,2026-01-16
5,Lograr la igualdad de género y empoderar a todas las mujeres y las niñas,5.2,"Eliminar todas las formas de violencia contra todas las mujeres y las niñas en los ámbitos público y privado, incluidas la trata y la explotación sexual y otros tipos de explotación",5.2.2,"Proporción de mujeres y niñas a partir de 15 años de edad que han sufrido violencia sexual a manos de personas que no eran su pareja en los últimos12 meses, desglosada por edad y lugar del hecho",Tasa de victimizaciones contra las mujeres por violencia sexual fuera del ámbito familiar,<b>Dirección deseada:</b> Descenso,,,PER_10000,complete,no,no,no,line,si,,no,si,si,2019,Anual,no,descenso,si,2019,2024,6.7,,,-5.0,2026-01-16
5,Lograr la igualdad de género y empoderar a todas las mujeres y las niñas,5.3,"Eliminar todas las prácticas nocivas, como el matrimonio infantil, precoz y forzado y la mutilación genital femenina",5.3.1,Proporción de mujeres de entre 20 y 24 años que estaban casadas o mantenían una unión estable antes de cumplir los 15 años y antes de cumplir los 18 años,Proporción de mujeres de 16 y 17 años que han contraído matrimonio con un hombre,<b>Dirección deseada:</b> Descenso,,,PT,complete,no,no,no,line,no,,no,si,no,2010,Anual,no,descenso,si,2015,2024,0.0,0.05,,5.0,2025-10-24
5,Lograr la igualdad de género y empoderar a todas las mujeres y las niñas,5.3,"Eliminar todas las prácticas nocivas, como el matrimonio infantil, precoz y forzado y la mutilación genital femenina",5.3.2,"Proporción de niñas y mujeres de entre 15 y 49 años que han sufrido mutilación genital femenina, desglosada por edad",La CA de Euskadi no elabora estadísticas oficiales continuas con la metodología del indicador,,,,,notstarted,,,,,,,,,,,,,,,,,,,,,
5,Lograr la igualdad de género y empoderar a todas las mujeres y las niñas,5.4,"Reconocer y valorar los cuidados y el trabajo doméstico no remunerados mediante servicios públicos, infraestructuras y políticas de protección social, y promoviendo la responsabilidad compartida en el hogar y la familia, según proceda en cada país",5.4.1,"Proporción de tiempo dedicado al trabajo doméstico y asistencial no remunerado, desglosada por sexo, edad y ubicación",Tiempo dedicado al hogar y familia en un día promedio,"<b>Dirección deseada:</b> Para poder calcular el progreso hacia el objetivo de reparto equitativo de las funciones parentales y las responsabilidades familiares, se valora la relación entre la proporción de tiempo de las mujeres y el de los hombres, con un objetivo deseado de 1",,,MN,complete,no,si,no,line,no,,si,si,no,2013,Quinquenal,no,descenso,si,2013,2023,154.0,1.03,,0.8492600052216058,2026-07-21
5,Lograr la igualdad de género y empoderar a todas las mujeres y las niñas,5.5,"Asegurar la participación plena y efectiva de las mujeres y la igualdad de oportunidades de liderazgo a todos los niveles decisorios en la vida política, económica y pública",5.5.1,Proporción de escaños ocupados por mujeres en a) los parlamentos nacionales y b) los gobiernos locales,"Proporción de cargos ocupados por mujeres en instituciones legislativas y gubernamentales autonómicas, forales y locales","<b>Dirección deseada:</b> El objetivo es 50%, aunque se considera adecuado si el valor está entre 40-60 %",GEN_PARL,Proporción de escaños ocupados por mujeres en el Parlamento Vasco,PT,complete,no,si,no,line,no,,no,si,no,2010,Anual,no,descenso,si,2015,2025,53.3,60,,5.0,2026-09-09
5,Lograr la igualdad de género y empoderar a todas las mujeres y las niñas,5.5,"Asegurar la participación plena y efectiva de las mujeres y la igualdad de oportunidades de liderazgo a todos los niveles decisorios en la vida política, económica y pública",5.5.1,Proporción de escaños ocupados por mujeres en a) los parlamentos nacionales y b) los gobiernos locales,"Proporción de cargos ocupados por mujeres en instituciones legislativas y gubernamentales autonómicas, forales y locales","<b>Dirección deseada:</b> El objetivo es 50%, aunque se considera adecuado si el valor está entre 40-60 %",GEN_G,Proporción de mujeres entre las personas titulares de las consejerías del Gobierno Vasco,PT,complete,no,si,no,line,no,,no,si,no,2010,Anual,no,descenso,si,2015,2025,46.7,60,,5.0,2026-09-09
5,Lograr la igualdad de género y empoderar a todas las mujeres y las niñas,5.5,"Asegurar la participación plena y efectiva de las mujeres y la igualdad de oportunidades de liderazgo a todos los niveles decisorios en la vida política, económica y pública",5.5.1,Proporción de escaños ocupados por mujeres en a) los parlamentos nacionales y b) los gobiernos locales,"Proporción de cargos ocupados por mujeres en instituciones legislativas y gubernamentales autonómicas, forales y locales","<b>Dirección deseada:</b> El objetivo es 50%, aunque se considera adecuado si el valor está entre 40-60 %",GEN_REGIOPARL,Proporción de escaños ocupados por mujeres en las Juntas Generales,PT,complete,no,si,no,line,no,,no,si,no,2010,Anual,no,descenso,si,2015,2025,44.4,60,,5.0,2026-09-09
5,Lograr la igualdad de género y empoderar a todas las mujeres y las niñas,5.5,"Asegurar la participación plena y efectiva de las mujeres y la igualdad de oportunidades de liderazgo a todos los niveles decisorios en la vida política, económica y pública",5.5.1,Proporción de escaños ocupados por mujeres en a) los parlamentos nacionales y b) los gobiernos locales,"Proporción de cargos ocupados por mujeres en instituciones legislativas y gubernamentales autonómicas, forales y locales","<b>Dirección deseada:</b> El objetivo es 50%, aunque se considera adecuado si el valor está entre 40-60 %",GEN_REGIOG,Proporción de mujeres entre las personas Diputadas Forales,PT,complete,no,si,no,line,no,,no,si,no,2010,Anual,no,descenso,si,2015,2025,66.7,60,,-5.0,2026-09-09
5,Lograr la igualdad de género y empoderar a todas las mujeres y las niñas,5.5,"Asegurar la participación plena y efectiva de las mujeres y la igualdad de oportunidades de liderazgo a todos los niveles decisorios en la vida política, económica y pública",5.5.1,Proporción de escaños ocupados por mujeres en a) los parlamentos nacionales y b) los gobiernos locales,"Proporción de cargos ocupados por mujeres en instituciones legislativas y gubernamentales autonómicas, forales y locales","<b>Dirección deseada:</b> El objetivo es 50%, aunque se considera adecuado si el valor está entre 40-60 %",GEN_LOCP,Proporción de mujeres entre las personas concejalas,PT,complete,no,si,no,line,no,,no,si,no,2010,Anual,no,descenso,si,2015,2025,46.8,60,,5.0,2026-09-09
5,Lograr la igualdad de género y empoderar a todas las mujeres y las niñas,5.5,"Asegurar la participación plena y efectiva de las mujeres y la igualdad de oportunidades de liderazgo a todos los niveles decisorios en la vida política, económica y pública",5.5.1,Proporción de escaños ocupados por mujeres en a) los parlamentos nacionales y b) los gobiernos locales,"Proporción de cargos ocupados por mujeres en instituciones legislativas y gubernamentales autonómicas, forales y locales","<b>Dirección deseada:</b> El objetivo es 50%, aunque se considera adecuado si el valor está entre 40-60 %",GEN_LOCG,Proporción de mujeres entre las personas titulares de alcaldías,PT,complete,no,si,no,line,no,,no,si,no,2010,Anual,no,descenso,si,2015,2025,35.7,60,,3.063376898395242,2026-09-09
5,Lograr la igualdad de género y empoderar a todas las mujeres y las niñas,5.5,"Asegurar la participación plena y efectiva de las mujeres y la igualdad de oportunidades de liderazgo a todos los niveles decisorios en la vida política, económica y pública",5.5.2,Proporción de mujeres en cargos directivos,Proporción de mujeres en cargos directivos,"<b>Dirección deseada:</b> El objetivo es 50%, aunque se considera adecuado si el valor está entre 40-60 %",,,PT,complete,no,no,no,line,no,,no,si,no,2010,Anual,no,,no,,,,,,,2026-09-09
5,Lograr la igualdad de género y empoderar a todas las mujeres y las niñas,5.6,"Asegurar el acceso universal a la salud sexual y reproductiva y los derechos reproductivos según lo acordado de conformidad con el Programa de Acción de la Conferencia Internacional sobre la Población y el Desarrollo, la Plataforma de Acción de Beijing y los documentos finales de sus conferencias de examen",5.6.1,"Proporción de mujeres de entre 15 y 49 años que toman sus propias decisiones informadas sobre las relaciones sexuales, el uso de anticonceptivos y la atención de la salud reproductiva",La CA de Euskadi no elabora estadísticas oficiales continuas con la metodología del indicador,,,,,notstarted,,,,,,,,,,,,,,,,,,,,,
5,Lograr la igualdad de género y empoderar a todas las mujeres y las niñas,5.6,"Asegurar el acceso universal a la salud sexual y reproductiva y los derechos reproductivos según lo acordado de conformidad con el Programa de Acción de la Conferencia Internacional sobre la Población y el Desarrollo, la Plataforma de Acción de Beijing y los documentos finales de sus conferencias de examen",5.6.2,Número de países con leyes y reglamentos que garantizan a los hombres y las mujeres a partir de los 15 años de edad un acceso pleno e igualitario a los servicios de salud sexual y reproductiva y a la información y educación al respecto,La CA de Euskadi no elabora estadísticas oficiales continuas con la metodología del indicador,,,,,notstarted,,,,,,,,,,,,,,,,,,,,,
5,Lograr la igualdad de género y empoderar a todas las mujeres y las niñas,5.a,"Emprender reformas que otorguen a las mujeres igualdad de derechos a los recursos económicos, así como acceso a la propiedad y al control de la tierra y otros tipos de bienes, los servicios financieros, la herencia y los recursos naturales, de conformidad con las leyes nacionales",5.a.1,"a) Proporción del total de la población agrícola con derechos de propiedad o derechos seguros sobre tierras agrícolas, desglosada por sexo; y b) proporción de mujeres entre los propietarios o los titulares de derechos sobre tierras agrícolas, desglosada por tipo de tenencia","a) Proporción del total de la población agrícola con derechos de propiedad o derechos seguros sobre tierras agrícolas, desglosada por sexo; y b) proporción de mujeres entre los propietarios o los titulares de derechos sobre tierras agrícolas, desglosada por tipo de tenencia","<b>Dirección deseada:</b> a) Ascenso b) El objetivo es 50%, aunque se considera adecuado si el valor está entre 40-60 %",SP_GNP_WNOWNS,"Proporción de mujeres entre los propietarios o los titulares de derechos sobre tierras agrícolas, desglosada por tipo de tenencia",PT,complete,no,si,no,line,no,,si,si,no,2009,Irregular / Aperiódica,no,descenso,si,2016,2023,32.9,60,,-5.0,2026-09-11
5,Lograr la igualdad de género y empoderar a todas las mujeres y las niñas,5.a,"Emprender reformas que otorguen a las mujeres igualdad de derechos a los recursos económicos, así como acceso a la propiedad y al control de la tierra y otros tipos de bienes, los servicios financieros, la herencia y los recursos naturales, de conformidad con las leyes nacionales",5.a.1,"a) Proporción del total de la población agrícola con derechos de propiedad o derechos seguros sobre tierras agrícolas, desglosada por sexo; y b) proporción de mujeres entre los propietarios o los titulares de derechos sobre tierras agrícolas, desglosada por tipo de tenencia","a) Proporción del total de la población agrícola con derechos de propiedad o derechos seguros sobre tierras agrícolas, desglosada por sexo; y b) proporción de mujeres entre los propietarios o los titulares de derechos sobre tierras agrícolas, desglosada por tipo de tenencia","<b>Dirección deseada:</b> a) Ascenso b) El objetivo es 50%, aunque se considera adecuado si el valor está entre 40-60 %",SP_LGL_LNDAGSEC,Proporción del total de la población agrícola con derechos de propiedad o derechos seguros sobre tierras agrícolas,PT,complete,no,si,no,line,no,,si,si,no,2009,Irregular / Aperiódica,no,ascenso,si,2016,2023,43.2,,,-5.0,2026-09-11
5,Lograr la igualdad de género y empoderar a todas las mujeres y las niñas,5.a,"Emprender reformas que otorguen a las mujeres igualdad de derechos a los recursos económicos, así como acceso a la propiedad y al control de la tierra y otros tipos de bienes, los servicios financieros, la herencia y los recursos naturales, de conformidad con las leyes nacionales",5.a.2,Proporción de países cuyo ordenamiento jurídico (incluido el derecho consuetudinario) garantiza la igualdad de derechos de la mujer a la propiedad o el control de las tierras,Grado en que el marco jurídico garantiza la igualdad de derechos de la mujer a la propiedad o el control de tierras,<b>Dirección deseada:</b> Ascenso,,,IX,complete,no,no,no,line,no,,no,no,no,2015,Anual,no,ascenso,si,2015,2025,6.0,6,,5.0,2026-01-16
5,Lograr la igualdad de género y empoderar a todas las mujeres y las niñas,5.b,"Mejorar el uso de la tecnología instrumental, en particular la tecnología de la información y las comunicaciones, para promover el empoderamiento de las mujeres",5.b.1,"Proporción de personas que poseen un teléfono móvil, desglosada por sexo",Proporción de personas entre 16 y 74 años que han usado el móvil en los últimos tres meses,<b>Dirección deseada:</b> Ascenso,,,PT,complete,no,no,no,line,no,,si,si,no,2008,Anual,no,ascenso,si,2015,2025,99.1,,100,4.800513041255991,2025-10-28
5,Lograr la igualdad de género y empoderar a todas las mujeres y las niñas,5.c,Aprobar y fortalecer políticas acertadas y leyes aplicables para promover la igualdad de género y el empoderamiento de todas las mujeres y las niñas a todos los niveles,5.c.1,Proporción de países con sistemas para el seguimiento de la igualdad de género y el empoderamiento de las mujeres y la asignación de fondos públicos para ese fin,La CA de Euskadi no elabora estadísticas oficiales continuas con la metodología del indicador,,,,,notstarted,,,,,,,,,,,,,,,,,,,,,
6,Garantizar la disponibilidad y la gestión sostenible del agua y el saneamiento para todos,6.1,"De aquí a 2030, lograr el acceso universal y equitativo al agua potable a un precio asequible para todos",6.1.1,Proporción de la población que utiliza servicios de suministro de agua potable gestionados sin riesgos,Proporción de la población que utiliza servicios de suministro de agua potable gestionados sin riesgos,"La calidad del agua distribuida, los niveles máximos de contaminantes y la frecuencia mínima de análisis han sido establecidas en el ámbito de la Unión Europea (Directiva UE 2020/2184), y han sido transpuestas a la legislación española (Real Decreto 3/2023). Los sistemas de abastecimiento como la calidad del agua están estrechamente vigilados por los titulares de los abastecimientos a través de las unidades de control y vigilancia (UCV), y por el Departamento de Salud.",SH_H2O_SAFE,Población que utiliza servicios de suministro de agua potable gestionados sin riesgos,PT,complete,no,no,no,line,no,indicator.relacionados,no,no,no,2016,Anual,no,ascenso,si,2016,2024,100.0,99.9,,5.0,2025-06-09
6,Garantizar la disponibilidad y la gestión sostenible del agua y el saneamiento para todos,6.2,"De aquí a 2030, lograr el acceso a servicios de saneamiento e higiene adecuados y equitativos para todos y poner fin a la defecación al aire libre, prestando especial atención a las necesidades de las mujeres y las niñas y las personas en situaciones de vulnerabilidad",6.2.1,Proporción de la población que utiliza: a) servicios de saneamiento gestionados sin riesgos y b) instalaciones para el lavado de manos con agua y jabón,Proporción de viviendas principales con acceso a servicios básicos (abastecimiento de agua corriente y baño),<b>Dirección deseada:</b> Ascenso,SP_ACS_BSRVH2O,Proporción de viviendas con agua corriente,PT,complete,no,no,no,line,si,,no,si,si,2010,Anual,si,ascenso,si,2015,2023,99.9,99.9,,5.0,2025-04-22
6,Garantizar la disponibilidad y la gestión sostenible del agua y el saneamiento para todos,6.2,"De aquí a 2030, lograr el acceso a servicios de saneamiento e higiene adecuados y equitativos para todos y poner fin a la defecación al aire libre, prestando especial atención a las necesidades de las mujeres y las niñas y las personas en situaciones de vulnerabilidad",6.2.1,Proporción de la población que utiliza: a) servicios de saneamiento gestionados sin riesgos y b) instalaciones para el lavado de manos con agua y jabón,Proporción de viviendas principales con acceso a servicios básicos (abastecimiento de agua corriente y baño),<b>Dirección deseada:</b> Ascenso,SP_ACS_BSRVSAN,Proporción de viviendas con baño,PT,complete,no,no,no,line,si,,no,si,si,2010,Anual,si,ascenso,si,2015,2023,99.8,99.9,,4.64755558215275,2025-04-22
6,Garantizar la disponibilidad y la gestión sostenible del agua y el saneamiento para todos,6.3,"De aquí a 2030, mejorar la calidad del agua reduciendo la contaminación, eliminando el vertimiento y minimizando la emisión de productos químicos y materiales peligrosos, reduciendo a la mitad el porcentaje de aguas residuales sin tratar y aumentando considerablemente el reciclado y la reutilización sin riesgos a nivel mundial",6.3.1,Proporción de los flujos de aguas residuales domésticas e industriales tratados de manera adecuada,"Proporción de los flujos de aguas residuales conectadas a un sistema de colectores, y tratados de manera adecuada",<b>Dirección deseada:</b> Ascenso,EN_WWT_WWDS,Proporción de flujos de aguas residuales domésticas tratadas de manera adecuada,PT,complete,no,no,no,line,no,,no,no,no,2012,Anual,si,ascenso,si,2016,2022,79.4,,,1.6649122897957058,2025-09-08
6,Garantizar la disponibilidad y la gestión sostenible del agua y el saneamiento para todos,6.3,"De aquí a 2030, mejorar la calidad del agua reduciendo la contaminación, eliminando el vertimiento y minimizando la emisión de productos químicos y materiales peligrosos, reduciendo a la mitad el porcentaje de aguas residuales sin tratar y aumentando considerablemente el reciclado y la reutilización sin riesgos a nivel mundial",6.3.1,Proporción de los flujos de aguas residuales domésticas e industriales tratados de manera adecuada,"Proporción de los flujos de aguas residuales conectadas a un sistema de colectores, y tratados de manera adecuada",<b>Dirección deseada:</b> Ascenso,EU_WWT_COLECT,Proporción de flujos de aguas residuales domésticas conectadas a un sistema de colectores,PT,complete,no,no,no,line,no,,no,no,no,2012,Anual,si,ascenso,si,2014,2022,99.9,99.9,,5.0,2025-09-08
6,Garantizar la disponibilidad y la gestión sostenible del agua y el saneamiento para todos,6.3,"De aquí a 2030, mejorar la calidad del agua reduciendo la contaminación, eliminando el vertimiento y minimizando la emisión de productos químicos y materiales peligrosos, reduciendo a la mitad el porcentaje de aguas residuales sin tratar y aumentando considerablemente el reciclado y la reutilización sin riesgos a nivel mundial",6.3.2,Proporción de masas de agua de buena calidad,Proporción de masas de agua de buena calidad,<b>Dirección deseada:</b> Ascenso,EN_H2O_WBAMBQ,Proporción de masas de agua de buena calidad,PT,complete,no,no,no,line,no,,no,no,no,2015,Anual,no,ascenso,si,2015,2024,59.6,,,5.0,2025-11-11
6,Garantizar la disponibilidad y la gestión sostenible del agua y el saneamiento para todos,6.3,"De aquí a 2030, mejorar la calidad del agua reduciendo la contaminación, eliminando el vertimiento y minimizando la emisión de productos químicos y materiales peligrosos, reduciendo a la mitad el porcentaje de aguas residuales sin tratar y aumentando considerablemente el reciclado y la reutilización sin riesgos a nivel mundial",6.3.2,Proporción de masas de agua de buena calidad,Proporción de masas de agua de buena calidad,<b>Dirección deseada:</b> Ascenso,EN_H2O_OPAMBQ,Proporción de masas de agua superficiales de buena calidad,PT,complete,no,no,no,line,no,,no,no,no,2015,Anual,no,,si,2015,2024,53.3,,,5.0,2025-11-11
6,Garantizar la disponibilidad y la gestión sostenible del agua y el saneamiento para todos,6.3,"De aquí a 2030, mejorar la calidad del agua reduciendo la contaminación, eliminando el vertimiento y minimizando la emisión de productos químicos y materiales peligrosos, reduciendo a la mitad el porcentaje de aguas residuales sin tratar y aumentando considerablemente el reciclado y la reutilización sin riesgos a nivel mundial",6.3.2,Proporción de masas de agua de buena calidad,Proporción de masas de agua de buena calidad,<b>Dirección deseada:</b> Ascenso,EN_H2O_GRAMBQ,Proporción de masas de agua subterráneas de buena calidad,PT,complete,no,no,no,line,no,,no,no,no,2015,Anual,no,,si,2015,2024,88.9,,,5.0,2025-11-11
6,Garantizar la disponibilidad y la gestión sostenible del agua y el saneamiento para todos,6.4,"De aquí a 2030, aumentar considerablemente el uso eficiente de los recursos hídricos en todos los sectores y asegurar la sostenibilidad de la extracción y el abastecimiento de agua dulce para hacer frente a la escasez de agua y reducir considerablemente el número de personas que sufren falta de agua",6.4.1,Cambio en el uso eficiente de los recursos hídricos con el paso del tiempo,La CA de Euskadi no elabora estadísticas oficiales continuas con la metodología del indicador,,,,,notstarted,,,,,,,,,,,,,,,,,,,,,
6,Garantizar la disponibilidad y la gestión sostenible del agua y el saneamiento para todos,6.4,"De aquí a 2030, aumentar considerablemente el uso eficiente de los recursos hídricos en todos los sectores y asegurar la sostenibilidad de la extracción y el abastecimiento de agua dulce para hacer frente a la escasez de agua y reducir considerablemente el número de personas que sufren falta de agua",6.4.2,Nivel de estrés hídrico: extracción de agua dulce en proporción a los recursos de agua dulce disponibles,Consumo de agua (volumen de agua extraída),<b>Dirección deseada:</b> No evaluable,,,M3,complete,no,no,no,line,no,,no,si,no,2013,Anual,no,,no,,,,,,,2025-07-14
6,Garantizar la disponibilidad y la gestión sostenible del agua y el saneamiento para todos,6.5,"De aquí a 2030, implementar la gestión integrada de los recursos hídricos a todos los niveles, incluso mediante la cooperación transfronteriza, según proceda",6.5.1,Grado de gestión integrada de los recursos hídricos,La CA de Euskadi no elabora estadísticas oficiales continuas con la metodología del indicador,,,,,notstarted,,,,,,,,,,,,,,,,,,,,,
6,Garantizar la disponibilidad y la gestión sostenible del agua y el saneamiento para todos,6.5,"De aquí a 2030, implementar la gestión integrada de los recursos hídricos a todos los niveles, incluso mediante la cooperación transfronteriza, según proceda",6.5.2,Proporción de la superficie de cuencas transfronterizas sujetas a arreglos operacionales para la cooperación en materia de aguas,Proporción de la superficie de cuencas transfronterizas sujetas a arreglos operacionales para la cooperación en materia de aguas,"La gestión integrada de ríos y lagos se organiza en comisiones internacionales para cuencas hidrográficas enteras en el caso de aguas transfronterizas. Las actividades de las comisiones se basan en acuerdos internacionales. Parte de la C.A. de Euskadi se ubica en la cuenca hidrográfica internacional de Garonne – Cantabrico -Ebro. En febrero del año 2006 se firmó en Toulouse el acuerdo de cooperación para coordinar de la mejor manera posible las medidas tomadas en las cuencas hidrográficas situadas a ambos lados de la frontera, en aplicación de la Directiva Marco del Agua (DMA), así como establecer una cooperación administrativa regular",,,PT,complete,no,no,no,line,no,,no,no,no,2010,Anual,no,ascenso,si,2015,2025,100.0,99.9,,5.0,2026-01-16
6,Garantizar la disponibilidad y la gestión sostenible del agua y el saneamiento para todos,6.6,"De aquí a 2020, proteger y restablecer los ecosistemas relacionados con el agua, incluidos los bosques, las montañas, los humedales, los ríos, los acuíferos y los lagos",6.6.1,Cambio en la extensión de los ecosistemas relacionados con el agua con el paso del tiempo,La CA de Euskadi no elabora estadísticas oficiales continuas con la metodología del indicador,,,,,notstarted,,,,,,,,,,,,,,,,,,,,,
6,Garantizar la disponibilidad y la gestión sostenible del agua y el saneamiento para todos,6.a,"De aquí a 2030, ampliar la cooperación internacional y el apoyo prestado a los países en desarrollo para la creación de capacidad en actividades y programas relativos al agua y el saneamiento, como los de captación de agua, desalinización, uso eficiente de los recursos hídricos, tratamiento de aguas residuales, reciclado y tecnologías de reutilización",6.a.1,Volumen de la asistencia oficial para el desarrollo destinada al agua y el saneamiento que forma parte de un plan de gastos coordinados por el gobierno,La CA de Euskadi no elabora estadísticas oficiales continuas con la metodología del indicador,<b>Dirección deseada:</b> Ascenso,,,,notstarted,,,,,,,,,,,,,,,,,,,,,
6,Garantizar la disponibilidad y la gestión sostenible del agua y el saneamiento para todos,6.b,Apoyar y fortalecer la participación de las comunidades locales en la mejora de la gestión del agua y el saneamiento,6.b.1,Proporción de dependencias administrativas locales que han establecido políticas y procedimientos operacionales para la participación de las comunidades locales en la gestión del agua y el saneamiento,Proporción de dependencias administrativas locales que han establecido políticas y procedimientos operacionales para la participación de las comunidades locales en la gestión del agua y el saneamiento,<b>Dirección deseada:</b> Ascenso,EU_SAN_PARTIC,Proporción de dependencias administrativas locales que han establecido políticas y procedimientos operacionales para la participación de las comunidades locales en la gestión de aguas de consumo,PT,complete,no,no,no,line,no,,no,no,no,2010,Anual,si,ascenso,si,2015,2025,100.0,,100,5.0,2026-01-16
6,Garantizar la disponibilidad y la gestión sostenible del agua y el saneamiento para todos,6.b,Apoyar y fortalecer la participación de las comunidades locales en la mejora de la gestión del agua y el saneamiento,6.b.1,Proporción de dependencias administrativas locales que han establecido políticas y procedimientos operacionales para la participación de las comunidades locales en la gestión del agua y el saneamiento,Proporción de dependencias administrativas locales que han establecido políticas y procedimientos operacionales para la participación de las comunidades locales en la gestión del agua y el saneamiento,<b>Dirección deseada:</b> Ascenso,EU_BATH_PARTIC,Proporción de dependencias administrativas locales que han establecido políticas y procedimientos operacionales para la participación de las comunidades locales en la gestión de aguas de baño,PT,complete,no,no,no,line,no,,no,no,no,2010,Anual,si,ascenso,si,2015,2025,100.0,,100,5.0,2026-01-16
7,"Garantizar el acceso a una energía asequible, fiable, sostenible y moderna para todos",7.1,"De aquí a 2030, garantizar el acceso universal a servicios energéticos asequibles, fiables y modernos",7.1.1,Proporción de la población que tiene acceso a la electricidad,Proporción de la población que tiene acceso a la electricidad,<b>Dirección deseada:</b> Ascenso,,,PT,complete,no,no,no,line,no,,no,no,no,2012,Bienal,no,ascenso,si,2014,2024,99.9,99.9,,5.0,2026-04-22
7,"Garantizar el acceso a una energía asequible, fiable, sostenible y moderna para todos",7.1,"De aquí a 2030, garantizar el acceso universal a servicios energéticos asequibles, fiables y modernos",7.1.2,Proporción de la población cuya fuente primaria de energía son los combustibles y tecnologías limpios,Proporción de la población cuya fuente primaria de energía son los combustibles y tecnologías limpios,<b>Dirección deseada:</b> Ascenso,,,PT,complete,no,no,no,line,no,,no,no,no,2010,Anual,no,ascenso,si,2015,2024,100.0,99.9,,5.0,2025-08-14
7,"Garantizar el acceso a una energía asequible, fiable, sostenible y moderna para todos",7.2,"De aquí a 2030, aumentar considerablemente la proporción de energía renovable en el conjunto de fuentes energéticas",7.2.1,Proporción de energía renovable en el consumo final total de energía,Proporción de energía renovable en el consumo final total de energía,<b>Dirección deseada:</b> Ascenso,,,PT,complete,no,no,no,line,no,,no,no,no,2010,Anual,si,ascenso,si,2015,2023,20.4,,100,5.0,2025-05-08
7,"Garantizar el acceso a una energía asequible, fiable, sostenible y moderna para todos",7.3,"De aquí a 2030, duplicar la tasa mundial de mejora de la eficiencia energética",7.3.1,Intensidad energética medida en función de la energía primaria y el PIB,Intensidad energética medida en función de la energía primaria y el PIB,<b>Dirección deseada:</b> Descenso,,,MJ_PER_GDP_CON_PPP_USD,complete,no,no,no,line,no,,no,no,no,2007,Anual,no,descenso,si,2015,2023,1.7,1.07,,0.13964980762480794,2025-08-14
7,"Garantizar el acceso a una energía asequible, fiable, sostenible y moderna para todos",7.a,"De aquí a 2030, aumentar la cooperación internacional para facilitar el acceso a la investigación y la tecnología relativas a la energía limpia, incluidas las fuentes renovables, la eficiencia energética y las tecnologías avanzadas y menos contaminantes de combustibles fósiles, y promover la inversión en infraestructura energética y tecnologías limpias",7.a.1,"Corrientes financieras internacionales hacia los países en desarrollo para apoyar la investigación y el desarrollo de energías limpias y la producción de energía renovable, incluidos los sistemas híbridos",La CA de Euskadi no elabora estadísticas oficiales continuas con la metodología del indicador,<b>Dirección deseada:</b> Ascenso,,,,notstarted,,,,,,,,,,,,,,,,,,,,,
7,"Garantizar el acceso a una energía asequible, fiable, sostenible y moderna para todos",7.b,"De aquí a 2030, ampliar la infraestructura y mejorar la tecnología para prestar servicios energéticos modernos y sostenibles para todos en los países en desarrollo, en particular los países menos adelantados, los pequeños Estados insulares en desarrollo y los países en desarrollo sin litoral, en consonancia con sus respectivos programas de apoyo",7.b.1,Capacidad instalada de generación de energía renovable en los países en desarrollo y en los países desarrollados (en vatios per cápita),Capacidad instalada de generación de energía renovable (en vatios per cápita),<b>Dirección deseada:</b> Ascenso,,,W_PER_CAPITA,complete,no,no,no,line,si,,no,si,si,2010,Anual,si,ascenso,si,2015,2024,248.9,,,5.0,2026-05-18
8,"Promover el crecimiento económico sostenido, inclusivo y sostenible, el empleo pleno y productivo y el trabajo decente para todos",8.1,"Mantener el crecimiento económico per cápita de conformidad con las circunstancias nacionales y, en particular, un crecimiento del producto interno bruto de al menos el 7% anual en los países menos adelantados",8.1.1,Tasa de crecimiento anual del PIB real per cápita,Tasa de crecimiento anual del PIB real per cápita,<b>Dirección deseada:</b> Ascenso,,,PT,complete,no,no,no,line,no,,no,si,no,2010,Anual,si,ascenso,si,2015,2024,2.2,,,-5.0,2025-10-20
8,"Promover el crecimiento económico sostenido, inclusivo y sostenible, el empleo pleno y productivo y el trabajo decente para todos",8.2,"Lograr niveles más elevados de productividad económica mediante la diversificación, la modernización tecnológica y la innovación, entre otras cosas centrándose en los sectores con gran valor añadido y un uso intensivo de la mano de obra",8.2.1,Tasa de crecimiento anual del PIB real por persona empleada,Tasa de crecimiento anual del PIB real por persona empleada,<b>Dirección deseada:</b> Ascenso,,,PT,complete,no,no,no,line,no,,no,si,no,2010,Anual,si,ascenso,si,2015,2024,1.3,,,5.0,2025-10-21
8,"Promover el crecimiento económico sostenido, inclusivo y sostenible, el empleo pleno y productivo y el trabajo decente para todos",8.3,"Promover políticas orientadas al desarrollo que apoyen las actividades productivas, la creación de puestos de trabajo decentes, el emprendimiento, la creatividad y la innovación, y fomentar la formalización y el crecimiento de las microempresas y las pequeñas y medianas empresas, incluso mediante el acceso a servicios financieros",8.3.1,"Proporción de empleo informal con respecto al empleo total, desglosada por sector y sexo",La CA de Euskadi no elabora estadísticas oficiales continuas con la metodología del indicador,,,,,notstarted,,,,,,,,,,,,,,,,,,,,,
8,"Promover el crecimiento económico sostenido, inclusivo y sostenible, el empleo pleno y productivo y el trabajo decente para todos",8.4,"Mejorar progresivamente, de aquí a 2030, la producción y el consumo eficientes de los recursos mundiales y procurar desvincular el crecimiento económico de la degradación del medio ambiente, conforme al Marco Decenal de Programas sobre Modalidades de Consumo y Producción Sostenibles, empezando por los países desarrollados",8.4.1,"Huella material en términos absolutos, huella material per cápita y huella material por PIB",La CA de Euskadi no elabora estadísticas oficiales continuas con la metodología del indicador,,,,,notstarted,,,,,,,,,,,,,,,,,,,,,
8,"Promover el crecimiento económico sostenido, inclusivo y sostenible, el empleo pleno y productivo y el trabajo decente para todos",8.4,"Mejorar progresivamente, de aquí a 2030, la producción y el consumo eficientes de los recursos mundiales y procurar desvincular el crecimiento económico de la degradación del medio ambiente, conforme al Marco Decenal de Programas sobre Modalidades de Consumo y Producción Sostenibles, empezando por los países desarrollados",8.4.2,"Consumo material interno en términos absolutos, consumo material interno per cápita y consumo material interno por PIB","Consumo material interno en términos absolutos, consumo material interno per cápita y consumo material interno por PIB",<b>Dirección deseada:</b> Descenso en la serie Consumo doméstico de materiales por PIB,EN_MAT_DOMCMPT,Consumo doméstico de materiales en términos absolutos,KT,complete,no,no,no,line,no,,no,no,no,2010,Anual,no,,si,2015,2022,22897.1,,,5.0,2025-05-08
8,"Promover el crecimiento económico sostenido, inclusivo y sostenible, el empleo pleno y productivo y el trabajo decente para todos",8.4,"Mejorar progresivamente, de aquí a 2030, la producción y el consumo eficientes de los recursos mundiales y procurar desvincular el crecimiento económico de la degradación del medio ambiente, conforme al Marco Decenal de Programas sobre Modalidades de Consumo y Producción Sostenibles, empezando por los países desarrollados",8.4.2,"Consumo material interno en términos absolutos, consumo material interno per cápita y consumo material interno por PIB","Consumo material interno en términos absolutos, consumo material interno per cápita y consumo material interno por PIB",<b>Dirección deseada:</b> Descenso en la serie Consumo doméstico de materiales por PIB,EN_MAT_DOMCMPC,Consumo doméstico de materiales per cápita,T_PER_CAPITA,complete,no,no,no,line,no,,no,no,no,2010,Anual,no,,si,2015,2022,10.5,,,5.0,2025-05-08
8,"Promover el crecimiento económico sostenido, inclusivo y sostenible, el empleo pleno y productivo y el trabajo decente para todos",8.4,"Mejorar progresivamente, de aquí a 2030, la producción y el consumo eficientes de los recursos mundiales y procurar desvincular el crecimiento económico de la degradación del medio ambiente, conforme al Marco Decenal de Programas sobre Modalidades de Consumo y Producción Sostenibles, empezando por los países desarrollados",8.4.2,"Consumo material interno en términos absolutos, consumo material interno per cápita y consumo material interno por PIB","Consumo material interno en términos absolutos, consumo material interno per cápita y consumo material interno por PIB",<b>Dirección deseada:</b> Descenso en la serie Consumo doméstico de materiales por PIB,EN_MAT_DOMCMPG,Consumo doméstico de materiales por PIB,KG_PER_GDP_1000_EUR,complete,no,no,no,line,no,,no,no,no,2010,Anual,no,descenso,si,2015,2022,264.1,,,5.0,2025-05-08
8,"Promover el crecimiento económico sostenido, inclusivo y sostenible, el empleo pleno y productivo y el trabajo decente para todos",8.5,"De aquí a 2030, lograr el empleo pleno y productivo y el trabajo decente para todas las mujeres y los hombres, incluidos las y los jóvenes y las personas con discapacidad, así como la igualdad de remuneración por trabajo de igual valor",8.5.1,"Ingreso medio por hora de las personas empleadas, desglosado por sexo, edad, ocupación y personas con discapacidad","Ingreso medio por hora de personas empleadas, desglosado por sexo y por personas con o sin discapacidad","<b>Dirección deseada:</b> Ascenso en el ingreso medio por hora, descenso en la brecha de género",SL_EMP_EARN,Ingreso medio por hora,EUR,complete,no,no,no,line,no,,si,no,no,2010,Anual,si,ascenso,si,2015,2023,22.0,,,5.0,2025-06-18
8,"Promover el crecimiento económico sostenido, inclusivo y sostenible, el empleo pleno y productivo y el trabajo decente para todos",8.5,"De aquí a 2030, lograr el empleo pleno y productivo y el trabajo decente para todas las mujeres y los hombres, incluidos las y los jóvenes y las personas con discapacidad, así como la igualdad de remuneración por trabajo de igual valor",8.5.1,"Ingreso medio por hora de las personas empleadas, desglosado por sexo, edad, ocupación y personas con discapacidad","Ingreso medio por hora de personas empleadas, desglosado por sexo y por personas con o sin discapacidad","<b>Dirección deseada:</b> Ascenso en el ingreso medio por hora, descenso en la brecha de género",EU_GENDERPAY_GAP,Brecha de género en el salario medio por hora,PT,complete,no,no,no,line,no,,si,no,no,2010,Anual,si,descenso,si,2015,2023,3.6,,,5.0,2025-06-18
8,"Promover el crecimiento económico sostenido, inclusivo y sostenible, el empleo pleno y productivo y el trabajo decente para todos",8.5,"De aquí a 2030, lograr el empleo pleno y productivo y el trabajo decente para todas las mujeres y los hombres, incluidos las y los jóvenes y las personas con discapacidad, así como la igualdad de remuneración por trabajo de igual valor",8.5.2,"Tasa de desempleo, desglosada por sexo, edad y personas con discapacidad","Tasa de desempleo, desglosada por sexo, edad y personas con discapacidad",<b>Dirección deseada:</b> Descenso,,,PT,complete,no,no,no,line,si,,si,si,si,2010,Anual,si,descenso,si,2015,2024,7.4,,,5.0,2025-06-19
8,"Promover el crecimiento económico sostenido, inclusivo y sostenible, el empleo pleno y productivo y el trabajo decente para todos",8.5,"De aquí a 2030, lograr el empleo pleno y productivo y el trabajo decente para todas las mujeres y los hombres, incluidos las y los jóvenes y las personas con discapacidad, así como la igualdad de remuneración por trabajo de igual valor",8.5.E1,,Tasa de ocupación de la población (Indicador UE sdg_08_30),"<b>Dirección deseada:</b> En la serie Tasa de ocupación, el objetivo europeo es alcanzar un 78% para el año 2030. Por su parte, en la serie Brecha de género, la meta es reducir la diferencia a un máximo de 5,8 puntos porcentuales en ese mismo año.",EU_EMP_LFS,Tasa de ocupación,PT,complete,no,no,no,line,si,,si,si,si,2010,Anual,no,ascenso,si,2015,2024,75.6,78,,5.0,2025-08-14
8,"Promover el crecimiento económico sostenido, inclusivo y sostenible, el empleo pleno y productivo y el trabajo decente para todos",8.5,"De aquí a 2030, lograr el empleo pleno y productivo y el trabajo decente para todas las mujeres y los hombres, incluidos las y los jóvenes y las personas con discapacidad, así como la igualdad de remuneración por trabajo de igual valor",8.5.E1,,Tasa de ocupación de la población (Indicador UE sdg_08_30),"<b>Dirección deseada:</b> En la serie Tasa de ocupación, el objetivo europeo es alcanzar un 78% para el año 2030. Por su parte, en la serie Brecha de género, la meta es reducir la diferencia a un máximo de 5,8 puntos porcentuales en ese mismo año.",EU_EMP_LFS_GAP,Brecha de género en la ocupación,PP,complete,no,no,no,line,si,,si,si,si,2010,Anual,no,descenso,si,2015,2024,7.1,5.8,,-0.5020130640669613,2025-08-14
8,"Promover el crecimiento económico sostenido, inclusivo y sostenible, el empleo pleno y productivo y el trabajo decente para todos",8.6,"De aquí a 2020, reducir considerablemente la proporción de jóvenes que no están empleados y no cursan estudios ni reciben capacitación",8.6.1,"Proporción de jóvenes (entre 15 y 24 años) que no cursan estudios, no están empleados/as ni reciben capacitación","Proporción de jóvenes (entre 15 y 24 años) que no cursan estudios, no están empleados/as ni reciben capacitación",<b>Dirección deseada:</b> Descenso,,,PT,complete,no,no,no,line,no,,si,si,no,2010,Anual,si,descenso,si,2015,2024,6.7,,,5.0,2025-06-18
8,"Promover el crecimiento económico sostenido, inclusivo y sostenible, el empleo pleno y productivo y el trabajo decente para todos",8.7,"Adoptar medidas inmediatas y eficaces para erradicar el trabajo forzoso, poner fin a las formas contemporáneas de esclavitud y la trata de personas y asegurar la prohibición y eliminación de las peores formas de trabajo infantil, incluidos el reclutamiento y la utilización de niños soldados, y, de aquí a 2025, poner fin al trabajo infantil en todas sus formas",8.7.1,"Proporción y número de niños/as de entre 5 y 17 años que realizan trabajo infantil, desglosados por sexo y edad",La CA de Euskadi no elabora estadísticas oficiales continuas con la metodología del indicador,"La CA de Euskadi no elabora estadísticas oficiales continuas con la metodología del indicador, pero diversos indicios permiten estimar que el dato real se encuentra muy próximo a 0",,,,complete,no,no,si,line,no,,no,no,no,,,no,,no,,,,,,,
8,"Promover el crecimiento económico sostenido, inclusivo y sostenible, el empleo pleno y productivo y el trabajo decente para todos",8.8,"Proteger los derechos laborales y promover un entorno de trabajo seguro y sin riesgos para todos los trabajadores, incluidos los trabajadores migrantes, en particular las mujeres migrantes y las personas con empleos precarios",8.8.1,"Lesiones ocupacionales mortales y no mortales por cada 100.000 trabajadores, desglosadas por sexo y estatus migratorio","Índice de incidencia de accidentes con baja en jornada/in itinere, según gravedad",<b>Dirección deseada:</b> Descenso,SL_EMP_FTLINJUR,Lesiones ocupacionales mortales,PER_100000_EMP,complete,no,no,no,line,no,,si,si,no,2013,Anual,si,descenso,si,2015,2025,3.0,,,5.0,2026-06-09
8,"Promover el crecimiento económico sostenido, inclusivo y sostenible, el empleo pleno y productivo y el trabajo decente para todos",8.8,"Proteger los derechos laborales y promover un entorno de trabajo seguro y sin riesgos para todos los trabajadores, incluidos los trabajadores migrantes, en particular las mujeres migrantes y las personas con empleos precarios",8.8.1,"Lesiones ocupacionales mortales y no mortales por cada 100.000 trabajadores, desglosadas por sexo y estatus migratorio","Índice de incidencia de accidentes con baja en jornada/in itinere, según gravedad",<b>Dirección deseada:</b> Descenso,SL_EMP_INJUR,Lesiones ocupacionales no mortales,PER_100000_EMP,complete,no,no,no,line,no,,si,si,no,2013,Anual,si,descenso,si,2015,2025,3565.7,,,-1.379399664398595,2026-06-09
8,"Promover el crecimiento económico sostenido, inclusivo y sostenible, el empleo pleno y productivo y el trabajo decente para todos",8.8,"Proteger los derechos laborales y promover un entorno de trabajo seguro y sin riesgos para todos los trabajadores, incluidos los trabajadores migrantes, en particular las mujeres migrantes y las personas con empleos precarios",8.8.2,"Nivel de cumplimiento nacional de los derechos laborales (libertad de asociación y negociación colectiva) con arreglo a las fuentes textuales de la Organización Internacional del Trabajo (OIT) y la legislación interna, desglosado por sexo y estatus migratorio",La CA de Euskadi no elabora estadísticas oficiales continuas con la metodología del indicador,,,,,notstarted,,,,,,,,,,,,,,,,,,,,,
8,"Promover el crecimiento económico sostenido, inclusivo y sostenible, el empleo pleno y productivo y el trabajo decente para todos",8.9,"De aquí a 2030, elaborar y poner en práctica políticas encaminadas a promover un turismo sostenible que cree puestos de trabajo y promueva la cultura y los productos locales",8.9.1,PIB generado directamente por el turismo en proporción al PIB total y a la tasa de crecimiento,PIB generado directamente por el turismo en proporción al PIB total y tasa de crecimiento,<b>Dirección deseada:</b> Ascenso,ST_GDP_ZS,PIB generado por el turismo en proporción al PIB total,PT,complete,no,no,no,line,no,indicator.relacionados,no,si,no,2010,Anual,no,ascenso,si,2015,2024,6.8,,,2.130498432081407,2026-01-16
8,"Promover el crecimiento económico sostenido, inclusivo y sostenible, el empleo pleno y productivo y el trabajo decente para todos",8.9,"De aquí a 2030, elaborar y poner en práctica políticas encaminadas a promover un turismo sostenible que cree puestos de trabajo y promueva la cultura y los productos locales",8.9.1,PIB generado directamente por el turismo en proporción al PIB total y a la tasa de crecimiento,PIB generado directamente por el turismo en proporción al PIB total y tasa de crecimiento,<b>Dirección deseada:</b> Ascenso,EU_GDP_ZS_GR,Tasa de crecimiento del PIB generado por el turismo,PT,complete,no,no,no,line,no,indicator.relacionados,no,si,no,2010,Anual,no,ascenso,si,2015,2024,3.0,,,-5.0,2026-01-16
8,"Promover el crecimiento económico sostenido, inclusivo y sostenible, el empleo pleno y productivo y el trabajo decente para todos",8.9,"De aquí a 2030, elaborar y poner en práctica políticas encaminadas a promover un turismo sostenible que cree puestos de trabajo y promueva la cultura y los productos locales",8.9.2,Personas empleadas en el sector del turismo,Personas empleadas en el sector del turismo,<b>Dirección deseada:</b> Ascenso,,,,notstarted,,,,,,,,,,,,,,,,,,,,,
8,"Promover el crecimiento económico sostenido, inclusivo y sostenible, el empleo pleno y productivo y el trabajo decente para todos",8.10,"Fortalecer la capacidad de las instituciones financieras nacionales para fomentar y ampliar el acceso a los servicios bancarios, financieros y de seguros para todos",8.10.1,a) Número de sucursales de bancos comerciales por cada 100.000 personas adultas y b) número de cajeros automáticos por cada 100.000 adultos,a) Número de sucursales de bancos comerciales por cada 100.000 personas adultas y b) número de cajeros automáticos por cada 100.000 adultos,<b>Dirección deseada:</b> No evaluable,FB_CBK_BRCH,Sucursales de bancos comerciales por cada 100.000 habitantes de 15 y más años,PER_100000,complete,no,no,no,line,no,,no,si,no,2010,Anual,si,,no,,,,,,,2025-11-10
8,"Promover el crecimiento económico sostenido, inclusivo y sostenible, el empleo pleno y productivo y el trabajo decente para todos",8.10,"Fortalecer la capacidad de las instituciones financieras nacionales para fomentar y ampliar el acceso a los servicios bancarios, financieros y de seguros para todos",8.10.1,a) Número de sucursales de bancos comerciales por cada 100.000 personas adultas y b) número de cajeros automáticos por cada 100.000 adultos,a) Número de sucursales de bancos comerciales por cada 100.000 personas adultas y b) número de cajeros automáticos por cada 100.000 adultos,<b>Dirección deseada:</b> No evaluable,FB_ATM_TOTL,Cajeros automáticos por cada 100.000 habitantes de 15 y más años,PER_100000,complete,no,no,no,line,no,,no,si,no,2010,Anual,si,,no,,,,,,,2025-11-10
8,"Promover el crecimiento económico sostenido, inclusivo y sostenible, el empleo pleno y productivo y el trabajo decente para todos",8.10,"Fortalecer la capacidad de las instituciones financieras nacionales para fomentar y ampliar el acceso a los servicios bancarios, financieros y de seguros para todos",8.10.2,Proporción de adultos/as (a partir de 15 años de edad) que tienen una cuenta en un banco u otra institución financiera o un proveedor de servicios de dinero móvil,Proporción de personas entre 18 y 79 años que tienen una cuenta corriente,<b>Dirección deseada:</b> Ascenso,,,PT,complete,no,no,no,line,no,,si,no,no,2016,Quinquenal,si,ascenso,si,2016,2021,99.2,,100,4.478522900400992,2025-05-08
8,"Promover el crecimiento económico sostenido, inclusivo y sostenible, el empleo pleno y productivo y el trabajo decente para todos",8.a,"Aumentar el apoyo a la iniciativa de ayuda para el comercio en los países en desarrollo, en particular los países menos adelantados, incluso mediante el Marco Integrado Mejorado para la Asistencia Técnica a los Países Menos Adelantados en Materia de Comercio",8.a.1,Compromisos y desembolsos en relación con la iniciativa Ayuda para el Comercio,La CA de Euskadi no elabora estadísticas oficiales continuas con la metodología del indicador,<b>Dirección deseada:</b> Ascenso,,,,notstarted,,,,,,,,,,,,,,,,,,,,,
8,"Promover el crecimiento económico sostenido, inclusivo y sostenible, el empleo pleno y productivo y el trabajo decente para todos",8.b,"De aquí a 2020, desarrollar y poner en marcha una estrategia mundial para el empleo de los jóvenes y aplicar el Pacto Mundial para el Empleo de la Organización Internacional del Trabajo",8.b.1,"Existencia de una estrategia nacional organizada y en marcha para el empleo de las personas jóvenes, como estrategia independiente o como parte de una estrategia nacional de empleo",Nivel de implantación de estrategias públicas para el empleo de las personas jóvenes y gasto de las administraciones públicas autonómicas en fomento del empleo,<b>Dirección deseada:</b> Ascenso,SL_CPA_YEMP,Nivel de implantación de estrategias públicas para el empleo de las personas jóvenes,IX,complete,no,no,no,line,no,,no,no,no,2010,Anual,si,ascenso,si,2015,2025,3.0,,3,5.0,2026-09-07
8,"Promover el crecimiento económico sostenido, inclusivo y sostenible, el empleo pleno y productivo y el trabajo decente para todos",8.b,"De aquí a 2020, desarrollar y poner en marcha una estrategia mundial para el empleo de los jóvenes y aplicar el Pacto Mundial para el Empleo de la Organización Internacional del Trabajo",8.b.1,"Existencia de una estrategia nacional organizada y en marcha para el empleo de las personas jóvenes, como estrategia independiente o como parte de una estrategia nacional de empleo",Nivel de implantación de estrategias públicas para el empleo de las personas jóvenes y gasto de las administraciones públicas autonómicas en fomento del empleo,<b>Dirección deseada:</b> Ascenso,EU_EXP_EMP,Gasto de las administraciones públicas autonómicas en fomento del empleo,EUR_1000000,complete,no,no,no,line,no,,no,no,no,2010,Anual,si,ascenso,si,2015,2023,422.8,,,5.0,2026-09-07
8,"Promover el crecimiento económico sostenido, inclusivo y sostenible, el empleo pleno y productivo y el trabajo decente para todos",8.b,"De aquí a 2020, desarrollar y poner en marcha una estrategia mundial para el empleo de los jóvenes y aplicar el Pacto Mundial para el Empleo de la Organización Internacional del Trabajo",8.b.1,"Existencia de una estrategia nacional organizada y en marcha para el empleo de las personas jóvenes, como estrategia independiente o como parte de una estrategia nacional de empleo",Nivel de implantación de estrategias públicas para el empleo de las personas jóvenes y gasto de las administraciones públicas autonómicas en fomento del empleo,<b>Dirección deseada:</b> Ascenso,EU_EXP_EMPGDP,Gasto de las administraciones públicas autonómicas en fomento del empleo en proporción al gasto total,PT,complete,no,no,no,line,no,,no,no,no,2010,Anual,si,ascenso,si,2015,2023,2.9,,,-4.921680464644557,2026-09-07
9,"Construir infraestructuras resilientes, promover la industrialización inclusiva y sostenible y fomentar la innovación",9.1,"Desarrollar infraestructuras fiables, sostenibles, resilientes y de calidad, incluidas infraestructuras regionales y transfronterizas, para apoyar el desarrollo económico y el bienestar humano, haciendo especial hincapié en el acceso asequible y equitativo para todos",9.1.1,Proporción de la población rural que vive a menos de 2 km de una carretera transitable todo el año,Proporción de la población rural que vive a menos de 2 km de una carretera transitable todo el año,<b>Dirección deseada:</b> Ascenso,,,PT,complete,no,no,no,bar,no,,no,si,no,2024,Anual,no,,no,,,,,,,2025-08-04
9,"Construir infraestructuras resilientes, promover la industrialización inclusiva y sostenible y fomentar la innovación",9.1,"Desarrollar infraestructuras fiables, sostenibles, resilientes y de calidad, incluidas infraestructuras regionales y transfronterizas, para apoyar el desarrollo económico y el bienestar humano, haciendo especial hincapié en el acceso asequible y equitativo para todos",9.1.2,"Volumen de transporte de pasajeros y carga, desglosado por medio de transporte",Pasajeros y mercancías transportadas por vía aérea,<b>Dirección deseada:</b> Ascenso,EU_RDP_PAS,Pasajeros transportados por vía aérea,MPAS,complete,no,no,no,line,no,,no,si,no,2010,Anual,si,ascenso,si,2015,2025,7842.5,,,5.0,2026-01-16
9,"Construir infraestructuras resilientes, promover la industrialización inclusiva y sostenible y fomentar la innovación",9.1,"Desarrollar infraestructuras fiables, sostenibles, resilientes y de calidad, incluidas infraestructuras regionales y transfronterizas, para apoyar el desarrollo económico y el bienestar humano, haciendo especial hincapié en el acceso asequible y equitativo para todos",9.1.2,"Volumen de transporte de pasajeros y carga, desglosado por medio de transporte",Pasajeros y mercancías transportadas por vía aérea,<b>Dirección deseada:</b> Ascenso,EU_RDP_MER,Mercancías transportadas por vía aérea,KT,complete,no,no,no,line,no,,no,si,no,2010,Anual,si,ascenso,si,2015,2025,70.2,,,5.0,2026-01-16
9,"Construir infraestructuras resilientes, promover la industrialización inclusiva y sostenible y fomentar la innovación",9.2,"Promover una industrialización inclusiva y sostenible y, de aquí a 2030, aumentar significativamente la contribución de la industria al empleo y al producto interno bruto, de acuerdo con las circunstancias nacionales, y duplicar esa contribución en los países menos adelantados",9.2.1,Valor añadido del sector manufacturero en proporción al PIB y per cápita,Valor añadido del sector manufacturero en proporción al PIB y per cápita,<b>Dirección deseada:</b> Ascenso,NV_IND_MANF,Valor añadido del sector manufacturero en proporción al PIB,PT,complete,no,no,no,line,no,,no,si,no,2010,Anual,si,ascenso,si,2015,2024,24.3,,,-1.7041069822899824,2025-10-21
9,"Construir infraestructuras resilientes, promover la industrialización inclusiva y sostenible y fomentar la innovación",9.2,"Promover una industrialización inclusiva y sostenible y, de aquí a 2030, aumentar significativamente la contribución de la industria al empleo y al producto interno bruto, de acuerdo con las circunstancias nacionales, y duplicar esa contribución en los países menos adelantados",9.2.1,Valor añadido del sector manufacturero en proporción al PIB y per cápita,Valor añadido del sector manufacturero en proporción al PIB y per cápita,<b>Dirección deseada:</b> Ascenso,NV_IND_MANFPC,Valor añadido del sector manufacturero per cápita,EUR_PER_CAPITA,complete,no,no,no,line,no,,no,si,no,2010,Anual,si,ascenso,si,2015,2024,10584.1,,,2.9574323545252246,2025-10-21
9,"Construir infraestructuras resilientes, promover la industrialización inclusiva y sostenible y fomentar la innovación",9.2,"Promover una industrialización inclusiva y sostenible y, de aquí a 2030, aumentar significativamente la contribución de la industria al empleo y al producto interno bruto, de acuerdo con las circunstancias nacionales, y duplicar esa contribución en los países menos adelantados",9.2.2,Empleo del sector manufacturero en proporción al empleo total,Empleo del sector manufacturero en proporción al empleo total,<b>Dirección deseada:</b> Ascenso,,,PT,complete,no,no,no,line,no,,si,si,no,2010,Anual,si,ascenso,si,2015,2024,19.0,,,-1.00297315290665,2025-09-11
9,"Construir infraestructuras resilientes, promover la industrialización inclusiva y sostenible y fomentar la innovación",9.3,"Aumentar el acceso de las pequeñas industrias y otras empresas, particularmente en los países en desarrollo, a los servicios financieros, incluidos créditos asequibles, y su integración en las cadenas de valor y los mercados",9.3.1,Proporción del valor añadido total del sector industrial correspondiente a las pequeñas industrias,Proporción del valor añadido total del sector industrial correspondiente a las pequeñas industrias,<b>Dirección deseada:</b> Ascenso,,,PT,complete,no,no,no,line,no,,no,si,no,2010,Anual,si,ascenso,si,2015,2024,20.8,,,-3.8294091646901283,2026-05-12
9,"Construir infraestructuras resilientes, promover la industrialización inclusiva y sostenible y fomentar la innovación",9.3,"Aumentar el acceso de las pequeñas industrias y otras empresas, particularmente en los países en desarrollo, a los servicios financieros, incluidos créditos asequibles, y su integración en las cadenas de valor y los mercados",9.3.2,Proporción de las pequeñas industrias que han obtenido un préstamo o una línea de crédito,La CA de Euskadi no elabora estadísticas oficiales continuas con la metodología del indicador,,,,,notstarted,,,,,,,,,,,,,,,,,,,,,
9,"Construir infraestructuras resilientes, promover la industrialización inclusiva y sostenible y fomentar la innovación",9.4,"De aquí a 2030, modernizar la infraestructura y reconvertir las industrias para que sean sostenibles, utilizando los recursos con mayor eficacia y promoviendo la adopción de tecnologías y procesos industriales limpios y ambientalmente racionales, y logrando que todos los países tomen medidas de acuerdo con sus capacidades respectivas",9.4.1,Emisiones de CO2 por unidad de valor añadido,Emisiones de CO2 por unidad de valor añadido,<b>Dirección deseada:</b> Descenso,EN_ATM_CO2,Emisiones de CO2,T,complete,no,no,no,line,no,indicator.relacionados,no,no,no,2010,Anual,si,descenso,si,2015,2023,13605046.24,,,2.0622041576877637,2025-09-25
9,"Construir infraestructuras resilientes, promover la industrialización inclusiva y sostenible y fomentar la innovación",9.4,"De aquí a 2030, modernizar la infraestructura y reconvertir las industrias para que sean sostenibles, utilizando los recursos con mayor eficacia y promoviendo la adopción de tecnologías y procesos industriales limpios y ambientalmente racionales, y logrando que todos los países tomen medidas de acuerdo con sus capacidades respectivas",9.4.1,Emisiones de CO2 por unidad de valor añadido,Emisiones de CO2 por unidad de valor añadido,<b>Dirección deseada:</b> Descenso,EN_ATM_CO2GDP,Emisiones de CO2 por unidad de valor añadido,KG_CO2_PER_GDP_EUR,complete,no,no,no,line,no,indicator.relacionados,no,no,no,2010,Anual,si,descenso,si,2015,2023,0.15,,,5.0,2025-09-25
9,"Construir infraestructuras resilientes, promover la industrialización inclusiva y sostenible y fomentar la innovación",9.4,"De aquí a 2030, modernizar la infraestructura y reconvertir las industrias para que sean sostenibles, utilizando los recursos con mayor eficacia y promoviendo la adopción de tecnologías y procesos industriales limpios y ambientalmente racionales, y logrando que todos los países tomen medidas de acuerdo con sus capacidades respectivas",9.4.1,Emisiones de CO2 por unidad de valor añadido,Emisiones de CO2 por unidad de valor añadido,<b>Dirección deseada:</b> Descenso,EN_ATM_CO2MVA,Emisiones de CO2 del sector manufacturero por unidad de valor añadido del sector manufacturero,KG_CO2_PER_GDP_EUR,complete,no,no,no,line,no,indicator.relacionados,no,no,no,2010,Anual,si,descenso,si,2015,2023,0.32,,,4.496018105717869,2025-09-25
9,"Construir infraestructuras resilientes, promover la industrialización inclusiva y sostenible y fomentar la innovación",9.4,"De aquí a 2030, modernizar la infraestructura y reconvertir las industrias para que sean sostenibles, utilizando los recursos con mayor eficacia y promoviendo la adopción de tecnologías y procesos industriales limpios y ambientalmente racionales, y logrando que todos los países tomen medidas de acuerdo con sus capacidades respectivas",9.4.E1,,Intensidad de las emisiones atmosféricas de la industria manufacturera (Indicador UE sdg_09_70),<b>Dirección deseada:</b> Descenso,,,G_PER_GDP_EUR,complete,no,no,no,line,no,,no,no,no,2010,Anual,si,,no,,,,,,,2025-09-29
9,"Construir infraestructuras resilientes, promover la industrialización inclusiva y sostenible y fomentar la innovación",9.5,"Aumentar la investigación científica y mejorar la capacidad tecnológica de los sectores industriales de todos los países, en particular los países en desarrollo, entre otras cosas fomentando la innovación y aumentando considerablemente, de aquí a 2030, el número de personas que trabajan en investigación y desarrollo por millón de habitantes y los gastos de los sectores público y privado en investigación y desarrollo",9.5.1,Gastos en investigación y desarrollo en proporción al PIB,Gastos en investigación y desarrollo en proporción al PIB,<b>Dirección deseada:</b> Ascenso,GB_XPD_RSDV,Gastos en investigación y desarrollo en proporción al PIB,PT,complete,no,no,no,line,no,,no,si,no,2010,Anual,si,ascenso,si,2015,2024,2.2,,,5.0,2026-04-22
9,"Construir infraestructuras resilientes, promover la industrialización inclusiva y sostenible y fomentar la innovación",9.5,"Aumentar la investigación científica y mejorar la capacidad tecnológica de los sectores industriales de todos los países, en particular los países en desarrollo, entre otras cosas fomentando la innovación y aumentando considerablemente, de aquí a 2030, el número de personas que trabajan en investigación y desarrollo por millón de habitantes y los gastos de los sectores público y privado en investigación y desarrollo",9.5.2,Número de personas investigadoras (en equivalente a tiempo completo) por cada millón de habitantes,Número de personas investigadoras (en equivalente a tiempo completo) por cada millón de habitantes,<b>Dirección deseada:</b> Ascenso,,,PER_1000000_POP,complete,no,no,no,line,no,,si,si,no,2010,Anual,si,ascenso,si,2015,2024,7815.3,,,5.0,2026-01-16
9,"Construir infraestructuras resilientes, promover la industrialización inclusiva y sostenible y fomentar la innovación",9.a,"Facilitar el desarrollo de infraestructuras sostenibles y resilientes en los países en desarrollo mediante un mayor apoyo financiero, tecnológico y técnico a los países africanos, los países menos adelantados, los países en desarrollo sin litoral y los pequeños Estados insulares en desarrollo",9.a.1,Total de apoyo internacional oficial (asistencia oficial para el desarrollo más otras corrientes oficiales de recursos) destinado a la infraestructura,La CA de Euskadi no elabora estadísticas oficiales continuas con la metodología del indicador,<b>Dirección deseada:</b> Ascenso,,,,notstarted,,,,,,,,,,,,,,,,,,,,,
9,"Construir infraestructuras resilientes, promover la industrialización inclusiva y sostenible y fomentar la innovación",9.b,"Apoyar el desarrollo de tecnologías, la investigación y la innovación nacionales en los países en desarrollo, incluso garantizando un entorno normativo propicio a la diversificación industrial y la adición de valor a los productos básicos, entre otras cosas",9.b.1,Proporción del valor añadido por la industria de tecnología mediana y alta en el valor añadido total,Proporción del valor añadido por la industria de tecnología mediana y alta en el valor añadido total,<b>Dirección deseada:</b> Ascenso,,,PT,complete,no,no,no,line,no,,no,no,no,2010,Anual,si,ascenso,si,2015,2023,33.4,,,1.1460390429268164,2025-08-14
9,"Construir infraestructuras resilientes, promover la industrialización inclusiva y sostenible y fomentar la innovación",9.c,Aumentar significativamente el acceso a la tecnología de la información y las comunicaciones y esforzarse por proporcionar acceso universal y asequible a Internet en los países menos adelantados de aquí a 2020,9.c.1,"Proporción de la población con cobertura de red móvil, desglosada por tecnología","Proporción de la población con cobertura de red móvil, desglosada por tecnología",<b>Dirección deseada:</b> Ascenso,IT_MOB_3GNTWK,"Proporción de hogares cubiertos con redes móviles 3,5G",PT,complete,no,no,no,line,no,,no,si,no,2012,Anual,si,,si,2015,2020,99.99,,,5.0,2026-06-09
9,"Construir infraestructuras resilientes, promover la industrialización inclusiva y sostenible y fomentar la innovación",9.c,Aumentar significativamente el acceso a la tecnología de la información y las comunicaciones y esforzarse por proporcionar acceso universal y asequible a Internet en los países menos adelantados de aquí a 2020,9.c.1,"Proporción de la población con cobertura de red móvil, desglosada por tecnología","Proporción de la población con cobertura de red móvil, desglosada por tecnología",<b>Dirección deseada:</b> Ascenso,IT_MOB_4GNTWK,Proporción de hogares cubiertos con redes móviles 4G,PT,complete,no,no,no,line,no,,no,si,no,2012,Anual,si,,si,2015,2025,99.96,,,5.0,2026-06-09
9,"Construir infraestructuras resilientes, promover la industrialización inclusiva y sostenible y fomentar la innovación",9.c,Aumentar significativamente el acceso a la tecnología de la información y las comunicaciones y esforzarse por proporcionar acceso universal y asequible a Internet en los países menos adelantados de aquí a 2020,9.c.1,"Proporción de la población con cobertura de red móvil, desglosada por tecnología","Proporción de la población con cobertura de red móvil, desglosada por tecnología",<b>Dirección deseada:</b> Ascenso,IT_MOB_5GNTWK,Proporción de hogares cubiertos con redes móviles 5G,PT,complete,no,no,no,line,no,,no,si,no,2012,Anual,si,ascenso,si,2021,2025,99.62,,100,5.0,2026-06-09
10,Reducir la desigualdad en los países y entre ellos,10.1,"De aquí a 2030, lograr progresivamente y mantener el crecimiento de los ingresos del 40% más pobre de la población a una tasa superior a la media nacional",10.1.1,Tasas de crecimiento per cápita de los gastos o ingresos de los hogares del 40% más pobre de la población y la población total,Tasas de crecimiento per cápita de los gastos o ingresos de los hogares del 40% más pobre de la población y la población total,<b>Dirección deseada:</b> Mantener el crecimiento de los ingresos del 40% más pobre de la población a una tasa superior a la media,UE_HEI_HE,Tasa de crecimiento del gasto familiar per cápita,PT,complete,no,no,no,line,no,,no,si,no,2008,Anual,si,,no,,,,,,,2025-05-08
10,Reducir la desigualdad en los países y entre ellos,10.1,"De aquí a 2030, lograr progresivamente y mantener el crecimiento de los ingresos del 40% más pobre de la población a una tasa superior a la media nacional",10.1.1,Tasas de crecimiento per cápita de los gastos o ingresos de los hogares del 40% más pobre de la población y la población total,Tasas de crecimiento per cápita de los gastos o ingresos de los hogares del 40% más pobre de la población y la población total,<b>Dirección deseada:</b> Mantener el crecimiento de los ingresos del 40% más pobre de la población a una tasa superior a la media,UE_HEI_HI,Tasa de crecimiento del ingreso familiar per cápita,PT,complete,no,no,no,line,no,,no,si,no,2008,Anual,si,,no,,,,,,,2025-05-08
10,Reducir la desigualdad en los países y entre ellos,10.2,"De aquí a 2030, potenciar y promover la inclusión social, económica y política de todas las personas, independientemente de su edad, sexo, discapacidad, raza, etnia, origen, religión o situación económica u otra condición",10.2.1,"Proporción de personas que viven por debajo del 50% de la mediana de los ingresos, desglosada por sexo, edad y personas con discapacidad",Proporción de personas que viven por debajo del 50% de la mediana de los ingresos,<b>Dirección deseada:</b> Descenso,,,PT,complete,no,no,no,line,no,indicator.relacionados,no,no,no,2008,Anual,si,descenso,si,2014,2022,10.0,,,-0.0,2025-05-08
10,Reducir la desigualdad en los países y entre ellos,10.3,"Garantizar la igualdad de oportunidades y reducir la desigualdad de resultados, incluso eliminando las leyes, políticas y prácticas discriminatorias y promoviendo legislaciones, políticas y medidas adecuadas a ese respecto",10.3.1,Proporción de la población que declara haberse sentido personalmente discriminada o acosada en los últimos 12 meses por motivos de discriminación prohibidos por el derecho internacional de los derechos humanos,"Prevalencia (%) de personas que se sienten discriminadas (por su edad, sexo, lugar de nacimiento, ...) por sexo",<b>Dirección deseada:</b> Descenso,,,PT,complete,no,no,no,bar,no,,si,si,no,2013,Quinquenal,no,descenso,si,2013,2023,8.8,,,-5.0,2025-08-19
10,Reducir la desigualdad en los países y entre ellos,10.4,"Adoptar políticas, especialmente fiscales, salariales y de protección social, y lograr progresivamente una mayor igualdad",10.4.1,Proporción del PIB generada por el trabajo,Proporción del PIB generada por el trabajo,<b>Dirección deseada:</b> Ascenso,,,PT,complete,no,no,no,line,no,,no,si,no,2010,Anual,si,ascenso,si,2015,2023,47.2,,,-0.6543025440110262,2025-10-21
10,Reducir la desigualdad en los países y entre ellos,10.4,"Adoptar políticas, especialmente fiscales, salariales y de protección social, y lograr progresivamente una mayor igualdad",10.4.2,Impacto redistributivo de la política fiscal en el índice de Gini,Índice de Gini del ingreso disponible equivalente (postfiscal),<b>Dirección deseada:</b> Descenso del Índice de Gini del ingreso disponible equivalente,POSTFIS_DIS_INC,Índice de Gini del ingreso disponible equivalente (postfiscal),PT,complete,no,no,no,line,no,,no,no,no,2012,Bienal,no,,no,,,,,,,2025-05-08
10,Reducir la desigualdad en los países y entre ellos,10.5,Mejorar la reglamentación y vigilancia de las instituciones y los mercados financieros mundiales y fortalecer la aplicación de esos reglamentos,10.5.1,Indicadores de solidez financiera,La CA de Euskadi no elabora estadísticas oficiales continuas con la metodología del indicador,,,,,notstarted,,,,,,,,,,,,,,,,,,,,,
10,Reducir la desigualdad en los países y entre ellos,10.6,"Asegurar una mayor representación e intervención de los países en desarrollo en las decisiones adoptadas por las instituciones económicas y financieras internacionales para aumentar la eficacia, fiabilidad, rendición de cuentas y legitimidad de esas instituciones",10.6.1,Proporción de miembros y derechos de voto de los países en desarrollo en organizaciones internacionales,La CA de Euskadi no elabora estadísticas oficiales continuas con la metodología del indicador,,,,,notapplicable,,,,,,,,,,,,,,,,,,,,,
10,Reducir la desigualdad en los países y entre ellos,10.7,"Facilitar la migración y la movilidad ordenadas, seguras, regulares y responsables de las personas, incluso mediante la aplicación de políticas migratorias planificadas y bien gestionadas",10.7.1,Costo de la contratación sufragado por el empleado/a en proporción a los ingresos mensuales percibidos en el país de destino,La CA de Euskadi no elabora estadísticas oficiales continuas con la metodología del indicador,,,,,notstarted,,,,,,,,,,,,,,,,,,,,,
10,Reducir la desigualdad en los países y entre ellos,10.7,"Facilitar la migración y la movilidad ordenadas, seguras, regulares y responsables de las personas, incluso mediante la aplicación de políticas migratorias planificadas y bien gestionadas",10.7.2,"Proporción de países que han aplicado políticas migratorias bien gestionadas que facilitan la migración y la movilidad ordenadas, seguras, regulares y responsables de las personas",La CA de Euskadi no elabora estadísticas oficiales continuas con la metodología del indicador,,,,,notstarted,,,,,,,,,,,,,,,,,,,,,
10,Reducir la desigualdad en los países y entre ellos,10.7,"Facilitar la migración y la movilidad ordenadas, seguras, regulares y responsables de las personas, incluso mediante la aplicación de políticas migratorias planificadas y bien gestionadas",10.7.3,Número de personas muertas o desaparecidas en el proceso de migración hacia un destino internacional,La CA de Euskadi no elabora estadísticas oficiales continuas con la metodología del indicador,,,,,notstarted,,,,,,,,,,,,,,,,,,,,,
10,Reducir la desigualdad en los países y entre ellos,10.7,"Facilitar la migración y la movilidad ordenadas, seguras, regulares y responsables de las personas, incluso mediante la aplicación de políticas migratorias planificadas y bien gestionadas",10.7.4,"Proporción de la población integrada por refugiados/as, desglosada por país de origen",Número de personas refugiadas o bajo protección internacional por cada 100.000 habitantes,<b>Dirección deseada:</b> Descenso,,,PER_100000,complete,no,no,no,line,no,,no,no,no,2015,Anual,si,descenso,si,2015,2022,56.8,,,-5.0,2025-06-16
10,Reducir la desigualdad en los países y entre ellos,10.a,"Aplicar el principio del trato especial y diferenciado para los países en desarrollo, en particular los países menos adelantados, de conformidad con los acuerdos de la Organización Mundial del Comercio",10.a.1,Proporción de líneas arancelarias que se aplican a las importaciones de los países menos adelantados y los países en desarrollo con arancel cero,La CA de Euskadi no elabora estadísticas oficiales continuas con la metodología del indicador,,,,,notstarted,,,,,,,,,,,,,,,,,,,,,
10,Reducir la desigualdad en los países y entre ellos,10.b,"Fomentar la asistencia oficial para el desarrollo y las corrientes financieras, incluida la inversión extranjera directa, para los Estados con mayores necesidades, en particular los países menos adelantados, los países africanos, los pequeños Estados insulares en desarrollo y los países en desarrollo sin litoral, en consonancia con sus planes y programas nacionales",10.b.1,"Corrientes totales de recursos para el desarrollo (por ejemplo, asistencia oficial para el desarrollo, inversión extranjera directa y otras corrientes)",La CA de Euskadi no elabora estadísticas oficiales continuas con la metodología del indicador,<b>Dirección deseada:</b> Ascenso,,,,notstarted,,,,,,,,,,,,,,,,,,,,,
10,Reducir la desigualdad en los países y entre ellos,10.c,"De aquí a 2030, reducir a menos del 3% los costos de transacción de las remesas de las y los migrantes y eliminar los corredores de remesas con un costo superior al 5%",10.c.1,Costo de las remesas en proporción a las sumas remitidas,La CA de Euskadi no elabora estadísticas oficiales continuas con la metodología del indicador,,,,,notstarted,,,,,,,,,,,,,,,,,,,,,
11,"Lograr que las ciudades y los asentamientos humanos sean inclusivos, seguros, resilientes y sostenibles",11.1,"De aquí a 2030, asegurar el acceso de todas las personas a viviendas y servicios básicos adecuados, seguros y asequibles y mejorar los barrios marginales",11.1.1,"Proporción de la población urbana que vive en barrios marginales, asentamientos informales o viviendas inadecuadas",Proporción de personas que viven en hogares con determinadas deficiencias en la vivienda,<b>Dirección deseada:</b> Descenso,EU_INDQTHSNG_HUMID,Proporción de personas que vive en una vivienda con problemas de humedad,PT,complete,no,no,no,line,no,,no,no,no,2008,Bienal,si,descenso,si,2016,2024,9.8,,,5.0,2026-04-22
11,"Lograr que las ciudades y los asentamientos humanos sean inclusivos, seguros, resilientes y sostenibles",11.1,"De aquí a 2030, asegurar el acceso de todas las personas a viviendas y servicios básicos adecuados, seguros y asequibles y mejorar los barrios marginales",11.1.1,"Proporción de la población urbana que vive en barrios marginales, asentamientos informales o viviendas inadecuadas",Proporción de personas que viven en hogares con determinadas deficiencias en la vivienda,<b>Dirección deseada:</b> Descenso,EU_INDQTHSNG_TOILET,Proporción de personas que vive en una vivienda sin retrete o bañera/ducha,PT,complete,no,no,no,line,no,,no,no,no,2008,Bienal,si,descenso,si,2016,2024,0.0,,0,5.0,2026-04-22
11,"Lograr que las ciudades y los asentamientos humanos sean inclusivos, seguros, resilientes y sostenibles",11.1,"De aquí a 2030, asegurar el acceso de todas las personas a viviendas y servicios básicos adecuados, seguros y asequibles y mejorar los barrios marginales",11.1.1,"Proporción de la población urbana que vive en barrios marginales, asentamientos informales o viviendas inadecuadas",Proporción de personas que viven en hogares con determinadas deficiencias en la vivienda,<b>Dirección deseada:</b> Descenso,EU_INDQTHSNG_NOISE,Proporción de personas que vive en una vivienda con problemas de exposición a ruidos y contaminación,PT,complete,no,no,no,line,no,,no,no,no,2008,Bienal,si,descenso,si,2014,2024,7.4,,,5.0,2026-04-22
11,"Lograr que las ciudades y los asentamientos humanos sean inclusivos, seguros, resilientes y sostenibles",11.1,"De aquí a 2030, asegurar el acceso de todas las personas a viviendas y servicios básicos adecuados, seguros y asequibles y mejorar los barrios marginales",11.1.1,"Proporción de la población urbana que vive en barrios marginales, asentamientos informales o viviendas inadecuadas",Proporción de personas que viven en hogares con determinadas deficiencias en la vivienda,<b>Dirección deseada:</b> Descenso,EU_INDQTHSNG_LIGHT,"Proporción de personas que vive en una vivienda oscura, sin luz suficiente, o escasez de luz natural",PT,complete,no,no,no,line,no,,no,no,no,2008,Bienal,si,descenso,si,2014,2024,4.3,,,5.0,2026-04-22
11,"Lograr que las ciudades y los asentamientos humanos sean inclusivos, seguros, resilientes y sostenibles",11.2,"De aquí a 2030, proporcionar acceso a sistemas de transporte seguros, asequibles, accesibles y sostenibles para todos y mejorar la seguridad vial, en particular mediante la ampliación del transporte público, prestando especial atención a las necesidades de las personas en situación de vulnerabilidad, las mujeres, los niños, las personas con discapacidad y las personas de edad",11.2.1,"Proporción de la población que tiene fácil acceso al transporte público, desglosada por sexo, edad y personas con discapacidad",La CA de Euskadi no elabora estadísticas oficiales continuas con la metodología del indicador,,,,,notstarted,,,,,,,,,,,,,,,,,,,,,
11,"Lograr que las ciudades y los asentamientos humanos sean inclusivos, seguros, resilientes y sostenibles",11.3,"De aquí a 2030, aumentar la urbanización inclusiva y sostenible y la capacidad para la planificación y la gestión participativas, integradas y sostenibles de los asentamientos humanos en todos los países",11.3.1,Relación entre la tasa de consumo de tierras y la tasa de crecimiento de la población,La CA de Euskadi no elabora estadísticas oficiales continuas con la metodología del indicador,,,,,notstarted,,,,,,,,,,,,,,,,,,,,,
11,"Lograr que las ciudades y los asentamientos humanos sean inclusivos, seguros, resilientes y sostenibles",11.3,"De aquí a 2030, aumentar la urbanización inclusiva y sostenible y la capacidad para la planificación y la gestión participativas, integradas y sostenibles de los asentamientos humanos en todos los países",11.3.2,Proporción de ciudades que cuentan con una estructura de participación directa de la sociedad civil en la planificación y la gestión urbanas y funcionan con regularidad y democráticamente,Proporción de ciudades que cuentan con una estructura de participación directa de la sociedad civil en la planificación y la gestión urbanas y funcionan con regularidad y democráticamente,<b>Dirección deseada:</b> Ascenso,,,PT,complete,no,no,no,line,no,,no,no,no,2015,Anual,si,ascenso,si,2015,2025,100.0,,100,5.0,2026-01-16
11,"Lograr que las ciudades y los asentamientos humanos sean inclusivos, seguros, resilientes y sostenibles",11.4,Redoblar los esfuerzos para proteger y salvaguardar el patrimonio cultural y natural del mundo,11.4.1,"Total de gastos per cápita destinados a la preservación, protección y conservación de todo el patrimonio cultural y natural, desglosado por fuente de financiación (pública y privada), tipo de patrimonio (cultural y natural) y nivel de gobierno (nacional, regional y local/municipal)","Gasto per cápita de las administraciones públicas autonómicas y locales en la preservación, protección y conservación del patrimonio cultural",<b>Dirección deseada:</b> Ascenso,,,EUR_PER_CAPITA,complete,no,no,no,line,no,,no,no,no,2010,Anual,si,ascenso,si,2015,2023,37.4,,,5.0,2026-09-01
11,"Lograr que las ciudades y los asentamientos humanos sean inclusivos, seguros, resilientes y sostenibles",11.5,"De aquí a 2030, reducir significativamente el número de muertes causadas por los desastres, incluidos los relacionados con el agua, y de personas afectadas por ellos, y reducir considerablemente las pérdidas económicas directas provocadas por los desastres en comparación con el producto interno bruto mundial, haciendo especial hincapié en la protección de los pobres y las personas en situaciones de vulnerabilidad",11.5.1,"Número de personas muertas, desaparecidas y afectadas directamente atribuido a desastres por cada 100.000 personas",Número de personas muertas directamente atribuido a desastres por cada 100.000 habitantes,<b>Dirección deseada:</b> Descenso,,,PER_100000_POP,complete,no,no,no,line,si,,si,si,si,2010,Anual,si,descenso,si,2015,2024,0.18,0.5,,5.0,2025-08-04
11,"Lograr que las ciudades y los asentamientos humanos sean inclusivos, seguros, resilientes y sostenibles",11.5,"De aquí a 2030, reducir significativamente el número de muertes causadas por los desastres, incluidos los relacionados con el agua, y de personas afectadas por ellos, y reducir considerablemente las pérdidas económicas directas provocadas por los desastres en comparación con el producto interno bruto mundial, haciendo especial hincapié en la protección de los pobres y las personas en situaciones de vulnerabilidad",11.5.2,Pérdidas económicas directas atribuidas a los desastres en relación con el producto interno bruto (PIB) mundial,"Indemnizaciones por daños personales, pérdidas pecuniarias y daños de bienes pagadas y/o provisionadas en proporción al PIB",<b>Dirección deseada:</b> Descenso,,,PT,complete,no,no,no,line,no,,no,si,no,2010,Anual,si,descenso,si,2015,2024,0.0,,0,5.0,2025-11-07
11,"Lograr que las ciudades y los asentamientos humanos sean inclusivos, seguros, resilientes y sostenibles",11.5,"De aquí a 2030, reducir significativamente el número de muertes causadas por los desastres, incluidos los relacionados con el agua, y de personas afectadas por ellos, y reducir considerablemente las pérdidas económicas directas provocadas por los desastres en comparación con el producto interno bruto mundial, haciendo especial hincapié en la protección de los pobres y las personas en situaciones de vulnerabilidad",11.5.3,"a) Daños en la infraestructura crítica y b) número de interrupciones de los servicios básicos, atribuidos a desastres",La CA de Euskadi no elabora estadísticas oficiales continuas con la metodología del indicador,,,,,notstarted,,,,,,,,,,,,,,,,,,,,,
11,"Lograr que las ciudades y los asentamientos humanos sean inclusivos, seguros, resilientes y sostenibles",11.6,"De aquí a 2030, reducir el impacto ambiental negativo per cápita de las ciudades, incluso prestando especial atención a la calidad del aire y la gestión de los desechos municipales y de otro tipo",11.6.1,"Proporción de residuos sólidos municipales recogidos y administrados en instalaciones controladas con respecto al total de residuos municipales generados, desglosada por ciudad","Residuos urbanos recogidos per cápita y proporción de residuos tratados, desglosados por tipo de tratamiento",<b>Dirección deseada:</b> Ascenso,EU_W_GENPCAP,Residuos urbanos recogidos per cápita,KG_PER_CAPITA,complete,no,no,no,line,no,,no,si,no,2010,Anual,si,descenso,si,2015,2024,434.1,,,1.9383348182383797,2026-06-01
11,"Lograr que las ciudades y los asentamientos humanos sean inclusivos, seguros, resilientes y sostenibles",11.6,"De aquí a 2030, reducir el impacto ambiental negativo per cápita de las ciudades, incluso prestando especial atención a la calidad del aire y la gestión de los desechos municipales y de otro tipo",11.6.1,"Proporción de residuos sólidos municipales recogidos y administrados en instalaciones controladas con respecto al total de residuos municipales generados, desglosada por ciudad","Residuos urbanos recogidos per cápita y proporción de residuos tratados, desglosados por tipo de tratamiento",<b>Dirección deseada:</b> Ascenso,EN_REF_WASCOL,Proporción de residuos urbanos recogidos y administrados en instalaciones controladas,PT,complete,no,no,no,line,no,,no,si,no,2010,Anual,si,ascenso,si,2015,2024,100.0,,100,5.0,2026-06-01
11,"Lograr que las ciudades y los asentamientos humanos sean inclusivos, seguros, resilientes y sostenibles",11.6,"De aquí a 2030, reducir el impacto ambiental negativo per cápita de las ciudades, incluso prestando especial atención a la calidad del aire y la gestión de los desechos municipales y de otro tipo",11.6.1,"Proporción de residuos sólidos municipales recogidos y administrados en instalaciones controladas con respecto al total de residuos municipales generados, desglosada por ciudad","Residuos urbanos recogidos per cápita y proporción de residuos tratados, desglosados por tipo de tratamiento",<b>Dirección deseada:</b> Ascenso,EN_MWT_TREATV,"Proporción de residuos urbanos tratados, desglosados por tipo de tratamiento",PT,complete,no,no,no,line,no,,no,si,no,2010,Anual,si,,si,,,,,,3.4691674091191897,2026-06-01
11,"Lograr que las ciudades y los asentamientos humanos sean inclusivos, seguros, resilientes y sostenibles",11.6,"De aquí a 2030, reducir el impacto ambiental negativo per cápita de las ciudades, incluso prestando especial atención a la calidad del aire y la gestión de los desechos municipales y de otro tipo",11.6.2,"Niveles medios anuales de partículas finas en suspensión (por ejemplo, PM2.5 y PM10) en las ciudades (ponderados según la población)",Niveles medios anuales de partículas finas en suspensión (PM2.5 y PM10) en las ciudades (ponderados según la población),<b>Dirección deseada:</b> Descenso,,,GPERM3,complete,no,no,no,line,no,,no,no,no,2010,Anual,si,,no,,,,,,,2025-11-11
11,"Lograr que las ciudades y los asentamientos humanos sean inclusivos, seguros, resilientes y sostenibles",11.7,"De aquí a 2030, proporcionar acceso universal a zonas verdes y espacios públicos seguros, inclusivos y accesibles, en particular para las mujeres y los niños, las personas de edad y las personas con discapacidad",11.7.1,"Proporción media de la superficie edificada de las ciudades que se dedica a espacios abiertos para uso público de todos, desglosada por sexo, edad y personas con discapacidad",Proporción media de la superficie edificada de las ciudades que se dedica a espacios abiertos para uso público de todos,<b>Dirección deseada:</b> Ascenso,,,PT,complete,no,no,no,line,no,,no,no,no,2014,Irregular / Aperiódica,si,ascenso,si,2014,2017,20.5,,,5.0,2025-05-08
11,"Lograr que las ciudades y los asentamientos humanos sean inclusivos, seguros, resilientes y sostenibles",11.7,"De aquí a 2030, proporcionar acceso universal a zonas verdes y espacios públicos seguros, inclusivos y accesibles, en particular para las mujeres y los niños, las personas de edad y las personas con discapacidad",11.7.2,"Proporción de personas que han sido víctimas de acoso no sexual o sexual en los últimos 12 meses, desglosada por sexo, edad, grado de discapacidad y lugar del hecho",Número de personas que han sido víctimas de acoso no sexual o sexual en los últimos 12 meses por cada 100.000 habitantes,<b>Dirección deseada:</b> Descenso,,,PER_100000,complete,no,no,no,line,no,,si,no,no,2015,Anual,si,descenso,si,2015,2024,34.6,,,-5.0,2026-04-22
11,"Lograr que las ciudades y los asentamientos humanos sean inclusivos, seguros, resilientes y sostenibles",11.a,"Apoyar los vínculos económicos, sociales y ambientales positivos entre las zonas urbanas, periurbanas y rurales fortaleciendo la planificación del desarrollo nacional y regional",11.a.1,"Número de países que cuentan con políticas urbanas nacionales o planes de desarrollo regionales que a) responden a la dinámica de la población, b) garantizan un desarrollo territorial equilibrado y c) aumentan el margen fiscal local","Proporción de municipios que cuentan con un plan de ordenación territorial, o que disponen de un plan urbanístico municipal","Las <a href=""https://www.euskadi.eus/directrices-de-ordenacion-territorial-dot/web01-a3lurral/es/""> Directrices de Ordenación Territorial</a> proporcionan los criterios relativos a la cuantificación residencial del planeamiento de los municipios vascos atendiendo a la variación de la población residente, la variación del tamaño medio familiar o la demanda de vivienda. Los <a href=""https://www.euskadi.eus/informacion/planes-territoriales-parciales-ptp/web01-a3lurral/es/""> Planes Territoriales Parciales</a> desarrollan las Directrices de Ordenación Territorial en los quince ámbitos geográficos,  denominados Areas Funcionales, y definen los objetivos de la ordenación a partir del análisis del estado del territorio,  de la situación socioeconómica y de sus posibilidades de evolución.",EU_CPA_PTP,Proporción de municipios cubiertos por un plan de ordenación territorial (PTP),PT,complete,no,no,no,line,si,,no,si,si,2010,Anual,no,ascenso,si,2015,2025,100.0,,100,5.0,2026-01-16
11,"Lograr que las ciudades y los asentamientos humanos sean inclusivos, seguros, resilientes y sostenibles",11.a,"Apoyar los vínculos económicos, sociales y ambientales positivos entre las zonas urbanas, periurbanas y rurales fortaleciendo la planificación del desarrollo nacional y regional",11.a.1,"Número de países que cuentan con políticas urbanas nacionales o planes de desarrollo regionales que a) responden a la dinámica de la población, b) garantizan un desarrollo territorial equilibrado y c) aumentan el margen fiscal local","Proporción de municipios que cuentan con un plan de ordenación territorial, o que disponen de un plan urbanístico municipal","Las <a href=""https://www.euskadi.eus/directrices-de-ordenacion-territorial-dot/web01-a3lurral/es/""> Directrices de Ordenación Territorial</a> proporcionan los criterios relativos a la cuantificación residencial del planeamiento de los municipios vascos atendiendo a la variación de la población residente, la variación del tamaño medio familiar o la demanda de vivienda. Los <a href=""https://www.euskadi.eus/informacion/planes-territoriales-parciales-ptp/web01-a3lurral/es/""> Planes Territoriales Parciales</a> desarrollan las Directrices de Ordenación Territorial en los quince ámbitos geográficos,  denominados Areas Funcionales, y definen los objetivos de la ordenación a partir del análisis del estado del territorio,  de la situación socioeconómica y de sus posibilidades de evolución.",EU_CPA_PGOU,Proporción de municipios que disponen de un planeamiento urbanístico municipal (PGOU o NNSS),PT,complete,no,no,no,line,si,,no,si,si,2010,Anual,no,ascenso,si,2015,2025,100.0,,100,5.0,2026-01-16
11,"Lograr que las ciudades y los asentamientos humanos sean inclusivos, seguros, resilientes y sostenibles",11.b,"De aquí a 2020, aumentar considerablemente el número de ciudades y asentamientos humanos que adoptan e implementan políticas y planes integrados para promover la inclusión, el uso eficiente de los recursos, la mitigación del cambio climático y la adaptación a él y la resiliencia ante los desastres, y desarrollar y poner en práctica, en consonancia con el Marco de Sendái para la Reducción del Riesgo de Desastres 2015‐2030, la gestión integral de los riesgos de desastre a todos los niveles",11.b.1,Número de países que adoptan y aplican estrategias nacionales de reducción del riesgo de desastres en consonancia con el Marco de Sendái para la Reducción del Riesgo de Desastres 2015‑2030,La CA de Euskadi no elabora estadísticas oficiales continuas con la metodología del indicador,,,,,complete,no,no,si,line,no,,no,no,no,,,no,,no,,,,,,,
11,"Lograr que las ciudades y los asentamientos humanos sean inclusivos, seguros, resilientes y sostenibles",11.b,"De aquí a 2020, aumentar considerablemente el número de ciudades y asentamientos humanos que adoptan e implementan políticas y planes integrados para promover la inclusión, el uso eficiente de los recursos, la mitigación del cambio climático y la adaptación a él y la resiliencia ante los desastres, y desarrollar y poner en práctica, en consonancia con el Marco de Sendái para la Reducción del Riesgo de Desastres 2015‐2030, la gestión integral de los riesgos de desastre a todos los niveles",11.b.2,Proporción de gobiernos locales que adoptan y aplican estrategias locales de reducción del riesgo de desastres en consonancia con las estrategias nacionales de reducción del riesgo de desastres,Proporción de gobiernos locales que adoptan e implementan estrategias locales de reducción del riesgo de desastres,,SG_DSR_SILS,Proporción de municipios que disponen de un plan municipal de emergencias,PT,complete,no,no,no,line,si,,no,si,si,2010,Anual,no,ascenso,si,2015,2024,35.32,,,0.9538319986407973,2025-08-14
11,"Lograr que las ciudades y los asentamientos humanos sean inclusivos, seguros, resilientes y sostenibles",11.b,"De aquí a 2020, aumentar considerablemente el número de ciudades y asentamientos humanos que adoptan e implementan políticas y planes integrados para promover la inclusión, el uso eficiente de los recursos, la mitigación del cambio climático y la adaptación a él y la resiliencia ante los desastres, y desarrollar y poner en práctica, en consonancia con el Marco de Sendái para la Reducción del Riesgo de Desastres 2015‐2030, la gestión integral de los riesgos de desastre a todos los niveles",11.b.2,Proporción de gobiernos locales que adoptan y aplican estrategias locales de reducción del riesgo de desastres en consonancia con las estrategias nacionales de reducción del riesgo de desastres,Proporción de gobiernos locales que adoptan e implementan estrategias locales de reducción del riesgo de desastres,,EU_DSR_SILS_TH,Proporción de municipios cubiertos por un plan de emergencias territorial,PT,complete,no,no,no,line,si,,no,si,si,2010,Anual,no,ascenso,si,2015,2024,100.0,,100,5.0,2025-08-14
11,"Lograr que las ciudades y los asentamientos humanos sean inclusivos, seguros, resilientes y sostenibles",11.c,"Proporcionar apoyo a los países menos adelantados, incluso mediante asistencia financiera y técnica, para que puedan construir edificios sostenibles y resilientes utilizando materiales locales",11.c.1,"Total de asistencia oficial para el desarrollo y otros flujos oficiales destinados a infraestructuras urbanas o proyectos de infraestructuras urbanas, por sector",La CA de Euskadi no elabora estadísticas oficiales continuas con la metodología del indicador,,,,,notstarted,,,,,,,,,,,,,,,,,,,,,
12,Garantizar modalidades de consumo y producción sostenibles,12.1,"Aplicar el Marco Decenal de Programas sobre Modalidades de Consumo y Producción Sostenibles, con la participación de todos los países y bajo el liderazgo de los países desarrollados, teniendo en cuenta el grado de desarrollo y las capacidades de los países en desarrollo",12.1.1,"Número de países que elaboran, adoptan o aplican instrumentos de política destinados a apoyar la transición hacia modalidades de consumo y producción sostenibles","Se elaboran, adoptan o aplican instrumentos de política destinados a apoyar la transición hacia modalidades de consumo y producción sostenibles",<b>Dirección deseada:</b> Ascenso,,,BOOL_YES_NO,complete,si,no,no,bar,no,,no,no,no,2010,Anual,si,,si,2015,2025,1.0,,,5.0,2026-01-16
12,Garantizar modalidades de consumo y producción sostenibles,12.2,"De aquí a 2030, lograr la gestión sostenible y el uso eficiente de los recursos naturales",12.2.1,"Huella material en términos absolutos, huella material per cápita y huella material por PIB",La CA de Euskadi no elabora estadísticas oficiales continuas con la metodología del indicador,,,,,notstarted,,,,,,,,,,,,,,,,,,,,,
12,Garantizar modalidades de consumo y producción sostenibles,12.2,"De aquí a 2030, lograr la gestión sostenible y el uso eficiente de los recursos naturales",12.2.2,"Consumo material interno en términos absolutos, consumo material interno per cápita y consumo material interno por PIB","Consumo material interno en términos absolutos, consumo material interno per cápita y consumo material interno por PIB",<b>Dirección deseada:</b> Descenso en la serie Consumo material interno por PIB,EN_MAT_DOMCMPT,Consumo doméstico de materiales en términos absolutos,KT,complete,no,no,no,line,no,,no,no,no,2010,Anual,no,,si,2015,2022,22897.1,,,5.0,2025-10-27
12,Garantizar modalidades de consumo y producción sostenibles,12.2,"De aquí a 2030, lograr la gestión sostenible y el uso eficiente de los recursos naturales",12.2.2,"Consumo material interno en términos absolutos, consumo material interno per cápita y consumo material interno por PIB","Consumo material interno en términos absolutos, consumo material interno per cápita y consumo material interno por PIB",<b>Dirección deseada:</b> Descenso en la serie Consumo material interno por PIB,EN_MAT_DOMCMPC,Consumo doméstico de materiales per cápita,T_PER_CAPITA,complete,no,no,no,line,no,,no,no,no,2010,Anual,no,,si,2015,2022,10.5,,,5.0,2025-10-27
12,Garantizar modalidades de consumo y producción sostenibles,12.2,"De aquí a 2030, lograr la gestión sostenible y el uso eficiente de los recursos naturales",12.2.2,"Consumo material interno en términos absolutos, consumo material interno per cápita y consumo material interno por PIB","Consumo material interno en términos absolutos, consumo material interno per cápita y consumo material interno por PIB",<b>Dirección deseada:</b> Descenso en la serie Consumo material interno por PIB,EN_MAT_DOMCMPG,Consumo doméstico de materiales por PIB,KG_PER_GDP_1000_EUR,complete,no,no,no,line,no,,no,no,no,2010,Anual,no,descenso,si,2015,2022,264.1,,,5.0,2025-10-27
12,Garantizar modalidades de consumo y producción sostenibles,12.3,"De aquí a 2030, reducir a la mitad el desperdicio de alimentos per cápita mundial en la venta al por menor y a nivel de los consumidores y reducir las pérdidas de alimentos en las cadenas de producción y suministro, incluidas las pérdidas posteriores a la cosecha",12.3.1,a) Índice de pérdidas de alimentos y b) índice de desperdicio de alimentos,a) Índice de pérdidas de alimentos y b) índice de desperdicio de alimentos,<b>Dirección deseada:</b> No evaluable,AG_FOOD_WST,Desperdicio alimentario,T,complete,no,no,no,bar,no,,no,no,no,2022,Cuatrienal,no,,no,,,,,,,2025-11-24
12,Garantizar modalidades de consumo y producción sostenibles,12.3,"De aquí a 2030, reducir a la mitad el desperdicio de alimentos per cápita mundial en la venta al por menor y a nivel de los consumidores y reducir las pérdidas de alimentos en las cadenas de producción y suministro, incluidas las pérdidas posteriores a la cosecha",12.3.1,a) Índice de pérdidas de alimentos y b) índice de desperdicio de alimentos,a) Índice de pérdidas de alimentos y b) índice de desperdicio de alimentos,<b>Dirección deseada:</b> No evaluable,AG_FOOD_WST_PC,Desperdicio alimentario per cápita,T_PER_CAPITA,complete,no,no,no,bar,no,,no,no,no,2022,Cuatrienal,no,,no,,,,,,,2025-11-24
12,Garantizar modalidades de consumo y producción sostenibles,12.4,"De aquí a 2020, lograr la gestión ecológicamente racional de los productos químicos y de todos los desechos a lo largo de su ciclo de vida, de conformidad con los marcos internacionales convenidos, y reducir significativamente su liberación a la atmósfera, el agua y el suelo a fin de minimizar sus efectos adversos en la salud humana y el medio ambiente",12.4.1,Número de partes en los acuerdos ambientales multilaterales internacionales sobre desechos peligrosos y otros productos químicos que cumplen sus compromisos y obligaciones de transmitir información como se exige en cada uno de esos acuerdos,La CA de Euskadi no elabora estadísticas oficiales continuas con la metodología del indicador,"El indicador se refiere al número de Estados (Partes) que han ratificado, aceptado, aprobado o se han adherido a los  siguientes cinco Acuerdos Ambientales Multilaterales (AAM). Estos acuerdos están regulados en el ámbito de la  Unión Europea, aunque la información requerida por las Secretarías de las respectivas Convenciones se gestiona a  nivel estatal. Los cinco acuerdos y las bases legales europeas son:   1. <a href=""http://www.basel.int/"">Convenio de Basilea</a> sobre el control de los movimientos transfronterizos de los residuos peligrosos y su eliminación:   <a href=""https://eur-lex.europa.eu/legal-content/ES/ALL/?uri=celex%3A32006R1013""> Reglamento (CE)  1013/2006 del Parlamento Europeo y del Consejo</a>, de 14 de junio de 2006 , relativo a los traslados de residuos    2. <a href=""http://www.pic.int/"">Convenio de Róterdam</a> sobre el procedimiento de consentimiento fundamentado previo aplicable a ciertos plaguicidas y productos químicos peligrosos objeto de comercio internacional: <a href=""https://eur-lex.europa.eu/legal-content/ES/TXT/?qid=1616424284711&uri=CELEX%3A32012R0649"">Reglamento (UE) 649/2012 del Parlamento Europeo y del Consejo</a>, de 4 de julio de 2012 , relativo a la exportación e importación de productos químicos peligrosos   3. <a href=""http://www.pops.int/"">Convenio de Estocolmo</a> sobre contaminantes orgánicos persistentes: <a href=""https://eur-lex.europa.eu/legal-content/ES/TXT/?qid=1616424312742&uri=CELEX%3A32019R1021"">Reglamento (UE) 2019/1021 del Parlamento Europeo y del Consejo</a>, de 20 de junio de 2019, sobre contaminantes orgánicos persistentes   4. <a href=""https://ozone.unep.org/treaties/montreal-protocol"">Protocolo de Montreal</a> relativo a las sustancias que agotan la capa de ozono: <a href=""https://eur-lex.europa.eu/legal-content/ES/TXT/?qid=1616423953157&uri=CELEX%3A32009R1005"">Reglamento (CE) 1005/2009 del Parlamento Europeo y del Consejo</a>, de 16 de septiembre de 2009 , sobre las sustancias que agotan la capa de ozono   5. <a href=""http://www.mercuryconvention.org/"">Convenio de Minamata</a> sobre el mercurio: <a href=""https://eur-lex.europa.eu/legal-content/ES/TXT/?qid=1616424340862&uri=CELEX%3A32017R0852"">Reglamento (UE) 2017/852 del Parlamento Europeo y del Consejo</a>, de 17 de mayo de 2017, sobre el mercurio",,,,notapplicable,,,,,,,,,,,,,,,,,,,,,
12,Garantizar modalidades de consumo y producción sostenibles,12.4,"De aquí a 2020, lograr la gestión ecológicamente racional de los productos químicos y de todos los desechos a lo largo de su ciclo de vida, de conformidad con los marcos internacionales convenidos, y reducir significativamente su liberación a la atmósfera, el agua y el suelo a fin de minimizar sus efectos adversos en la salud humana y el medio ambiente",12.4.2,"a) Desechos peligrosos generados per cápita y b) proporción de desechos peligrosos tratados, desglosados por tipo de tratamiento","a) Desechos peligrosos generados per cápita y b) proporción de desechos peligrosos tratados, desglosados por tipo de tratamiento",<b>Dirección deseada:</b> Ascenso en la proporción de residuos peligrosos reciclados,EN_HAZ_PCAP,Residuos peligrosos generados per cápita,KG_PER_CAPITA,complete,no,no,no,line,no,,no,si,no,2010,Anual,no,,no,,,,,,,2026-06-01
12,Garantizar modalidades de consumo y producción sostenibles,12.4,"De aquí a 2020, lograr la gestión ecológicamente racional de los productos químicos y de todos los desechos a lo largo de su ciclo de vida, de conformidad con los marcos internacionales convenidos, y reducir significativamente su liberación a la atmósfera, el agua y el suelo a fin de minimizar sus efectos adversos en la salud humana y el medio ambiente",12.4.2,"a) Desechos peligrosos generados per cápita y b) proporción de desechos peligrosos tratados, desglosados por tipo de tratamiento","a) Desechos peligrosos generados per cápita y b) proporción de desechos peligrosos tratados, desglosados por tipo de tratamiento",<b>Dirección deseada:</b> Ascenso en la proporción de residuos peligrosos reciclados,EN_HAZ_TREAT,"Proporción de residuos peligrosos tratados, desglosados por tipo de tratamiento",PT,complete,no,no,no,line,no,,no,si,no,2010,Anual,no,,no,,,,,,,2026-06-01
12,Garantizar modalidades de consumo y producción sostenibles,12.5,"De aquí a 2030, reducir considerablemente la generación de desechos mediante actividades de prevención, reducción, reciclado y reutilización",12.5.1,"Tasa nacional de reciclado, en toneladas de material reciclado",Proporción de residuos municipales reciclados en relación al total de residuos municipales generados y tratados,<b>Dirección deseada:</b> Ascenso,,,PT,complete,no,no,no,line,no,,no,si,no,2010,Anual,si,ascenso,si,2015,2024,32.4,,,-2.134988045564307,2026-06-02
12,Garantizar modalidades de consumo y producción sostenibles,12.6,"Alentar a las empresas, en especial las grandes empresas y las empresas transnacionales, a que adopten prácticas sostenibles e incorporen información sobre la sostenibilidad en su ciclo de presentación de informes",12.6.1,Número de empresas que publican informes sobre sostenibilidad,Número de organizaciones con EMAS o Ecolabel,<b>Dirección deseada:</b> Ascenso,EU_EMAS,Número de organizaciones con Sistema comunitario de gestión y auditoría medioambiental (EMAS),ORGANISATIONS,complete,no,no,no,line,no,,no,si,no,2010,Anual,si,ascenso,si,2021,2023,99.0,,,5.0,2025-06-11
12,Garantizar modalidades de consumo y producción sostenibles,12.6,"Alentar a las empresas, en especial las grandes empresas y las empresas transnacionales, a que adopten prácticas sostenibles e incorporen información sobre la sostenibilidad en su ciclo de presentación de informes",12.6.1,Número de empresas que publican informes sobre sostenibilidad,Número de organizaciones con EMAS o Ecolabel,<b>Dirección deseada:</b> Ascenso,EU_ECOLABEL,Número de licencias de Ecolabel (Etiqueta Ecológica Europea ),LICENCES,complete,no,no,no,line,no,,no,si,no,2010,Anual,si,ascenso,si,2015,2024,65.0,,,5.0,2025-06-11
12,Garantizar modalidades de consumo y producción sostenibles,12.7,"Promover prácticas de adquisición pública que sean sostenibles, de conformidad con las políticas y prioridades nacionales",12.7.1,Número de países que aplican políticas y planes de acción sostenibles en materia de adquisiciones públicas,Nivel de implementación de las políticas de contratación pública sostenible,<b>Dirección deseada:</b> Ascenso,_L_ES_120701_01,Nivel de implementación de las políticas de contratación pública sostenible,IX,complete,no,no,no,bar,no,,no,no,no,2022,Trienal,si,ascenso,si,2022,2025,84.0,,100,5.0,2026-05-20
12,Garantizar modalidades de consumo y producción sostenibles,12.8,"De aquí a 2030, asegurar que las personas de todo el mundo tengan la información y los conocimientos pertinentes para el desarrollo sostenible y los estilos de vida en armonía con la naturaleza",12.8.1,"Grado en que i) la educación para la ciudadanía mundial y ii) la educación para el desarrollo sostenible se incorporan en a) las políticas nacionales de educación, b) los planes de estudio, c) la formación de docentes y d) la evaluación de las y los estudiantes",La CA de Euskadi no elabora estadísticas oficiales continuas con la metodología del indicador,,,,,notstarted,,,,,,,,,,,,,,,,,,,,,
12,Garantizar modalidades de consumo y producción sostenibles,12.a,Ayudar a los países en desarrollo a fortalecer su capacidad científica y tecnológica para avanzar hacia modalidades de consumo y producción más sostenibles,12.a.1,Capacidad instalada de generación de energía renovable en los países en desarrollo y en los países desarrollados (en vatios per cápita),Capacidad instalada de generación de energía renovable (en vatios per cápita),,,,W_PER_CAPITA,complete,no,no,no,line,si,,no,si,si,2010,Anual,si,ascenso,si,2015,2024,248.9,,,5.0,2026-05-18
12,Garantizar modalidades de consumo y producción sostenibles,12.b,"Elaborar y aplicar instrumentos para vigilar los efectos en el desarrollo sostenible, a fin de lograr un turismo sostenible que cree puestos de trabajo y promueva la cultura y los productos locales",12.b.1,Aplicación de instrumentos normalizados de contabilidad para hacer un seguimiento de los aspectos económicos y ambientales de la sostenibilidad del turismo,La CA de Euskadi no elabora estadísticas oficiales continuas con la metodología del indicador,,,,,notstarted,,,,,,,,,,,,,,,,,,,,,
12,Garantizar modalidades de consumo y producción sostenibles,12.c,"Racionalizar los subsidios ineficientes a los combustibles fósiles que fomentan el consumo antieconómico eliminando las distorsiones del mercado, de acuerdo con las circunstancias nacionales, incluso mediante la reestructuración de los sistemas tributarios y la eliminación gradual de los subsidios perjudiciales, cuando existan, para reflejar su impacto ambiental, teniendo plenamente en cuenta las necesidades y condiciones específicas de los países en desarrollo y minimizando los posibles efectos adversos en su desarrollo, de manera que se proteja a las y los pobres y a las comunidades afectadas",12.c.1,Cuantía de los subsidios a los combustibles fósiles (producción y consumo) por unidad del PIB,La CA de Euskadi no elabora estadísticas oficiales continuas con la metodología del indicador,,,,,notstarted,,,,,,,,,,,,,,,,,,,,,
13,Adoptar medidas urgentes para combatir el cambio climático y sus efectos,13.1,Fortalecer la resiliencia y la capacidad de adaptación a los riesgos relacionados con el clima y los desastres naturales en todos los países,13.1.1,"Número de personas muertas, desaparecidas y afectadas directamente atribuido a desastres por cada 100.000 personas",Número de personas muertas directamente atribuido a desastres por cada 100.000 habitantes,<b>Dirección deseada:</b> Descenso,,,PER_100000_POP,complete,no,no,no,line,si,,si,si,si,2010,Anual,si,descenso,si,2015,2024,0.18,0.5,,5.0,2025-08-04
13,Adoptar medidas urgentes para combatir el cambio climático y sus efectos,13.1,Fortalecer la resiliencia y la capacidad de adaptación a los riesgos relacionados con el clima y los desastres naturales en todos los países,13.1.2,Número de países que adoptan y aplican estrategias nacionales de reducción del riesgo de desastres en consonancia con el Marco de Sendái para la Reducción del Riesgo de Desastres 2015‑2030,La CA de Euskadi no elabora estadísticas oficiales continuas con la metodología del indicador,,,,,complete,no,no,si,line,no,,no,no,no,,,no,,no,,,,,,,
13,Adoptar medidas urgentes para combatir el cambio climático y sus efectos,13.1,Fortalecer la resiliencia y la capacidad de adaptación a los riesgos relacionados con el clima y los desastres naturales en todos los países,13.1.3,Proporción de gobiernos locales que adoptan y aplican estrategias locales de reducción del riesgo de desastres en consonancia con las estrategias nacionales de reducción del riesgo de desastres,Proporción de gobiernos locales que adoptan e implementan estrategias locales de reducción del riesgo de desastres,,SG_DSR_SILS,Proporción de municipios que disponen de un plan municipal de emergencias,PT,complete,no,no,no,line,si,,no,si,si,2010,Anual,no,ascenso,si,2015,2024,35.32,,,0.9538319986407973,2025-08-14
13,Adoptar medidas urgentes para combatir el cambio climático y sus efectos,13.1,Fortalecer la resiliencia y la capacidad de adaptación a los riesgos relacionados con el clima y los desastres naturales en todos los países,13.1.3,Proporción de gobiernos locales que adoptan y aplican estrategias locales de reducción del riesgo de desastres en consonancia con las estrategias nacionales de reducción del riesgo de desastres,Proporción de gobiernos locales que adoptan e implementan estrategias locales de reducción del riesgo de desastres,,EU_DSR_SILS_TH,Proporción de municipios cubiertos por un plan de emergencias territorial,PT,complete,no,no,no,line,si,,no,si,si,2010,Anual,no,ascenso,si,2015,2024,100.0,,100,5.0,2025-08-14
13,Adoptar medidas urgentes para combatir el cambio climático y sus efectos,13.2,"Incorporar medidas relativas al cambio climático en las políticas, estrategias y planes nacionales",13.2.1,"Número de países con contribuciones determinadas a nivel nacional, estrategias a largo plazo, planes nacionales de adaptación y comunicaciones sobre la adaptación, notificadas a la secretaría de la Convención Marco de las Naciones Unidas sobre el Cambio Climático",La CA de Euskadi no elabora estadísticas oficiales continuas con la metodología del indicador,"La Unión Europea y sus Estados miembros presentaron su contribución determinada a nivel nacional (NDC) en octubre de 2016,  con un objetivo de reducción de al menos el 40% de las emisiones de gases de efecto invernadero en toda la economía para 2030, en comparación con los niveles de 1990.  En <a href=""https://unfccc.int/sites/default/files/NDC/2023-10/ES-2023-10-17%20EU%20submission%20NDC%20update.pdf"" target=""_blank"">octubre de 2023 se presentó  la última actualización de la contribución determinada a nivel nacional</a> de la Unión Europea y sus Estados miembros.  En octubre de 2021, el Gobierno vasco adoptó el Plan de Transición Energética y Cambio Climático 2021-2024, en el que se fijan los objetivos climáticos para el año 2024: reducir en un 30% la emisión de gases de efecto invernadero; lograr que la cuota de energías renovables represente el 20% del consumo final de energía; y asegurar la resiliencia del territorio vasco al cambio climático.",,,,complete,no,no,si,line,no,,no,no,no,,,no,,no,,,,,,,
13,Adoptar medidas urgentes para combatir el cambio climático y sus efectos,13.2,"Incorporar medidas relativas al cambio climático en las políticas, estrategias y planes nacionales",13.2.2,Emisiones totales de gases de efecto invernadero por año,"Emisiones totales de gases de efecto invernadero (GEI), por unidad de PIB real, per cápita, y tasas de variación respecto a 1990 y 2005",<b>Dirección deseada:</b> Descenso en todas las series. El objetivo es que en 2030 las emisiones de gases de efecto invernadero sean menos del 45% de las de 1990 (objetivo de la UE).,EN_ATM_GHGT_AIP,Emisiones totales de gases de efecto invernadero por año,TCO2E,complete,no,no,no,line,no,,no,no,no,2010,Anual,si,descenso,si,2015,2023,16193878.49,,,5.0,2025-11-11
13,Adoptar medidas urgentes para combatir el cambio climático y sus efectos,13.2,"Incorporar medidas relativas al cambio climático en las políticas, estrategias y planes nacionales",13.2.2,Emisiones totales de gases de efecto invernadero por año,"Emisiones totales de gases de efecto invernadero (GEI), por unidad de PIB real, per cápita, y tasas de variación respecto a 1990 y 2005",<b>Dirección deseada:</b> Descenso en todas las series. El objetivo es que en 2030 las emisiones de gases de efecto invernadero sean menos del 45% de las de 1990 (objetivo de la UE).,EN_ATM_GHGGDP,Emisiones totales de gases de efecto invernadero por unidad de PIB,KG_CO2_EQ_PER_GDP_EUR,complete,no,no,no,line,no,,no,no,no,2010,Anual,si,,si,2015,2023,0.18,,,4.688056633065107,2025-11-11
13,Adoptar medidas urgentes para combatir el cambio climático y sus efectos,13.2,"Incorporar medidas relativas al cambio climático en las políticas, estrategias y planes nacionales",13.2.2,Emisiones totales de gases de efecto invernadero por año,"Emisiones totales de gases de efecto invernadero (GEI), por unidad de PIB real, per cápita, y tasas de variación respecto a 1990 y 2005",<b>Dirección deseada:</b> Descenso en todas las series. El objetivo es que en 2030 las emisiones de gases de efecto invernadero sean menos del 45% de las de 1990 (objetivo de la UE).,EN_ATM_GHGPC,Emisiones totales de gases de efecto invernadero per cápita,T_CO2_PER_CAPITA,complete,no,no,no,line,no,,no,no,no,2010,Anual,si,,si,2015,2023,7.36,,,4.688056633065107,2025-11-11
13,Adoptar medidas urgentes para combatir el cambio climático y sus efectos,13.2,"Incorporar medidas relativas al cambio climático en las políticas, estrategias y planes nacionales",13.2.2,Emisiones totales de gases de efecto invernadero por año,"Emisiones totales de gases de efecto invernadero (GEI), por unidad de PIB real, per cápita, y tasas de variación respecto a 1990 y 2005",<b>Dirección deseada:</b> Descenso en todas las series. El objetivo es que en 2030 las emisiones de gases de efecto invernadero sean menos del 45% de las de 1990 (objetivo de la UE).,EU_GHG_TV1990,Emisiones de gases de efecto invernadero respecto al año 1990,PT,complete,no,no,no,line,no,,no,no,no,2010,Anual,si,descenso,si,2015,2023,-21.98,-45.0,,4.376113266130213,2025-11-11
13,Adoptar medidas urgentes para combatir el cambio climático y sus efectos,13.2,"Incorporar medidas relativas al cambio climático en las políticas, estrategias y planes nacionales",13.2.2,Emisiones totales de gases de efecto invernadero por año,"Emisiones totales de gases de efecto invernadero (GEI), por unidad de PIB real, per cápita, y tasas de variación respecto a 1990 y 2005",<b>Dirección deseada:</b> Descenso en todas las series. El objetivo es que en 2030 las emisiones de gases de efecto invernadero sean menos del 45% de las de 1990 (objetivo de la UE).,EU_GHG_TV2005,Emisiones de gases de efecto invernadero respecto al año 2005,PT,complete,no,no,no,line,no,,no,no,no,2010,Anual,si,,si,2015,2023,-36.55,,,4.688056633065107,2025-11-11
13,Adoptar medidas urgentes para combatir el cambio climático y sus efectos,13.3,"Mejorar la educación, la sensibilización y la capacidad humana e institucional respecto de la mitigación del cambio climático, la adaptación a él, la reducción de sus efectos y la alerta temprana",13.3.1,"Grado en que i) la educación para la ciudadanía mundial y ii) la educación para el desarrollo sostenible se incorporan en a) las políticas nacionales de educación, b) los planes de estudio, c) la formación de docentes y d) la evaluación de las y los estudiantes",La CA de Euskadi no elabora estadísticas oficiales continuas con la metodología del indicador,,,,,notstarted,,,,,,,,,,,,,,,,,,,,,
13,Adoptar medidas urgentes para combatir el cambio climático y sus efectos,13.a,"Cumplir el compromiso de los países desarrollados que son partes en la Convención Marco de las Naciones Unidas sobre el Cambio Climático de lograr para el año 2020 el objetivo de movilizar conjuntamente 100.000 millones de dólares anuales procedentes de todas las fuentes a fin de atender las necesidades de los países en desarrollo respecto de la adopción de medidas concretas de mitigación y la transparencia de su aplicación, y poner en pleno funcionamiento el Fondo Verde para el Clima capitalizándolo lo antes posible",13.a.1,Cantidades proporcionadas y movilizadas en dólares de los Estados Unidos al año en relación con el objetivo actual mantenido de movilización colectiva de 100.000 millones de dólares de aquí a 2025,La CA de Euskadi no elabora estadísticas oficiales continuas con la metodología del indicador,,,,,notapplicable,,,,,,,,,,,,,,,,,,,,,
13,Adoptar medidas urgentes para combatir el cambio climático y sus efectos,13.b,"Promover mecanismos para aumentar la capacidad para la planificación y gestión eficaces en relación con el cambio climático en los países menos adelantados y los pequeños Estados insulares en desarrollo, haciendo particular hincapié en las mujeres, los jóvenes y las comunidades locales y marginadas",13.b.1,"Número de países menos adelantados y pequeños Estados insulares en desarrollo con contribuciones determinadas a nivel nacional, estrategias a largo plazo, planes nacionales de adaptación y comunicaciones sobre la adaptación, notificadas a la secretaría de la Convención Marco de las Naciones Unidas sobre el Cambio Climático",La CA de Euskadi no elabora estadísticas oficiales continuas con la metodología del indicador,,,,,notapplicable,,,,,,,,,,,,,,,,,,,,,
14,"Conservar y utilizar sosteniblemente los océanos, los mares y los recursos marinos para el desarrollo sostenible",14.1,"De aquí a 2025, prevenir y reducir significativamente la contaminación marina de todo tipo, en particular la producida por actividades realizadas en tierra, incluidos los detritos marinos y la polución por nutrientes",14.1.1,a) Índice de eutrofización costera; y b) densidad de detritos plásticos,La CA de Euskadi no elabora estadísticas oficiales continuas con la metodología del indicador,,,,,notstarted,,,,,,,,,,,,,,,,,,,,,
14,"Conservar y utilizar sosteniblemente los océanos, los mares y los recursos marinos para el desarrollo sostenible",14.2,"De aquí a 2020, gestionar y proteger sosteniblemente los ecosistemas marinos y costeros para evitar efectos adversos importantes, incluso fortaleciendo su resiliencia, y adoptar medidas para restaurarlos a fin de restablecer la salud y la productividad de los océanos",14.2.1,Número de países que aplican enfoques basados en los ecosistemas para gestionar las zonas marinas,La CA de Euskadi no elabora estadísticas oficiales continuas con la metodología del indicador,,,,,notstarted,,,,,,,,,,,,,,,,,,,,,
14,"Conservar y utilizar sosteniblemente los océanos, los mares y los recursos marinos para el desarrollo sostenible",14.3,"Minimizar y abordar los efectos de la acidificación de los océanos, incluso mediante una mayor cooperación científica a todos los niveles",14.3.1,Acidez media del mar (pH) medida en un conjunto convenido de estaciones de muestreo representativas,Acidez media del mar (pH) medida en un conjunto convenido de estaciones de muestreo representativas,<b>Dirección deseada:</b> Ascenso,,,PH,complete,no,no,no,line,no,,no,no,no,2010,Anual,si,ascenso,si,2015,2024,8.05,,,-0.06891802251576817,2026-06-10
14,"Conservar y utilizar sosteniblemente los océanos, los mares y los recursos marinos para el desarrollo sostenible",14.4,"De aquí a 2020, reglamentar eficazmente la explotación pesquera y poner fin a la pesca excesiva, la pesca ilegal, no declarada y no reglamentada y las prácticas pesqueras destructivas, y aplicar planes de gestión con fundamento científico a fin de restablecer las poblaciones de peces en el plazo más breve posible, al menos alcanzando niveles que puedan producir el máximo rendimiento sostenible de acuerdo con sus características biológicas",14.4.1,Proporción de poblaciones de peces cuyos niveles son biológicamente sostenibles,La CA de Euskadi no elabora estadísticas oficiales continuas con la metodología del indicador,,,,,notstarted,,,,,,,,,,,,,,,,,,,,,
14,"Conservar y utilizar sosteniblemente los océanos, los mares y los recursos marinos para el desarrollo sostenible",14.5,"De aquí a 2020, conservar al menos el 10% de las zonas costeras y marinas, de conformidad con las leyes nacionales y el derecho internacional y sobre la base de la mejor información científica disponible",14.5.1,Cobertura de las zonas protegidas en relación con las zonas marinas,Cobertura de las zonas protegidas en relación con las zonas marinas,<b>Dirección deseada:</b> Ascenso,,,PT,complete,no,no,no,bar,no,,no,no,no,2024,Irregular / Aperiódica,no,,no,,,,,,,2025-08-19
14,"Conservar y utilizar sosteniblemente los océanos, los mares y los recursos marinos para el desarrollo sostenible",14.6,"De aquí a 2020, prohibir ciertas formas de subvenciones a la pesca que contribuyen a la sobrecapacidad y la pesca excesiva, eliminar las subvenciones que contribuyen a la pesca ilegal, no declarada y no reglamentada y abstenerse de introducir nuevas subvenciones de esa índole, reconociendo que la negociación sobre las subvenciones a la pesca en el marco de la Organización Mundial del Comercio debe incluir un trato especial y diferenciado, apropiado y efectivo para los países en desarrollo y los países menos adelantados",14.6.1,"Grado de aplicación de instrumentos internacionales cuyo objetivo es combatir la pesca ilegal, no declarada y no reglamentada",La CA de Euskadi no elabora estadísticas oficiales continuas con la metodología del indicador,,,,,notstarted,,,,,,,,,,,,,,,,,,,,,
14,"Conservar y utilizar sosteniblemente los océanos, los mares y los recursos marinos para el desarrollo sostenible",14.7,"De aquí a 2030, aumentar los beneficios económicos que los pequeños Estados insulares en desarrollo y los países menos adelantados obtienen del uso sostenible de los recursos marinos, en particular mediante la gestión sostenible de la pesca, la acuicultura y el turismo",14.7.1,"Proporción del PIB correspondiente a la pesca sostenible en los pequeños Estados insulares en desarrollo, en los países menos adelantados y en todos los países",La CA de Euskadi no elabora estadísticas oficiales continuas con la metodología del indicador,,,,,notstarted,,,,,,,,,,,,,,,,,,,,,
14,"Conservar y utilizar sosteniblemente los océanos, los mares y los recursos marinos para el desarrollo sostenible",14.a,"Aumentar los conocimientos científicos, desarrollar la capacidad de investigación y transferir tecnología marina, teniendo en cuenta los Criterios y Directrices para la Transferencia de Tecnología Marina de la Comisión Oceanográfica Intergubernamental, a fin de mejorar la salud de los océanos y potenciar la contribución de la biodiversidad marina al desarrollo de los países en desarrollo, en particular los pequeños Estados insulares en desarrollo y los países menos adelantados",14.a.1,Proporción del presupuesto total de investigación asignada a la investigación en el campo de la tecnología marina,La CA de Euskadi no elabora estadísticas oficiales continuas con la metodología del indicador,,,,,notstarted,,,,,,,,,,,,,,,,,,,,,
14,"Conservar y utilizar sosteniblemente los océanos, los mares y los recursos marinos para el desarrollo sostenible",14.b,Facilitar el acceso de los pescadores artesanales a los recursos marinos y los mercados,14.b.1,"Grado de aplicación de un marco jurídico, reglamentario, normativo o institucional que reconozca y proteja los derechos de acceso para la pesca en pequeña escala",La CA de Euskadi no elabora estadísticas oficiales continuas con la metodología del indicador,,,,,notstarted,,,,,,,,,,,,,,,,,,,,,
14,"Conservar y utilizar sosteniblemente los océanos, los mares y los recursos marinos para el desarrollo sostenible",14.c,"Mejorar la conservación y el uso sostenible de los océanos y sus recursos aplicando el derecho internacional reflejado en la Convención de las Naciones Unidas sobre el Derecho del Mar, que constituye el marco jurídico para la conservación y la utilización sostenible de los océanos y sus recursos, como se recuerda en el párrafo 158 del documento “El futuro que queremos”",14.c.1,"Número de países que, mediante marcos jurídicos, normativos e institucionales, avanzan en la ratificación, la aceptación y la implementación de los instrumentos relacionados con los océanos que aplican el derecho internacional reflejado en la Convención de las Naciones Unidas sobre el Derecho del Mar para la conservación y el uso sostenible de los océanos y sus recursos",La CA de Euskadi no elabora estadísticas oficiales continuas con la metodología del indicador,,,,,notstarted,,,,,,,,,,,,,,,,,,,,,
15,"Proteger, restablecer y promover el uso sostenible de los ecosistemas terrestres, gestionar sosteniblemente los bosques, luchar contra la desertificación, detener e invertir la degradación de las tierras y detener la pérdida de biodiversidad",15.1,"De aquí a 2020, asegurar la conservación, el restablecimiento y el uso sostenible de los ecosistemas terrestres y los ecosistemas interiores de agua dulce y sus servicios, en particular los bosques, los humedales, las montañas y las zonas áridas, en consonancia con las obligaciones contraídas en virtud de acuerdos internacionales",15.1.1,Superficie forestal en proporción a la superficie total,Superficie forestal en proporción a la superficie total,<b>Dirección deseada:</b> Ascenso,AG_LND_FRST,Superficie forestal en proporción a la superficie total,PT,complete,no,no,no,line,si,,no,si,si,2010,Anual,si,ascenso,si,2016,2024,54.8,,,-0.056967088562842605,2026-04-22
15,"Proteger, restablecer y promover el uso sostenible de los ecosistemas terrestres, gestionar sosteniblemente los bosques, luchar contra la desertificación, detener e invertir la degradación de las tierras y detener la pérdida de biodiversidad",15.1,"De aquí a 2020, asegurar la conservación, el restablecimiento y el uso sostenible de los ecosistemas terrestres y los ecosistemas interiores de agua dulce y sus servicios, en particular los bosques, los humedales, las montañas y las zonas áridas, en consonancia con las obligaciones contraídas en virtud de acuerdos internacionales",15.1.2,"Proporción de lugares importantes para la biodiversidad terrestre y del agua dulce incluidos en zonas protegidas, desglosada por tipo de ecosistema",Proporción de lugares importantes para la biodiversidad terrestre y del agua dulce incluidos en zonas protegidas,<b>Dirección deseada:</b> Ascenso,,,PT,complete,no,no,no,bar,no,,no,si,no,2024,Irregular / Aperiódica,no,,no,,,,,,,2025-08-04
15,"Proteger, restablecer y promover el uso sostenible de los ecosistemas terrestres, gestionar sosteniblemente los bosques, luchar contra la desertificación, detener e invertir la degradación de las tierras y detener la pérdida de biodiversidad",15.1,"De aquí a 2020, asegurar la conservación, el restablecimiento y el uso sostenible de los ecosistemas terrestres y los ecosistemas interiores de agua dulce y sus servicios, en particular los bosques, los humedales, las montañas y las zonas áridas, en consonancia con las obligaciones contraídas en virtud de acuerdos internacionales",15.1.E1,,Superficie de las áreas terrestres protegidas (km2 y porcentaje) (Indicador UE sdg_15_20),<b>Dirección deseada:</b> Ascenso,EU_SDG_15_20_KM2,Superficie de las áreas terrestres protegidas (Km2),KM2,complete,no,no,no,line,no,,no,no,no,2015,Trienal,no,ascenso,si,2015,2021,1714.1,,,0.37632082113175924,2025-05-08
15,"Proteger, restablecer y promover el uso sostenible de los ecosistemas terrestres, gestionar sosteniblemente los bosques, luchar contra la desertificación, detener e invertir la degradación de las tierras y detener la pérdida de biodiversidad",15.1,"De aquí a 2020, asegurar la conservación, el restablecimiento y el uso sostenible de los ecosistemas terrestres y los ecosistemas interiores de agua dulce y sus servicios, en particular los bosques, los humedales, las montañas y las zonas áridas, en consonancia con las obligaciones contraídas en virtud de acuerdos internacionales",15.1.E1,,Superficie de las áreas terrestres protegidas (km2 y porcentaje) (Indicador UE sdg_15_20),<b>Dirección deseada:</b> Ascenso,EU_SDG_15_20_PT,Proporción de la superficie terrestre protegida respecto a la superficie terrestre,PT,complete,no,no,no,line,no,,no,no,no,2015,Trienal,no,ascenso,si,2015,2021,23.7,,,0.3533589479849941,2025-05-08
15,"Proteger, restablecer y promover el uso sostenible de los ecosistemas terrestres, gestionar sosteniblemente los bosques, luchar contra la desertificación, detener e invertir la degradación de las tierras y detener la pérdida de biodiversidad",15.2,"De aquí a 2020, promover la puesta en práctica de la gestión sostenible de todos los tipos de bosques, detener la deforestación, recuperar los bosques degradados y aumentar considerablemente la forestación y la reforestación a nivel mundial",15.2.1,Avances hacia la gestión forestal sostenible,Avances hacia la gestión forestal sostenible,<b>Dirección deseada:</b> Ascenso,AG_LND_FRSTMGT_HA,Superficie forestal con instrumentos de gestión sostenible vigentes,HA,complete,no,no,no,line,no,,no,no,no,2011,Anual,si,ascenso,si,2015,2023,107478.0,,,5.0,2025-08-19
15,"Proteger, restablecer y promover el uso sostenible de los ecosistemas terrestres, gestionar sosteniblemente los bosques, luchar contra la desertificación, detener e invertir la degradación de las tierras y detener la pérdida de biodiversidad",15.2,"De aquí a 2020, promover la puesta en práctica de la gestión sostenible de todos los tipos de bosques, detener la deforestación, recuperar los bosques degradados y aumentar considerablemente la forestación y la reforestación a nivel mundial",15.2.1,Avances hacia la gestión forestal sostenible,Avances hacia la gestión forestal sostenible,<b>Dirección deseada:</b> Ascenso,AG_LND_FRSTMGT,Proporción de la superficie forestal con instrumentos de gestión sostenible vigentes,PT,complete,no,no,no,line,no,,no,no,no,2011,Anual,si,ascenso,si,2015,2023,21.96,,,5.0,2025-08-19
15,"Proteger, restablecer y promover el uso sostenible de los ecosistemas terrestres, gestionar sosteniblemente los bosques, luchar contra la desertificación, detener e invertir la degradación de las tierras y detener la pérdida de biodiversidad",15.3,"De aquí a 2030, luchar contra la desertificación, rehabilitar las tierras y los suelos degradados, incluidas las tierras afectadas por la desertificación, la sequía y las inundaciones, y procurar lograr un mundo con efecto neutro en la degradación de las tierras",15.3.1,Proporción de tierras degradadas en comparación con la superficie total,Superficie de suelos potencialmente contaminados y recuperados para nuevos usos,<b>Dirección deseada:</b> Ascenso,EU_LND_REM,Superficie de suelo recuperado para nuevos usos (acumulado),HA,complete,no,no,no,line,no,,no,no,no,2010,Anual,no,ascenso,si,2015,2022,1464.9,,,5.0,2025-05-08
15,"Proteger, restablecer y promover el uso sostenible de los ecosistemas terrestres, gestionar sosteniblemente los bosques, luchar contra la desertificación, detener e invertir la degradación de las tierras y detener la pérdida de biodiversidad",15.3,"De aquí a 2030, luchar contra la desertificación, rehabilitar las tierras y los suelos degradados, incluidas las tierras afectadas por la desertificación, la sequía y las inundaciones, y procurar lograr un mundo con efecto neutro en la degradación de las tierras",15.3.1,Proporción de tierras degradadas en comparación con la superficie total,Superficie de suelos potencialmente contaminados y recuperados para nuevos usos,<b>Dirección deseada:</b> Ascenso,EU_LND_REM_PT,Porcentaje de suelo recuperado para nuevos usos (acumulado),PT,complete,no,no,no,line,no,,no,no,no,2010,Anual,no,ascenso,si,2015,2022,16.07,,,5.0,2025-05-08
15,"Proteger, restablecer y promover el uso sostenible de los ecosistemas terrestres, gestionar sosteniblemente los bosques, luchar contra la desertificación, detener e invertir la degradación de las tierras y detener la pérdida de biodiversidad",15.4,"De aquí a 2030, asegurar la conservación de los ecosistemas montañosos, incluida su diversidad biológica, a fin de mejorar su capacidad de proporcionar beneficios esenciales para el desarrollo sostenible",15.4.1,Lugares importantes para la biodiversidad de las montañas incluidos en zonas protegidas,Lugares importantes para la biodiversidad de las montañas incluidos en zonas protegidas,,,,PT,complete,no,no,no,bar,no,,no,si,no,2024,Irregular / Aperiódica,no,,no,,,,,,,2025-08-04
15,"Proteger, restablecer y promover el uso sostenible de los ecosistemas terrestres, gestionar sosteniblemente los bosques, luchar contra la desertificación, detener e invertir la degradación de las tierras y detener la pérdida de biodiversidad",15.4,"De aquí a 2030, asegurar la conservación de los ecosistemas montañosos, incluida su diversidad biológica, a fin de mejorar su capacidad de proporcionar beneficios esenciales para el desarrollo sostenible",15.4.2,a) Índice de cobertura verde de las montañas y b) proporción de terreno montañoso degradado,Índice de cobertura verde de las montañas,<b>Dirección deseada:</b> Ascenso,,,PT,complete,no,no,no,line,no,,no,no,no,2015,Trienal,no,ascenso,si,2015,2021,95.53,,,0.013087292343838541,2025-04-22
15,"Proteger, restablecer y promover el uso sostenible de los ecosistemas terrestres, gestionar sosteniblemente los bosques, luchar contra la desertificación, detener e invertir la degradación de las tierras y detener la pérdida de biodiversidad",15.5,"Adoptar medidas urgentes y significativas para reducir la degradación de los hábitats naturales, detener la pérdida de biodiversidad y, de aquí a 2020, proteger las especies amenazadas y evitar su extinción",15.5.1,Índice de la Lista Roja,La CA de Euskadi no elabora estadísticas oficiales continuas con la metodología del indicador,,,,,notstarted,,,,,,,,,,,,,,,,,,,,,
15,"Proteger, restablecer y promover el uso sostenible de los ecosistemas terrestres, gestionar sosteniblemente los bosques, luchar contra la desertificación, detener e invertir la degradación de las tierras y detener la pérdida de biodiversidad",15.6,"Promover la participación justa y equitativa en los beneficios derivados de la utilización de los recursos genéticos y promover el acceso adecuado a esos recursos, según lo convenido internacionalmente",15.6.1,"Número de países que han adoptado marcos legislativos, administrativos y normativos para asegurar una distribución justa y equitativa de los beneficios",La CA de Euskadi no elabora estadísticas oficiales continuas con la metodología del indicador,,,,,notstarted,,,,,,,,,,,,,,,,,,,,,
15,"Proteger, restablecer y promover el uso sostenible de los ecosistemas terrestres, gestionar sosteniblemente los bosques, luchar contra la desertificación, detener e invertir la degradación de las tierras y detener la pérdida de biodiversidad",15.7,Adoptar medidas urgentes para poner fin a la caza furtiva y el tráfico de especies protegidas de flora y fauna y abordar tanto la demanda como la oferta de productos ilegales de flora y fauna silvestres,15.7.1,Proporción de especímenes de flora y fauna silvestre comercializados procedentes de la caza furtiva o el tráfico ilícito,La CA de Euskadi no elabora estadísticas oficiales continuas con la metodología del indicador,,,,,notstarted,,,,,,,,,,,,,,,,,,,,,
15,"Proteger, restablecer y promover el uso sostenible de los ecosistemas terrestres, gestionar sosteniblemente los bosques, luchar contra la desertificación, detener e invertir la degradación de las tierras y detener la pérdida de biodiversidad",15.8,"De aquí a 2020, adoptar medidas para prevenir la introducción de especies exóticas invasoras y reducir significativamente sus efectos en los ecosistemas terrestres y acuáticos y controlar o erradicar las especies prioritarias",15.8.1,Proporción de países que han aprobado la legislación nacional pertinente y han destinado recursos suficientes para la prevención o el control de las especies exóticas invasoras,Se dispone de legislación nacional pertinente y se destinan recursos para la prevención o el control de las especies exóticas invasoras,<b>Dirección deseada:</b> Ascenso,,,BOOL_YES_NO,complete,si,no,no,bar,no,,no,no,no,2013,Anual,si,,si,2015,2025,1.0,,,5.0,2026-01-16
15,"Proteger, restablecer y promover el uso sostenible de los ecosistemas terrestres, gestionar sosteniblemente los bosques, luchar contra la desertificación, detener e invertir la degradación de las tierras y detener la pérdida de biodiversidad",15.9,"De aquí a 2020, integrar los valores de los ecosistemas y la biodiversidad en la planificación, los procesos de desarrollo, las estrategias de reducción de la pobreza y la contabilidad nacionales y locales",15.9.1,"a) Número de países que han establecido metas nacionales acordes o similares a la Meta 14 del Marco Mundial de Biodiversidad de Kunming-Montreal en sus estrategias y planes de acción nacionales en materia de diversidad biológica y los progresos notificados en la consecución de dichas metas; y b) integración de la diversidad biológica en los sistemas nacionales de contabilidad y presentación de informes, definida como aplicación del Sistema de Contabilidad Ambiental y Económica",La CA de Euskadi no elabora estadísticas oficiales continuas con la metodología del indicador,,,,,notstarted,,,,,,,,,,,,,,,,,,,,,
15,"Proteger, restablecer y promover el uso sostenible de los ecosistemas terrestres, gestionar sosteniblemente los bosques, luchar contra la desertificación, detener e invertir la degradación de las tierras y detener la pérdida de biodiversidad",15.a,Movilizar y aumentar significativamente los recursos financieros procedentes de todas las fuentes para conservar y utilizar de forma sostenible la biodiversidad y los ecosistemas,15.a.1,a) Asistencia oficial para el desarrollo destinada concretamente a la conservación y el uso sostenible de la biodiversidad y b) ingresos generados y financiación movilizada mediante instrumentos económicos pertinentes para la biodiversidad,La CA de Euskadi no elabora estadísticas oficiales continuas con la metodología del indicador,<b>Dirección deseada:</b> Ascenso,,,,notstarted,,,,,,,,,,,,,,,,,,,,,
15,"Proteger, restablecer y promover el uso sostenible de los ecosistemas terrestres, gestionar sosteniblemente los bosques, luchar contra la desertificación, detener e invertir la degradación de las tierras y detener la pérdida de biodiversidad",15.b,"Movilizar recursos considerables de todas las fuentes y a todos los niveles para financiar la gestión forestal sostenible y proporcionar incentivos adecuados a los países en desarrollo para que promuevan dicha gestión, en particular con miras a la conservación y la reforestación",15.b.1,a) Asistencia oficial para el desarrollo destinada concretamente a la conservación y el uso sostenible de la biodiversidad y b) ingresos generados y financiación movilizada mediante instrumentos económicos pertinentes para la biodiversidad,La CA de Euskadi no elabora estadísticas oficiales continuas con la metodología del indicador,<b>Dirección deseada:</b> Ascenso,,,,notstarted,,,,,,,,,,,,,,,,,,,,,
15,"Proteger, restablecer y promover el uso sostenible de los ecosistemas terrestres, gestionar sosteniblemente los bosques, luchar contra la desertificación, detener e invertir la degradación de las tierras y detener la pérdida de biodiversidad",15.c,"Aumentar el apoyo mundial a la lucha contra la caza furtiva y el tráfico de especies protegidas, incluso aumentando la capacidad de las comunidades locales para perseguir oportunidades de subsistencia sostenibles",15.c.1,Proporción de especímenes de flora y fauna silvestre comercializados procedentes de la caza furtiva o el tráfico ilícito,La CA de Euskadi no elabora estadísticas oficiales continuas con la metodología del indicador,,,,,notstarted,,,,,,,,,,,,,,,,,,,,,
16,"Promover sociedades pacíficas e inclusivas para el desarrollo sostenible, facilitar el acceso a la justicia para todos y construir a todos los niveles instituciones eficaces e inclusivas que rindan cuentas",16.1,Reducir significativamente todas las formas de violencia y las correspondientes tasas de mortalidad en todo el mundo,16.1.1,"Número de víctimas de homicidios intencionales por cada 100.000 habitantes, desglosado por sexo y edad",Número de víctimas de homicidios intencionales por cada 100.000 habitantes,<b>Dirección deseada:</b> Descenso,,,PER_100000,complete,no,no,no,line,no,,no,si,no,2020,Anual,no,descenso,si,2020,2025,0.63,,,-3.301473539491784,2026-06-05
16,"Promover sociedades pacíficas e inclusivas para el desarrollo sostenible, facilitar el acceso a la justicia para todos y construir a todos los niveles instituciones eficaces e inclusivas que rindan cuentas",16.1,Reducir significativamente todas las formas de violencia y las correspondientes tasas de mortalidad en todo el mundo,16.1.2,"Muertes relacionadas con conflictos por cada 100.000 habitantes, desglosadas por sexo, edad y causa",Muertes relacionadas con conflictos por cada 100.000 habitantes,<b>Dirección deseada:</b> Descenso,,,PER_100000,complete,no,no,no,line,no,,no,no,no,2010,Anual,si,descenso,si,2015,2025,0.0,,0,5.0,2026-04-20
16,"Promover sociedades pacíficas e inclusivas para el desarrollo sostenible, facilitar el acceso a la justicia para todos y construir a todos los niveles instituciones eficaces e inclusivas que rindan cuentas",16.1,Reducir significativamente todas las formas de violencia y las correspondientes tasas de mortalidad en todo el mundo,16.1.3,"Proporción de la población que ha sufrido a) violencia física, b) violencia psicológica o c) violencia sexual en los últimos 12 meses",La CA de Euskadi no elabora estadísticas oficiales continuas con la metodología del indicador,,,,,notstarted,,,,,,,,,,,,,,,,,,,,,
16,"Promover sociedades pacíficas e inclusivas para el desarrollo sostenible, facilitar el acceso a la justicia para todos y construir a todos los niveles instituciones eficaces e inclusivas que rindan cuentas",16.1,Reducir significativamente todas las formas de violencia y las correspondientes tasas de mortalidad en todo el mundo,16.1.4,Proporción de la población que se siente segura al caminar sola en su zona de residencia después de que oscurece,Proporción de la población que se siente segura al caminar sola en su zona de residencia después de que oscurece,<b>Dirección deseada:</b> Ascenso,,,PT,complete,no,no,no,bar,no,,si,si,no,2014,Anual,si,ascenso,si,2014,2024,69.1,,,-2.4981340128458207,2025-08-19
16,"Promover sociedades pacíficas e inclusivas para el desarrollo sostenible, facilitar el acceso a la justicia para todos y construir a todos los niveles instituciones eficaces e inclusivas que rindan cuentas",16.1,Reducir significativamente todas las formas de violencia y las correspondientes tasas de mortalidad en todo el mundo,16.1.E1,,"Población que reporta ocurrencia de delitos, violencia o vandalismo en su área (Indicador UE sdg_16_20)",<b>Dirección deseada:</b> Descenso,,,PT,complete,no,no,no,bar,no,,no,si,no,2010,Anual,si,descenso,si,2015,2023,11.2,,,-5.0,2026-05-27
16,"Promover sociedades pacíficas e inclusivas para el desarrollo sostenible, facilitar el acceso a la justicia para todos y construir a todos los niveles instituciones eficaces e inclusivas que rindan cuentas",16.2,"Poner fin al maltrato, la explotación, la trata y todas las formas de violencia y tortura contra los niños",16.2.1,Proporción de niños y niñas de entre 1 y 17 años que han sufrido algún castigo físico o agresión psicológica a manos de sus cuidadores en el último mes,La CA de Euskadi no elabora estadísticas oficiales continuas con la metodología del indicador,,,,,notstarted,,,,,,,,,,,,,,,,,,,,,
16,"Promover sociedades pacíficas e inclusivas para el desarrollo sostenible, facilitar el acceso a la justicia para todos y construir a todos los niveles instituciones eficaces e inclusivas que rindan cuentas",16.2,"Poner fin al maltrato, la explotación, la trata y todas las formas de violencia y tortura contra los niños",16.2.2,"Número de víctimas de la trata de personas por cada 100.000 habitantes, desglosado por sexo, edad y tipo de explotación","Número de víctimas detectadas de tráfico de personas por cada 100.000 habitantes, desglosado por tipo de explotación",<b>Dirección deseada:</b> Descenso,,,PER_100000,complete,no,no,no,line,no,,no,no,no,2012,Anual,si,descenso,si,2016,2024,0.2,,,-5.0,2025-08-04
16,"Promover sociedades pacíficas e inclusivas para el desarrollo sostenible, facilitar el acceso a la justicia para todos y construir a todos los niveles instituciones eficaces e inclusivas que rindan cuentas",16.2,"Poner fin al maltrato, la explotación, la trata y todas las formas de violencia y tortura contra los niños",16.2.3,Proporción de mujeres y hombres jóvenes de entre 18 y 29 años que sufrieron violencia sexual antes de cumplir los 18 años,La CA de Euskadi no elabora estadísticas oficiales continuas con la metodología del indicador,,,,,notstarted,,,,,,,,,,,,,,,,,,,,,
16,"Promover sociedades pacíficas e inclusivas para el desarrollo sostenible, facilitar el acceso a la justicia para todos y construir a todos los niveles instituciones eficaces e inclusivas que rindan cuentas",16.3,Promover el estado de derecho en los planos nacional e internacional y garantizar la igualdad de acceso a la justicia para todos,16.3.1,"Proporción de víctimas de a) violencia física, b) violencia psicológica o c) violencia sexual en los últimos 12 meses que han notificado su victimización a las autoridades competentes u otros mecanismos de resolución de conflictos reconocidos oficialmente",La CA de Euskadi no elabora estadísticas oficiales continuas con la metodología del indicador,,,,,notstarted,,,,,,,,,,,,,,,,,,,,,
16,"Promover sociedades pacíficas e inclusivas para el desarrollo sostenible, facilitar el acceso a la justicia para todos y construir a todos los niveles instituciones eficaces e inclusivas que rindan cuentas",16.3,Promover el estado de derecho en los planos nacional e internacional y garantizar la igualdad de acceso a la justicia para todos,16.3.2,Proporción de personas detenidas que no han sido condenadas en el conjunto de la población reclusa total,Proporción de personas detenidas que no han sido condenadas en el conjunto de la población reclusa total,<b>Dirección deseada:</b> Descenso,,,PT,complete,no,no,no,line,no,,si,si,no,2012,Anual,si,descenso,si,2015,2024,12.3,,,-5.0,2025-10-27
16,"Promover sociedades pacíficas e inclusivas para el desarrollo sostenible, facilitar el acceso a la justicia para todos y construir a todos los niveles instituciones eficaces e inclusivas que rindan cuentas",16.3,Promover el estado de derecho en los planos nacional e internacional y garantizar la igualdad de acceso a la justicia para todos,16.3.3,"Proporción de la población que se ha visto implicada en alguna controversia en los dos últimos años y ha accedido a algún mecanismo oficial u oficioso de solución de controversias, desglosada por tipo de mecanismo",La CA de Euskadi no elabora estadísticas oficiales continuas con la metodología del indicador,,,,,notstarted,,,,,,,,,,,,,,,,,,,,,
16,"Promover sociedades pacíficas e inclusivas para el desarrollo sostenible, facilitar el acceso a la justicia para todos y construir a todos los niveles instituciones eficaces e inclusivas que rindan cuentas",16.4,"De aquí a 2030, reducir significativamente las corrientes financieras y de armas ilícitas, fortalecer la recuperación y devolución de los activos robados y luchar contra todas las formas de delincuencia organizada",16.4.1,Valor total de las corrientes financieras ilícitas entrantes y salientes (en dólares corrientes de los Estados Unidos),La CA de Euskadi no elabora estadísticas oficiales continuas con la metodología del indicador,,,,,notstarted,,,,,,,,,,,,,,,,,,,,,
16,"Promover sociedades pacíficas e inclusivas para el desarrollo sostenible, facilitar el acceso a la justicia para todos y construir a todos los niveles instituciones eficaces e inclusivas que rindan cuentas",16.4,"De aquí a 2030, reducir significativamente las corrientes financieras y de armas ilícitas, fortalecer la recuperación y devolución de los activos robados y luchar contra todas las formas de delincuencia organizada",16.4.2,"Proporción de armas incautadas, encontradas o entregadas cuyo origen o contexto ilícitos han sido determinados o establecidos por una autoridad competente, de conformidad con los instrumentos internacionales",La CA de Euskadi no elabora estadísticas oficiales continuas con la metodología del indicador,,,,,notstarted,,,,,,,,,,,,,,,,,,,,,
16,"Promover sociedades pacíficas e inclusivas para el desarrollo sostenible, facilitar el acceso a la justicia para todos y construir a todos los niveles instituciones eficaces e inclusivas que rindan cuentas",16.5,Reducir considerablemente la corrupción y el soborno en todas sus formas,16.5.1,"Proporción de personas que han tenido al menos un contacto con un funcionario público y que han pagado un soborno a un funcionario público, o a las que un funcionario público les ha pedido un soborno, durante los últimos 12 meses",La CA de Euskadi no elabora estadísticas oficiales continuas con la metodología del indicador,,,,,notstarted,,,,,,,,,,,,,,,,,,,,,
16,"Promover sociedades pacíficas e inclusivas para el desarrollo sostenible, facilitar el acceso a la justicia para todos y construir a todos los niveles instituciones eficaces e inclusivas que rindan cuentas",16.5,Reducir considerablemente la corrupción y el soborno en todas sus formas,16.5.2,"Proporción de negocios que han tenido al menos un contacto con un funcionario público y que han pagado un soborno a un funcionario público, o a los que un funcionario público les ha pedido un soborno, durante los últimos 12 meses",La CA de Euskadi no elabora estadísticas oficiales continuas con la metodología del indicador,,,,,notstarted,,,,,,,,,,,,,,,,,,,,,
16,"Promover sociedades pacíficas e inclusivas para el desarrollo sostenible, facilitar el acceso a la justicia para todos y construir a todos los niveles instituciones eficaces e inclusivas que rindan cuentas",16.6,Crear a todos los niveles instituciones eficaces y transparentes que rindan cuentas,16.6.1,"Gastos primarios del gobierno en proporción al presupuesto aprobado originalmente, desglosados por sector (o por códigos presupuestarios o elementos similares)",Gasto liquidado en proporción al gasto inicial de los presupuestos de las administraciones públicas autonómicas y locales,,GF_XPD_GBPC,Gasto liquidado por la administración autonómica en relación al gasto presupuestado,PT,complete,no,si,no,line,si,,no,si,si,2010,Anual,si,descenso,si,2016,2023,101.1,100,,5.0,2026-09-10
16,"Promover sociedades pacíficas e inclusivas para el desarrollo sostenible, facilitar el acceso a la justicia para todos y construir a todos los niveles instituciones eficaces e inclusivas que rindan cuentas",16.6,Crear a todos los niveles instituciones eficaces y transparentes que rindan cuentas,16.6.1,"Gastos primarios del gobierno en proporción al presupuesto aprobado originalmente, desglosados por sector (o por códigos presupuestarios o elementos similares)",Gasto liquidado en proporción al gasto inicial de los presupuestos de las administraciones públicas autonómicas y locales,,EU_XPD_LOCALGBPC,Gasto liquidado de las administraciones locales en proporción al presupuesto aprobado originalmente,PT,complete,no,si,no,line,si,,no,si,si,2010,Anual,si,descenso,si,2015,2023,103.31,100,,-5.0,2026-09-10
16,"Promover sociedades pacíficas e inclusivas para el desarrollo sostenible, facilitar el acceso a la justicia para todos y construir a todos los niveles instituciones eficaces e inclusivas que rindan cuentas",16.6,Crear a todos los niveles instituciones eficaces y transparentes que rindan cuentas,16.6.2,Proporción de la población que se siente satisfecha con su última experiencia de los servicios públicos,Proporción de la población que se siente satisfecha con el funcionamiento de los servicios públicos,<b>Dirección deseada:</b> Ascenso,,,PT,complete,no,no,no,line,no,,no,no,no,2011,Anual,si,ascenso,si,2015,2025,52.8,,,3.3058978594118216,2025-10-24
16,"Promover sociedades pacíficas e inclusivas para el desarrollo sostenible, facilitar el acceso a la justicia para todos y construir a todos los niveles instituciones eficaces e inclusivas que rindan cuentas",16.7,"Garantizar la adopción en todos los niveles de decisiones inclusivas, participativas y representativas que respondan a las necesidades",16.7.1,"Proporciones de plazas en las instituciones nacionales y locales, entre ellas: a) las asambleas legislativas, b) la administración pública y c) el poder judicial, en comparación con la distribución nacional, desglosadas por sexo, edad, personas con discapacidad y grupos de población","Proporciones de mujeres en a) el parlamento autonómico, b) la administración pública y c) el poder judicial, en comparación con la distribución de las mujeres en la población","<b>Dirección deseada:</b> El objetivo es 1, aunque se considera adecuado si el valor está entre 0,8 y 1,2",SG_DMK_PARLMP_LC,Proporción de mujeres en el parlamento en relación con la proporción de mujeres en la población,RO,complete,no,si,no,line,no,,no,si,no,2010,Anual,si,descenso,si,2015,2023,0.99,1.2,,5.0,2026-09-10
16,"Promover sociedades pacíficas e inclusivas para el desarrollo sostenible, facilitar el acceso a la justicia para todos y construir a todos los niveles instituciones eficaces e inclusivas que rindan cuentas",16.7,"Garantizar la adopción en todos los niveles de decisiones inclusivas, participativas y representativas que respondan a las necesidades",16.7.1,"Proporciones de plazas en las instituciones nacionales y locales, entre ellas: a) las asambleas legislativas, b) la administración pública y c) el poder judicial, en comparación con la distribución nacional, desglosadas por sexo, edad, personas con discapacidad y grupos de población","Proporciones de mujeres en a) el parlamento autonómico, b) la administración pública y c) el poder judicial, en comparación con la distribución de las mujeres en la población","<b>Dirección deseada:</b> El objetivo es 1, aunque se considera adecuado si el valor está entre 0,8 y 1,2",SG_DMK_PSRVC,Proporción de mujeres en la administración pública en relación con la proporción de mujeres en la población,RO,complete,no,si,no,line,no,,no,si,no,2010,Anual,si,descenso,si,2015,2024,1.3,1.2,,-5.0,2026-09-10
16,"Promover sociedades pacíficas e inclusivas para el desarrollo sostenible, facilitar el acceso a la justicia para todos y construir a todos los niveles instituciones eficaces e inclusivas que rindan cuentas",16.7,"Garantizar la adopción en todos los niveles de decisiones inclusivas, participativas y representativas que respondan a las necesidades",16.7.1,"Proporciones de plazas en las instituciones nacionales y locales, entre ellas: a) las asambleas legislativas, b) la administración pública y c) el poder judicial, en comparación con la distribución nacional, desglosadas por sexo, edad, personas con discapacidad y grupos de población","Proporciones de mujeres en a) el parlamento autonómico, b) la administración pública y c) el poder judicial, en comparación con la distribución de las mujeres en la población","<b>Dirección deseada:</b> El objetivo es 1, aunque se considera adecuado si el valor está entre 0,8 y 1,2",SG_DMK_JDC,Proporción de mujeres en el poder judicial en relación con la proporción de mujeres en la población,RO,complete,no,si,no,line,no,,no,si,no,2010,Anual,si,descenso,si,2015,2025,1.24,1.2,,-2.5,2026-09-10
16,"Promover sociedades pacíficas e inclusivas para el desarrollo sostenible, facilitar el acceso a la justicia para todos y construir a todos los niveles instituciones eficaces e inclusivas que rindan cuentas",16.7,"Garantizar la adopción en todos los niveles de decisiones inclusivas, participativas y representativas que respondan a las necesidades",16.7.2,"Proporción de la población que considera que la adopción de decisiones es inclusiva y responde a sus necesidades, desglosada por sexo, edad, discapacidad y grupo de población",La CA de Euskadi no elabora estadísticas oficiales continuas con la metodología del indicador,,,,,notstarted,,,,,,,,,,,,,,,,,,,,,
16,"Promover sociedades pacíficas e inclusivas para el desarrollo sostenible, facilitar el acceso a la justicia para todos y construir a todos los niveles instituciones eficaces e inclusivas que rindan cuentas",16.8,Ampliar y fortalecer la participación de los países en desarrollo en las instituciones de gobernanza mundial,16.8.1,Proporción de miembros y derechos de voto de los países en desarrollo en organizaciones internacionales,La CA de Euskadi no elabora estadísticas oficiales continuas con la metodología del indicador,,,,,notapplicable,,,,,,,,,,,,,,,,,,,,,
16,"Promover sociedades pacíficas e inclusivas para el desarrollo sostenible, facilitar el acceso a la justicia para todos y construir a todos los niveles instituciones eficaces e inclusivas que rindan cuentas",16.9,"De aquí a 2030, proporcionar acceso a una identidad jurídica para todos, en particular mediante el registro de nacimientos",16.9.1,"Proporción de niños/as menores de 5 años cuyo nacimiento se ha registrado ante una autoridad civil, desglosada por edad","Proporción de niños/as menores de 5 años cuyo nacimiento se ha registrado ante una autoridad civil, desglosada por edad",<b>Dirección deseada:</b> Ascenso,,,PT,complete,no,no,no,line,no,,no,no,no,2010,Anual,si,ascenso,si,2015,2025,100.0,100,,5.0,2026-01-16
16,"Promover sociedades pacíficas e inclusivas para el desarrollo sostenible, facilitar el acceso a la justicia para todos y construir a todos los niveles instituciones eficaces e inclusivas que rindan cuentas",16.10,"Garantizar el acceso público a la información y proteger las libertades fundamentales, de conformidad con las leyes nacionales y los acuerdos internacionales",16.10.1,"Número de casos verificados de asesinato, secuestro, desaparición forzada, detención arbitraria y tortura de periodistas, miembros asociados/as de los medios de comunicación, sindicalistas y defensores/as de los derechos humanos, en los últimos 12 meses",La CA de Euskadi no elabora estadísticas oficiales continuas con la metodología del indicador,"La CA de Euskadi no elabora estadísticas oficiales continuas con la metodología del indicador, pero diversos indicios permiten estimar que el dato real se encuentra muy próximo a 0",,,,complete,no,no,si,line,no,,no,no,no,,,no,,no,,,,,,,
16,"Promover sociedades pacíficas e inclusivas para el desarrollo sostenible, facilitar el acceso a la justicia para todos y construir a todos los niveles instituciones eficaces e inclusivas que rindan cuentas",16.10,"Garantizar el acceso público a la información y proteger las libertades fundamentales, de conformidad con las leyes nacionales y los acuerdos internacionales",16.10.2,"Número de países que adoptan y aplican garantías constitucionales, legales o normativas para el acceso público a la información",La CA de Euskadi no elabora estadísticas oficiales continuas con la metodología del indicador,,,,,notstarted,,,,,,,,,,,,,,,,,,,,,
16,"Promover sociedades pacíficas e inclusivas para el desarrollo sostenible, facilitar el acceso a la justicia para todos y construir a todos los niveles instituciones eficaces e inclusivas que rindan cuentas",16.a,"Fortalecer las instituciones nacionales pertinentes, incluso mediante la cooperación internacional, para crear a todos los niveles, particularmente en los países en desarrollo, la capacidad de prevenir la violencia y combatir el terrorismo y la delincuencia",16.a.1,"Existencia de instituciones nacionales independientes de derechos humanos, en cumplimiento de los Principios de París",La CA de Euskadi no elabora estadísticas oficiales continuas con la metodología del indicador,,,,,notstarted,,,,,,,,,,,,,,,,,,,,,
16,"Promover sociedades pacíficas e inclusivas para el desarrollo sostenible, facilitar el acceso a la justicia para todos y construir a todos los niveles instituciones eficaces e inclusivas que rindan cuentas",16.b,Promover y aplicar leyes y políticas no discriminatorias en favor del desarrollo sostenible,16.b.1,Proporción de la población que declara haberse sentido personalmente discriminada o acosada en los últimos 12 meses por motivos de discriminación prohibidos por el derecho internacional de los derechos humanos,"Prevalencia (%) de personas que se sienten discriminadas (por su edad, sexo, lugar de nacimiento, ...) por sexo",,,,PT,complete,no,no,no,bar,no,,si,si,no,2013,Quinquenal,no,descenso,si,2013,2023,8.8,,,-5.0,2025-08-19
17,Fortalecer los medios de implementación y revitalizar la Alianza Mundial para el Desarrollo Sostenible,17.1,"Fortalecer la movilización de recursos internos, incluso mediante la prestación de apoyo internacional a los países en desarrollo, con el fin de mejorar la capacidad nacional para recaudar ingresos fiscales y de otra índole",17.1.1,"Total de ingresos del gobierno en proporción al PIB, desglosado por fuente","Total de ingresos del gobierno en proporción al PIB, desglosado por fuente",<b>Dirección deseada:</b> Ascenso,,,PT,complete,no,no,no,line,no,,no,si,no,2010,Anual,no,ascenso,si,2015,2023,25.1,,,1.2737339934474345,2025-09-22
17,Fortalecer los medios de implementación y revitalizar la Alianza Mundial para el Desarrollo Sostenible,17.1,"Fortalecer la movilización de recursos internos, incluso mediante la prestación de apoyo internacional a los países en desarrollo, con el fin de mejorar la capacidad nacional para recaudar ingresos fiscales y de otra índole",17.1.2,Proporción del presupuesto nacional financiado por impuestos internos,Proporción de los ingresos de las administraciones públicas autonómicas y locales provenientes de impuestos,<b>Dirección deseada:</b> Ascenso,EU_GOB_TAX,Proporción de los ingresos de las administraciones públicas autonómicas y locales provenientes de impuestos ,PT,complete,no,no,no,line,no,,no,no,no,2010,Anual,si,ascenso,si,2015,2023,82.6,,,0.6894713407895603,2026-05-15
17,Fortalecer los medios de implementación y revitalizar la Alianza Mundial para el Desarrollo Sostenible,17.1,"Fortalecer la movilización de recursos internos, incluso mediante la prestación de apoyo internacional a los países en desarrollo, con el fin de mejorar la capacidad nacional para recaudar ingresos fiscales y de otra índole",17.1.2,Proporción del presupuesto nacional financiado por impuestos internos,Proporción de los ingresos de las administraciones públicas autonómicas y locales provenientes de impuestos,<b>Dirección deseada:</b> Ascenso,EU_GOB_TAX_NOFIN,Proporción de los ingresos no financieros de las administraciones públicas autonómicas y locales provenientes de impuesto,PT,complete,no,no,no,line,no,,no,no,no,2010,Anual,si,ascenso,si,2015,2023,88.8,,,0.2920485822541785,2026-05-15
17,Fortalecer los medios de implementación y revitalizar la Alianza Mundial para el Desarrollo Sostenible,17.2,"Velar por que los países desarrollados cumplan plenamente sus compromisos en relación con la asistencia oficial para el desarrollo, incluido el compromiso de numerosos países desarrollados de alcanzar el objetivo de destinar el 0,7% del ingreso nacional bruto a la asistencia oficial para el desarrollo de los países en desarrollo y entre el 0,15% y el 0,20% del ingreso nacional bruto a la asistencia oficial para el desarrollo de los países menos adelantados; se alienta a los proveedores de asistencia oficial para el desarrollo a que consideren la posibilidad de fijar una meta para destinar al menos el 0,20% del ingreso nacional bruto a la asistencia oficial para el desarrollo de los países menos adelantados",17.2.1,"Asistencia oficial para el desarrollo neta, total y para los países menos adelantados en proporción al ingreso nacional bruto (INB) de los donantes del Comité de Asistencia para el Desarrollo de la Organización de Cooperación y Desarrollo Económicos (OCDE)","Ayuda Oficial al Desarrollo neta de las administraciones públicas autonómicas y locales, y en proporción al PIB",<b>Dirección deseada:</b> Ascenso,EU_ODA_EUR,Ayuda Oficial al Desarrollo neta de las administraciones públicas autonómicas y locales,EUR_1000000,complete,no,no,no,line,no,,no,no,no,2010,Anual,si,ascenso,si,2015,2023,80.53,,,5.0,2025-08-04
17,Fortalecer los medios de implementación y revitalizar la Alianza Mundial para el Desarrollo Sostenible,17.2,"Velar por que los países desarrollados cumplan plenamente sus compromisos en relación con la asistencia oficial para el desarrollo, incluido el compromiso de numerosos países desarrollados de alcanzar el objetivo de destinar el 0,7% del ingreso nacional bruto a la asistencia oficial para el desarrollo de los países en desarrollo y entre el 0,15% y el 0,20% del ingreso nacional bruto a la asistencia oficial para el desarrollo de los países menos adelantados; se alienta a los proveedores de asistencia oficial para el desarrollo a que consideren la posibilidad de fijar una meta para destinar al menos el 0,20% del ingreso nacional bruto a la asistencia oficial para el desarrollo de los países menos adelantados",17.2.1,"Asistencia oficial para el desarrollo neta, total y para los países menos adelantados en proporción al ingreso nacional bruto (INB) de los donantes del Comité de Asistencia para el Desarrollo de la Organización de Cooperación y Desarrollo Económicos (OCDE)","Ayuda Oficial al Desarrollo neta de las administraciones públicas autonómicas y locales, y en proporción al PIB",<b>Dirección deseada:</b> Ascenso,EU_ODA_GDP,Ayuda Oficial al Desarrollo neta de las administraciones públicas autonómicas y locales en proporción al PIB,PT,complete,no,no,no,line,no,,no,no,no,2010,Anual,si,ascenso,si,2015,2023,0.09,0.7,,1.6507204454074478,2025-08-04
17,Fortalecer los medios de implementación y revitalizar la Alianza Mundial para el Desarrollo Sostenible,17.3,Movilizar recursos financieros adicionales de múltiples fuentes para los países en desarrollo,17.3.1,Recursos financieros adicionales movilizados para los países en desarrollo procedentes de múltiples fuentes,"Ayuda Oficial al Desarrollo neta de las administraciones públicas autonómicas y locales, y en proporción al PIB",<b>Dirección deseada:</b> Ascenso,EU_FRN_FDI_EUR,Inversión directa neta en los países receptores de Ayuda Oficial al Desarrollo,EUR_1000000,complete,no,no,no,line,no,,no,no,no,2010,Anual,si,ascenso,si,2015,2024,252.06,,,5.0,2025-09-17
17,Fortalecer los medios de implementación y revitalizar la Alianza Mundial para el Desarrollo Sostenible,17.3,Movilizar recursos financieros adicionales de múltiples fuentes para los países en desarrollo,17.3.1,Recursos financieros adicionales movilizados para los países en desarrollo procedentes de múltiples fuentes,"Ayuda Oficial al Desarrollo neta de las administraciones públicas autonómicas y locales, y en proporción al PIB",<b>Dirección deseada:</b> Ascenso,EU_FRN_FDI_GDP,Inversión directa neta en los países receptores de Ayuda Oficial al Desarrollo en proporción al PIB,PT,complete,no,no,no,line,no,,no,no,no,2010,Anual,si,ascenso,si,2015,2024,0.26,,,5.0,2025-09-17
17,Fortalecer los medios de implementación y revitalizar la Alianza Mundial para el Desarrollo Sostenible,17.3,Movilizar recursos financieros adicionales de múltiples fuentes para los países en desarrollo,17.3.2,Volumen de remesas (en dólares de los Estados Unidos) en proporción al PIB total,"Volumen de remesas enviadas al extranjero, y en proporción al PIB",<b>Dirección deseada:</b> Ascenso,BX_TRF_PWKR,Volumen de remesas enviadas al extranjero en proporción al PIB,PT,complete,no,no,no,line,no,,no,no,no,2013,Anual,si,ascenso,si,2015,2024,0.51,,,5.0,2025-10-22
17,Fortalecer los medios de implementación y revitalizar la Alianza Mundial para el Desarrollo Sostenible,17.3,Movilizar recursos financieros adicionales de múltiples fuentes para los países en desarrollo,17.3.2,Volumen de remesas (en dólares de los Estados Unidos) en proporción al PIB total,"Volumen de remesas enviadas al extranjero, y en proporción al PIB",<b>Dirección deseada:</b> Ascenso,BX_TRF_PWKRV,Volumen de remesas enviadas al extranjero,EUR_1000000,complete,no,no,no,line,no,,no,no,no,2013,Anual,si,ascenso,si,2015,2024,503.36,,,5.0,2025-10-22
17,Fortalecer los medios de implementación y revitalizar la Alianza Mundial para el Desarrollo Sostenible,17.4,"Ayudar a los países en desarrollo a lograr la sostenibilidad de la deuda a largo plazo con políticas coordinadas orientadas a fomentar la financiación, el alivio y la reestructuración de la deuda, según proceda, y hacer frente a la deuda externa de los países pobres muy endeudados a fin de reducir el endeudamiento excesivo",17.4.1,"Servicio de la deuda en proporción a las exportaciones de bienes, servicios e ingresos primarios",La CA de Euskadi no elabora estadísticas oficiales continuas con la metodología del indicador,,,,,notapplicable,,,,,,,,,,,,,,,,,,,,,
17,Fortalecer los medios de implementación y revitalizar la Alianza Mundial para el Desarrollo Sostenible,17.5,Adoptar y aplicar sistemas de promoción de las inversiones en favor de los países menos adelantados,17.5.1,"Número de países que adoptan y aplican sistemas de promoción de las inversiones en favor de los países en desarrollo, entre ellos los países menos adelantados",La CA de Euskadi no elabora estadísticas oficiales continuas con la metodología del indicador,,,,,notstarted,,,,,,,,,,,,,,,,,,,,,
17,Fortalecer los medios de implementación y revitalizar la Alianza Mundial para el Desarrollo Sostenible,17.6,"Mejorar la cooperación regional e internacional Norte-Sur, Sur-Sur y triangular en materia de ciencia, tecnología e innovación y el acceso a estas, y aumentar el intercambio de conocimientos en condiciones mutuamente convenidas, incluso mejorando la coordinación entre los mecanismos existentes, en particular a nivel de las Naciones Unidas, y mediante un mecanismo mundial de facilitación de la tecnología",17.6.1,"Número de abonados/as a servicios de banda ancha fija por cada 100 habitantes, desglosado por velocidad","Número de abonados/as a servicios de banda ancha fija por cada 100 habitantes, desglosado por velocidad",<b>Dirección deseada:</b> Ascenso,,,PER_100_POP,complete,no,no,no,line,no,,no,si,no,2010,Anual,si,ascenso,si,2015,2024,42.2,,,5.0,2025-11-07
17,Fortalecer los medios de implementación y revitalizar la Alianza Mundial para el Desarrollo Sostenible,17.7,"Promover el desarrollo de tecnologías ecológicamente racionales y su transferencia, divulgación y difusión a los países en desarrollo en condiciones favorables, incluso en condiciones concesionarias y preferenciales, según lo convenido de mutuo acuerdo",17.7.1,"Total de los fondos destinados a los países en desarrollo y los países desarrollados con el fin de promover el desarrollo, la transferencia y la difusión de tecnologías ecológicamente racionales",La CA de Euskadi no elabora estadísticas oficiales continuas con la metodología del indicador,,,,,notstarted,,,,,,,,,,,,,,,,,,,,,
17,Fortalecer los medios de implementación y revitalizar la Alianza Mundial para el Desarrollo Sostenible,17.8,"Poner en pleno funcionamiento, a más tardar en 2017, el banco de tecnología y el mecanismo de apoyo a la creación de capacidad en materia de ciencia, tecnología e innovación para los países menos adelantados y aumentar la utilización de tecnologías instrumentales, en particular la tecnología de la información y las comunicaciones",17.8.1,Proporción de personas que utilizan Internet,Proporción de personas entre 16 y 74 años que han utilizado Internet en los últimos tres meses,<b>Dirección deseada:</b> Ascenso,,,PT,complete,no,no,no,line,no,,si,si,no,2008,Anual,si,ascenso,si,2015,2025,97.4,,100,5.0,2025-10-28
17,Fortalecer los medios de implementación y revitalizar la Alianza Mundial para el Desarrollo Sostenible,17.9,"Aumentar el apoyo internacional para realizar actividades de creación de capacidad eficaces y específicas en los países en desarrollo a fin de respaldar los planes nacionales de implementación de todos los Objetivos de Desarrollo Sostenible, incluso mediante la cooperación Norte-Sur, Sur-Sur y triangular",17.9.1,Valor en dólares de la asistencia oficial para el desarrollo comprometida para los países en desarrollo,La CA de Euskadi no elabora estadísticas oficiales continuas con la metodología del indicador,,,,,notstarted,,,,,,,,,,,,,,,,,,,,,
17,Fortalecer los medios de implementación y revitalizar la Alianza Mundial para el Desarrollo Sostenible,17.10,"Promover un sistema de comercio multilateral universal, basado en normas, abierto, no discriminatorio y equitativo en el marco de la Organización Mundial del Comercio, incluso mediante la conclusión de las negociaciones en el marco del Programa de Doha para el Desarrollo",17.10.1,Promedio arancelario mundial ponderado,La CA de Euskadi no elabora estadísticas oficiales continuas con la metodología del indicador,,,,,notapplicable,,,,,,,,,,,,,,,,,,,,,
17,Fortalecer los medios de implementación y revitalizar la Alianza Mundial para el Desarrollo Sostenible,17.11,"Aumentar significativamente las exportaciones de los países en desarrollo, en particular con miras a duplicar la participación de los países menos adelantados en las exportaciones mundiales de aquí a 2020",17.11.1,Participación de los países en desarrollo y los países menos adelantados en las exportaciones mundiales,La CA de Euskadi no elabora estadísticas oficiales continuas con la metodología del indicador,,,,,notapplicable,,,,,,,,,,,,,,,,,,,,,
17,Fortalecer los medios de implementación y revitalizar la Alianza Mundial para el Desarrollo Sostenible,17.12,"Lograr la consecución oportuna del acceso a los mercados libre de derechos y contingentes de manera duradera para todos los países menos adelantados, conforme a las decisiones de la Organización Mundial del Comercio, incluso velando por que las normas de origen preferenciales aplicables a las importaciones de los países menos adelantados sean transparentes y sencillas y contribuyan a facilitar el acceso a los mercados",17.12.1,"Promedio ponderado de los aranceles que enfrentan los países en desarrollo, los países menos adelantados y los pequeños Estados insulares en desarrollo",La CA de Euskadi no elabora estadísticas oficiales continuas con la metodología del indicador,,,,,notapplicable,,,,,,,,,,,,,,,,,,,,,
17,Fortalecer los medios de implementación y revitalizar la Alianza Mundial para el Desarrollo Sostenible,17.13,"Aumentar la estabilidad macroeconómica mundial, incluso mediante la coordinación y coherencia de las políticas",17.13.1,Tablero macroeconómico,Tablero macroeconómico,<b>Dirección deseada:</b> No evaluable,NY_GDP_MKTP_KD_ZG,Tasa de variación interanual del PIB,PT,complete,no,no,no,line,no,,no,si,no,2010,Anual,si,,no,,,,,,,2025-10-22
17,Fortalecer los medios de implementación y revitalizar la Alianza Mundial para el Desarrollo Sostenible,17.13,"Aumentar la estabilidad macroeconómica mundial, incluso mediante la coordinación y coherencia de las políticas",17.13.1,Tablero macroeconómico,Tablero macroeconómico,<b>Dirección deseada:</b> No evaluable,SL_TLF_UEM,Tasa de desempleo,PT,complete,no,no,no,line,no,,no,si,no,2010,Anual,si,,no,,,,,,,2025-10-22
17,Fortalecer los medios de implementación y revitalizar la Alianza Mundial para el Desarrollo Sostenible,17.13,"Aumentar la estabilidad macroeconómica mundial, incluso mediante la coordinación y coherencia de las políticas",17.13.1,Tablero macroeconómico,Tablero macroeconómico,<b>Dirección deseada:</b> No evaluable,FP_CPI_TOTL_ZG,Tasa de variación interanual del índice de precios de consumo,PT,complete,no,no,no,line,no,,no,si,no,2010,Anual,si,,no,,,,,,,2025-10-22
17,Fortalecer los medios de implementación y revitalizar la Alianza Mundial para el Desarrollo Sostenible,17.13,"Aumentar la estabilidad macroeconómica mundial, incluso mediante la coordinación y coherencia de las políticas",17.13.1,Tablero macroeconómico,Tablero macroeconómico,<b>Dirección deseada:</b> No evaluable,BX_TRF_PWKR,Volumen de remesas enviadas al extranjero en proporción al PIB,PT,complete,no,no,no,line,no,,no,si,no,2010,Anual,si,,no,,,,,,,2025-10-22
17,Fortalecer los medios de implementación y revitalizar la Alianza Mundial para el Desarrollo Sostenible,17.13,"Aumentar la estabilidad macroeconómica mundial, incluso mediante la coordinación y coherencia de las políticas",17.13.1,Tablero macroeconómico,Tablero macroeconómico,<b>Dirección deseada:</b> No evaluable,DP_DOD_DLD2_CR_CG_Z1,Deuda bruta de las administraciones públicas autonómicas según el protocolo de déficit excesivo en proporción al PIB,PT,complete,no,no,no,line,no,,no,si,no,2010,Anual,si,,no,,,,,,,2025-10-22
17,Fortalecer los medios de implementación y revitalizar la Alianza Mundial para el Desarrollo Sostenible,17.13,"Aumentar la estabilidad macroeconómica mundial, incluso mediante la coordinación y coherencia de las políticas",17.13.1,Tablero macroeconómico,Tablero macroeconómico,<b>Dirección deseada:</b> No evaluable,GC_BAL_CASH_GD_ZS,Saldo fiscal de las administraciones públicas autonómicas en proporción al PIB,PT,complete,no,no,no,line,no,,no,si,no,2010,Anual,si,,no,,,,,,,2025-10-22
17,Fortalecer los medios de implementación y revitalizar la Alianza Mundial para el Desarrollo Sostenible,17.14,Mejorar la coherencia de las políticas para el desarrollo sostenible,17.14.1,Número de países que cuentan con mecanismos para mejorar la coherencia de las políticas de desarrollo sostenible,La CA de Euskadi no elabora estadísticas oficiales continuas con la metodología del indicador,,,,,notstarted,,,,,,,,,,,,,,,,,,,,,
17,Fortalecer los medios de implementación y revitalizar la Alianza Mundial para el Desarrollo Sostenible,17.15,Respetar el margen normativo y el liderazgo de cada país para establecer y aplicar políticas de erradicación de la pobreza y desarrollo sostenible,17.15.1,Grado de utilización de los marcos de resultados y las herramientas de planificación de los propios países por los proveedores de cooperación para el desarrollo,La CA de Euskadi no elabora estadísticas oficiales continuas con la metodología del indicador,,,,,notstarted,,,,,,,,,,,,,,,,,,,,,
17,Fortalecer los medios de implementación y revitalizar la Alianza Mundial para el Desarrollo Sostenible,17.16,"Mejorar la Alianza Mundial para el Desarrollo Sostenible, complementada por alianzas entre múltiples interesados que movilicen e intercambien conocimientos, especialización, tecnología y recursos financieros, a fin de apoyar el logro de los Objetivos de Desarrollo Sostenible en todos los países, particularmente los países en desarrollo",17.16.1,Número de países que informan de sus progresos en los marcos de múltiples interesados para el seguimiento de la eficacia de las actividades de desarrollo que apoyan el logro de los Objetivos de Desarrollo Sostenible,La CA de Euskadi no elabora estadísticas oficiales continuas con la metodología del indicador,,,,,notstarted,,,,,,,,,,,,,,,,,,,,,
17,Fortalecer los medios de implementación y revitalizar la Alianza Mundial para el Desarrollo Sostenible,17.17,"Fomentar y promover la constitución de alianzas eficaces en las esferas pública, público-privada y de la sociedad civil, aprovechando la experiencia y las estrategias de obtención de recursos de las alianzas",17.17.1,Suma en dólares de los Estados Unidos prometida a las alianzas público-privadas centradas en la infraestructura,La CA de Euskadi no elabora estadísticas oficiales continuas con la metodología del indicador,,,,,notstarted,,,,,,,,,,,,,,,,,,,,,
17,Fortalecer los medios de implementación y revitalizar la Alianza Mundial para el Desarrollo Sostenible,17.18,"De aquí a 2020, mejorar el apoyo a la creación de capacidad prestado a los países en desarrollo, incluidos los países menos adelantados y los pequeños Estados insulares en desarrollo, para aumentar significativamente la disponibilidad de datos oportunos, fiables y de gran calidad desglosados por ingresos, sexo, edad, raza, origen étnico, estatus migratorio, discapacidad, ubicación geográfica y otras características pertinentes en los contextos nacionales",17.18.1,Indicadores de la capacidad estadística,La CA de Euskadi no elabora estadísticas oficiales continuas con la metodología del indicador,,,,,notstarted,,,,,,,,,,,,,,,,,,,,,
17,Fortalecer los medios de implementación y revitalizar la Alianza Mundial para el Desarrollo Sostenible,17.18,"De aquí a 2020, mejorar el apoyo a la creación de capacidad prestado a los países en desarrollo, incluidos los países menos adelantados y los pequeños Estados insulares en desarrollo, para aumentar significativamente la disponibilidad de datos oportunos, fiables y de gran calidad desglosados por ingresos, sexo, edad, raza, origen étnico, estatus migratorio, discapacidad, ubicación geográfica y otras características pertinentes en los contextos nacionales",17.18.2,Número de países cuya legislación nacional sobre estadísticas cumple los Principios Fundamentales de las Estadísticas Oficiales,La legislación sobre estadísticas cumple los Principios Fundamentales de las Estadísticas Oficiales,<b>Dirección deseada:</b> Ascenso,,,BOOL_YES_NO,complete,si,no,no,bar,no,,no,no,no,2010,Anual,si,,si,2015,2025,1.0,,,5.0,2026-01-16
17,Fortalecer los medios de implementación y revitalizar la Alianza Mundial para el Desarrollo Sostenible,17.18,"De aquí a 2020, mejorar el apoyo a la creación de capacidad prestado a los países en desarrollo, incluidos los países menos adelantados y los pequeños Estados insulares en desarrollo, para aumentar significativamente la disponibilidad de datos oportunos, fiables y de gran calidad desglosados por ingresos, sexo, edad, raza, origen étnico, estatus migratorio, discapacidad, ubicación geográfica y otras características pertinentes en los contextos nacionales",17.18.3,"Número de países que cuentan con un plan estadístico nacional plenamente financiado y en proceso de aplicación, desglosado por fuente de financiación",Se dispone de un plan estadístico autonómico plenamente financiado y en fase de aplicación,<b>Dirección deseada:</b> Ascenso,,,BOOL_YES_NO,complete,si,no,no,bar,no,,no,no,no,2010,Anual,si,,si,2015,2025,1.0,,,5.0,2026-01-20
17,Fortalecer los medios de implementación y revitalizar la Alianza Mundial para el Desarrollo Sostenible,17.19,"De aquí a 2030, aprovechar las iniciativas existentes para elaborar indicadores que permitan medir los progresos en materia de desarrollo sostenible y complementen el producto interno bruto, y apoyar la creación de capacidad estadística en los países en desarrollo",17.19.1,Valor en dólares de todos los recursos proporcionados para fortalecer la capacidad estadística de los países en desarrollo,La CA de Euskadi no elabora estadísticas oficiales continuas con la metodología del indicador,,,,,notstarted,,,,,,,,,,,,,,,,,,,,,
17,Fortalecer los medios de implementación y revitalizar la Alianza Mundial para el Desarrollo Sostenible,17.19,"De aquí a 2030, aprovechar las iniciativas existentes para elaborar indicadores que permitan medir los progresos en materia de desarrollo sostenible y complementen el producto interno bruto, y apoyar la creación de capacidad estadística en los países en desarrollo",17.19.2,Proporción de países que a) han realizado al menos un censo de población y vivienda en los últimos diez años; y b) han registrado el 100% de los nacimientos y el 80% de las defunciones,"a) Se ha realizado al menos un censo de población y vivienda en los últimos diez años, b) Se ha registrado el 100% de los nacimientos y al menos el 80% de las defunciones",<b>Dirección deseada:</b> Ascenso,SG_REG_CENSUSN,Se ha realizado al menos un censo de población y vivienda en los últimos diez años,BOOL_YES_NO,complete,si,no,no,bar,no,,no,no,no,2010,Anual,si,,si,2015,2025,1.0,,,5.0,2026-01-16
17,Fortalecer los medios de implementación y revitalizar la Alianza Mundial para el Desarrollo Sostenible,17.19,"De aquí a 2030, aprovechar las iniciativas existentes para elaborar indicadores que permitan medir los progresos en materia de desarrollo sostenible y complementen el producto interno bruto, y apoyar la creación de capacidad estadística en los países en desarrollo",17.19.2,Proporción de países que a) han realizado al menos un censo de población y vivienda en los últimos diez años; y b) han registrado el 100% de los nacimientos y el 80% de las defunciones,"a) Se ha realizado al menos un censo de población y vivienda en los últimos diez años, b) Se ha registrado el 100% de los nacimientos y al menos el 80% de las defunciones",<b>Dirección deseada:</b> Ascenso,SG_REG_BRTH100N,Se ha registrado el 100% de los nacimientos y al menos el 80% de las defunciones,BOOL_YES_NO,complete,si,no,no,bar,no,,no,no,no,2010,Anual,si,,si,2015,2025,1.0,,,5.0,2026-01-16
OCECA,,OCECA.1,,OCECA.1.2.1.1A,,,,,,PT,complete,no,no,no,line,no,,no,no,no,2008,Anual,si,,no,,,,,,,2025-04-22
OCECA,,OCECA.1,,OCECA.1.2.1.2B,,,,,,PT,complete,no,no,no,line,no,,no,no,no,2008,Cuatrienal,si,,no,,,,,,,2025-04-22
OCECA,,OCECA.1,,OCECA.1.2.1.2A,,,,,,PT,complete,no,no,no,line,no,,no,no,no,2008,Anual,si,,no,,,,,,,2025-04-22
OCECA,,OCECA.1,,OCECA.1.2.2.1A,,,,,,PT,complete,no,no,no,line,no,,no,no,no,2008,Bienal,si,,no,,,,,,,2025-06-06
OCECA,,OCECA.1,,OCECA.1.a.2.1,,,,,,PT,complete,no,no,no,line,no,,no,no,no,2012,Anual,si,,no,,,,,,,2026-04-22
OCECA,,OCECA.1,,OCECA.1.a.2.2,,,,,,PT,complete,no,no,no,line,no,,no,no,no,2010,Anual,si,,no,,,,,,,2026-04-22
OCECA,,OCECA.6,,OCECA.6.1.1,,,,,,PT,complete,no,no,no,line,no,,no,no,no,2016,Anual,si,,no,,,,,,,2025-06-09
OCECA,,OCECA.8,,OCECA.8.9.1.3CD,,,,_L_ES_080901_3C,"Proporción del gasto en viajes culturales sobre el gasto en viajes por ocio, recreo y vacaciones",PT,complete,no,no,no,line,no,,no,no,no,2016,Anual,si,,no,,,,,,,2026-05-15
OCECA,,OCECA.8,,OCECA.8.9.1.3CD,,,,_L_ES_080901_3D,Proporción del gasto en viajes culturales sobre el gasto en viajes,PT,complete,no,no,no,line,no,,no,no,no,2016,Anual,si,,no,,,,,,,2026-05-15
OCECA,,OCECA.8,,OCECA.8.9.1.3AB4AB,,,,_L_ES_080901_3A,Pernoctaciones de turistas por habitante,OVERNIGHT_STAY,complete,no,no,no,line,no,,no,no,no,2016,Anual,si,,no,,,,,,,2026-05-15
OCECA,,OCECA.8,,OCECA.8.9.1.3AB4AB,,,,_L_ES_080901_3B,Pernoctaciones de turistas no residentes por habitante,OVERNIGHT_STAY,complete,no,no,no,line,no,,no,no,no,2016,Anual,si,,no,,,,,,,2026-05-15
OCECA,,OCECA.8,,OCECA.8.9.1.3AB4AB,,,,_L_ES_080901_4A,Proporción de pernoctaciones de turistas en los dos meses de máxima ocupación sobre el total de pernoctaciones de turistas,PT,complete,no,no,no,line,no,,no,no,no,2016,Anual,si,,no,,,,,,,2026-05-15
OCECA,,OCECA.8,,OCECA.8.9.1.3AB4AB,,,,_L_ES_080901_4B,Proporción de pernoctaciones de turistas no residentes en los dos meses de máxima ocupación sobre el total de pernoctaciones de turistas no residentes,PT,complete,no,no,no,line,no,,no,no,no,2016,Anual,si,,no,,,,,,,2026-05-15
OCECA,,OCECA.9,,OCECA.9.4.1.5,,,,,,IX,complete,no,no,no,line,no,,no,no,no,2010,Anual,si,,no,,,,,,,2025-09-25
OCECA,,OCECA.9,,OCECA.9.4.1.6,,,,,,IX,complete,no,no,no,line,no,,no,no,no,2010,Anual,si,,no,,,,,,,2025-09-25
OCECA,,OCECA.10,,OCECA.10.2.1.1A,,,,,,PT,complete,no,no,no,line,no,,no,no,no,2010,Anual,si,,no,,,,,,,2025-08-04
